{
  "collision_rate": [
    1.0,
    1.0,
    1.0,
    1.0,
    1.0,
    1.0,
    1.0,
    1.0,
    1.0,
    1.0,
    1.0,
    0.0,
    0.0,
    1.0,
    1.0,
    0.0,
    1.0,
    0.0,
    1.0,
    1.0,
    1.0,
    1.0,
    1.0,
    1.0,
    1.0,
    1.0,
    1.0,
    1.0,
    1.0,
    1.0,
    0.0,
    1.0,
    1.0,
    1.0,
    1.0,
    1.0,
    1.0,
    1.0,
    1.0,
    1.0,
    1.0,
    1.0,
    1.0,
    1.0,
    1.0,
    1.0,
    1.0,
    1.0,
    1.0,
    1.0
  ],
  "collision_rate_mean": 0.9,
  "collision_rate_std": 0.3,
  "similarity": [
    0.3187378248851045,
    0.8518490359871241,
    0.9937301080662162,
    0.37669490098671454,
    0.5986084564974884,
    0.9625731873197145,
    0.9121278861597372,
    0.48691223036686376,
    0.6759470608897701,
    0.646457701901387,
    0.7893032511258946,
    0.2237500742271735,
    0.2816909499800996,
    0.5080810069060664,
    0.615072810303368,
    -0.5976113104723435,
    0.825188008500746,
    -0.6471223504668405,
    0.9543635932073975,
    0.7082903014914949,
    0.6009719208040963,
    0.28969085301235525,
    0.8338227034714639,
    0.9667060540694291,
    0.8808759527814284,
    0.9860877154772636,
    0.8204946048732731,
    0.8206506244106616,
    0.712246260323121,
    0.9937114607811308,
    0.2322647774812088,
    0.6688288426700622,
    0.9996065844385034,
    0.962810323969149,
    0.5393660041053228,
    0.9551091149262719,
    0.8763874853056689,
    0.9873854730433633,
    0.7978205825885931,
    0.9555698443968654,
    0.657760310993975,
    0.6820025983252196,
    0.9942520630704396,
    0.6396842678969105,
    0.8280382877056252,
    0.9478482980315893,
    0.5328064021848236,
    0.43717286852350995,
    0.9635853068639634,
    -0.14085840731751767
  ],
  "similarity_mean": 0.6581468781414189,
  "similarity_std": 0.3654180730357286,
  "waypoint_distance": [
    10.712262677966676,
    4.9152205858816895,
    0.9980452955683925,
    8.023827096716628,
    6.2283250690771,
    1.1075229146150447,
    1.7213552602179951,
    7.735738361844795,
    4.93766522998963,
    4.066314776942933,
    2.6143746384658697,
    10.534898168953251,
    10.542364208215611,
    7.2746375518509865,
    5.9251169033138495,
    31.755485022469813,
    2.8981269109452525,
    31.123691402357537,
    1.1976488921286303,
    5.932476313417057,
    6.1287076805724015,
    1.5955932217420163,
    2.8808064980058634,
    0.9056347942750289,
    4.734424615089407,
    1.357576505122214,
    3.5712598311210364,
    4.801553059976402,
    1.7555845277882143,
    0.6045359362063164,
    9.2496848340426,
    4.977213999595285,
    0.4483581855612294,
    3.0824517741940825,
    2.4409852750308016,
    1.1141728764892322,
    3.0938942304465935,
    2.4126897539723005,
    3.3128525410653715,
    3.242537412887229,
    4.38371762673289,
    7.834199048312315,
    0.5861377150576982,
    8.771014013413822,
    2.9419658338375636,
    3.6283288150510766,
    6.966162254616591,
    19.610706563952874,
    11.489049559314214,
    7.033686097858781
  ],
  "waypoint_distance_mean": 5.904011647245403,
  "waypoint_distance_std": 6.348842329039986,
  "speed": [
    6.91349276736123,
    17.242788469196263,
    1.4089111929382687,
    6.72846725581535,
    6.87082880855529,
    4.954548170473559,
    5.4564529318223105,
    7.368636494912374,
    6.6387640837291855,
    6.838497496059279,
    13.308533444997714,
    6.9348235793966255,
    7.5355548051809595,
    6.813667205564194,
    6.983081428652242,
    7.299760395355221,
    5.96280076235679,
    7.260188815927914,
    4.538595961368992,
    6.693109247014573,
    6.970278117223142,
    6.008758326746242,
    6.19248927065533,
    4.630524477212117,
    5.793093946884231,
    3.575316171060291,
    11.170680994645076,
    19.375152823200843,
    0.9525101492834591,
    3.9478105459997948,
    7.572710958775065,
    6.650818554829675,
    1.5372876010499044,
    4.5450567566850015,
    6.897440057151197,
    4.870206558179234,
    5.991956396675144,
    4.50432354913026,
    6.0536337061476955,
    4.256040214399358,
    6.064889885619901,
    7.171924054275787,
    4.412461494272322,
    5.894393519332498,
    6.149546151166569,
    4.7108133653813296,
    6.911607747736284,
    33.45689924020677,
    11.660381166597043,
    2.6414492677177233
  ],
  "speed_mean": 7.086439167698353,
  "speed_std": 4.978233802125296,
  "total_reward": [
    381.7108705820555,
    -487.1345990706604,
    -257.44247083928224,
    800.566218385974,
    962.7501694872111,
    833.5590547565085,
    386.01309179481495,
    914.6642623578628,
    832.8321407129067,
    945.9331555233222,
    -778.6395838959693,
    602.8094231743363,
    794.4124714591071,
    786.7899971483531,
    953.219833893039,
    -8.314755411762519,
    789.211566105499,
    -9.617945267463314,
    678.5196582861553,
    784.4409592633987,
    971.8923997576973,
    315.13895936727386,
    973.1422199710858,
    623.1579862534961,
    -121.95330177840805,
    -237.23062982499994,
    949.5664620238013,
    -427.9249887341309,
    -1000.0,
    -114.84093968747385,
    705.4936674257674,
    803.709279394004,
    29.41746385466779,
    339.7317426245843,
    934.2794325938339,
    890.4999764296871,
    73.39442352121807,
    336.4788373368074,
    799.9882848748941,
    327.9128702500089,
    688.949681381521,
    356.14352500897957,
    68.61164334398336,
    59.04989283878646,
    946.3654390714815,
    332.3733863604683,
    900.1194063792273,
    -1000.0,
    -488.556819500111,
    -610.0
  ],
  "total_reward_mean": 366.6238763796711,
  "total_reward_std": 561.5956243115367,
  "timesteps": [
    477,
    33,
    174,
    465,
    418,
    188,
    242,
    424,
    354,
    376,
    33,
    512,
    512,
    426,
    401,
    512,
    270,
    512,
    169,
    359,
    411,
    275,
    302,
    144,
    248,
    90,
    167,
    33,
    33,
    100,
    512,
    348,
    33,
    175,
    400,
    207,
    267,
    147,
    291,
    181,
    311,
    316,
    131,
    356,
    300,
    184,
    438,
    33,
    33,
    33
  ],
  "timesteps_mean": 267.12,
  "timesteps_std": 154.82876218584192
}