{
  "collision_rate": [
    1.0,
    1.0,
    1.0,
    1.0,
    1.0,
    1.0,
    1.0,
    1.0,
    1.0,
    1.0,
    1.0,
    1.0,
    1.0,
    1.0,
    1.0,
    0.0,
    1.0,
    1.0,
    1.0,
    1.0,
    1.0,
    1.0,
    1.0,
    1.0,
    1.0,
    1.0,
    1.0,
    1.0,
    1.0,
    1.0,
    1.0,
    1.0,
    1.0,
    1.0,
    1.0,
    1.0,
    1.0,
    1.0,
    1.0,
    1.0,
    1.0,
    1.0,
    1.0,
    1.0,
    1.0,
    1.0,
    1.0,
    1.0,
    1.0,
    1.0
  ],
  "collision_rate_mean": 0.98,
  "collision_rate_std": 0.13999999999999999,
  "similarity": [
    0.8444066263123655,
    0.6760063483759101,
    0.6388904083037827,
    0.9356229696480166,
    0.9321003549967831,
    0.4099801366640563,
    0.7753350384759794,
    0.8223834750490696,
    0.6291562031725888,
    0.9886811476620222,
    0.7970613218218776,
    0.918932625403633,
    0.9755530497406113,
    -0.19935617683217371,
    0.9997517031435819,
    0.05131341887408952,
    0.6018827079454278,
    0.6907842541269181,
    0.824820055070612,
    0.9988238517916185,
    0.9998098672584295,
    0.9000681314053893,
    0.9912310048074422,
    0.7740236383800295,
    0.7862234548697047,
    0.7817577033985433,
    0.9974851799548546,
    0.9366790806157798,
    0.7987865482393585,
    0.7537591880548337,
    0.9963273885115747,
    0.34545503234255265,
    0.9288116424396222,
    0.8212863464094905,
    0.900384602655244,
    0.9316710186245615,
    0.8375291211066187,
    0.9269723041172966,
    0.7454446036323098,
    0.8996004281067388,
    0.9367603647402317,
    0.6778559215603214,
    0.9399484633915899,
    0.9999368967932032,
    0.9369611729896403,
    0.920378270771467,
    0.7778434483425669,
    0.8195538663617066,
    0.9261762613596525,
    0.8097746912979054
  ],
  "similarity_mean": 0.8022125032457086,
  "similarity_std": 0.22992379169158078,
  "waypoint_distance": [
    1.7941327081144003,
    3.689237063611452,
    4.5696859188465675,
    1.4744955208675614,
    1.513091730848035,
    7.214463710744794,
    2.6352867617703586,
    0.8784531855404435,
    4.2122395037207,
    0.6667312471912814,
    2.677864923062523,
    1.5047644638833428,
    0.9316933490956636,
    2.1784229029547992,
    0.5946392822781701,
    12.033555277389082,
    4.754208289481556,
    3.851072673226171,
    2.4678990760257626,
    0.6293747010082456,
    0.8020505495389012,
    1.6863084914838604,
    0.5347674172239554,
    3.0260959700152945,
    2.8802542241826896,
    2.9735299980672396,
    0.6728232942780737,
    1.2947555321211655,
    2.2119941797414593,
    2.665733019392245,
    1.017764877443666,
    1.4248527882822692,
    1.374488402085031,
    2.5683700902389464,
    1.5346298063009793,
    1.324091591133181,
    2.2244593648115756,
    1.4566279874718464,
    2.814225690128519,
    1.7126306168049252,
    1.5243425559898025,
    3.4231185271686417,
    1.5029355728537437,
    2.5395382337169154,
    1.4243490984418141,
    1.401164593473366,
    3.0663244457601166,
    2.2858023381626587,
    1.3710059215137873,
    2.219230388877895
  ],
  "waypoint_distance_mean": 2.3445915571273095,
  "waypoint_distance_std": 1.8727153667556968,
  "speed": [
    5.607495828828182,
    6.52829341951856,
    7.131206182873253,
    5.2909155549556806,
    5.292291935885156,
    7.167967678773497,
    6.27359180194517,
    8.8545355769042,
    6.997943586221808,
    4.807315428503222,
    6.1774326636096895,
    5.305607443301356,
    4.568438571229424,
    22.082291444073928,
    1.33106716340276,
    8.010017823070426,
    7.119683038974523,
    6.526875800054365,
    6.142744983357739,
    2.257162462235237,
    1.7909856588294533,
    5.6088546280037335,
    4.575160574035989,
    6.520830738768329,
    6.244650552764618,
    6.365228696914002,
    1.9814982066754612,
    5.278284123864559,
    6.23220635631355,
    6.339481210592262,
    1.9076167247155635,
    5.972540666085424,
    5.29698416468961,
    6.04914710151083,
    5.451792777185067,
    5.311093472356538,
    6.010738166744498,
    5.3283582733733565,
    6.487326720104793,
    5.621750167601485,
    5.624561773866964,
    6.605689993088795,
    5.3067194850134545,
    0.9919680325978832,
    5.256399787394833,
    5.416095127604389,
    6.3425803642610425,
    6.171628057809182,
    5.314189966682908,
    6.137182063509674
  ],
  "speed_mean": 5.820288440413528,
  "speed_std": 2.8261726207860773,
  "total_reward": [
    706.5422746985436,
    629.7324332111934,
    811.4614842419545,
    621.938405003301,
    605.6014325812106,
    671.314842009915,
    683.6287332069768,
    -532.9649304875619,
    734.8066590523404,
    43.312199006362675,
    652.9949282907411,
    575.8831981731662,
    -16.55546852931417,
    -1000.0,
    -6.733967883918937,
    746.2694265591973,
    676.5533136714064,
    614.9795802419547,
    688.9159090365539,
    -397.85004684368266,
    -941.9796802995473,
    680.882301414791,
    5.052005811508934,
    675.5019033604949,
    590.657630379718,
    630.415780450606,
    43.88163810031292,
    654.4918292819629,
    688.1005004216391,
    677.2811757079716,
    51.43693056622722,
    217.73944388867343,
    605.3704502935541,
    633.1927335168308,
    595.7784064617426,
    628.7422696564654,
    679.4813346342637,
    589.1738982371087,
    725.0019582660336,
    660.6596813093898,
    725.0769642253738,
    699.5669014973145,
    626.460211738627,
    -489.4731193817185,
    637.31329327218,
    626.6861005956156,
    630.462052572042,
    682.8861528859662,
    601.8462311122006,
    695.4854624656139
  ],
  "total_reward_mean": 440.7400569536661,
  "total_reward_std": 436.6616516573327,
  "timesteps": [
    226,
    248,
    303,
    155,
    153,
    362,
    219,
    33,
    280,
    116,
    215,
    148,
    111,
    33,
    33,
    512,
    281,
    245,
    207,
    47,
    33,
    177,
    113,
    227,
    205,
    218,
    33,
    159,
    203,
    217,
    33,
    208,
    148,
    201,
    156,
    153,
    201,
    145,
    231,
    173,
    168,
    254,
    153,
    33,
    159,
    154,
    219,
    201,
    147,
    205
  ],
  "timesteps_mean": 177.08,
  "timesteps_std": 89.77813542282998
}