{
  "collision_rate": [
    1.0,
    1.0,
    1.0,
    1.0,
    1.0,
    1.0,
    1.0,
    1.0,
    1.0,
    1.0,
    1.0,
    1.0,
    1.0,
    1.0,
    1.0,
    1.0,
    1.0,
    1.0,
    1.0,
    1.0,
    1.0,
    1.0,
    1.0,
    1.0,
    1.0,
    1.0,
    1.0,
    1.0,
    1.0,
    1.0,
    1.0,
    1.0,
    1.0,
    1.0,
    1.0,
    1.0,
    1.0,
    1.0,
    1.0,
    1.0,
    1.0,
    1.0,
    1.0,
    1.0,
    1.0,
    1.0,
    1.0,
    1.0,
    1.0,
    1.0
  ],
  "collision_rate_mean": 1.0,
  "collision_rate_std": 0.0,
  "similarity": [
    0.8434859475968145,
    0.8324969906821598,
    0.44189689423895845,
    0.10473457771818831,
    0.909429708577925,
    0.8330724211814936,
    0.7869344783478223,
    0.8606481202685162,
    0.8114027786642496,
    0.9862479356031925,
    0.7015781213188277,
    0.9743475790728643,
    0.8374354428211259,
    0.9359516950540583,
    0.28364226045377533,
    0.8446187584599871,
    0.7386116861033416,
    0.9998365213436882,
    0.850866523883185,
    0.9154517759726152,
    0.9994423866511001,
    0.8760530594965042,
    0.8889483711173505,
    0.24859145454219825,
    0.8683387007054282,
    0.9999661108244466,
    0.999437465140623,
    0.9300531732817092,
    0.9393350579356369,
    0.8346831600284537,
    0.7216810005749497,
    0.9751476634550001,
    0.9374729807858105,
    0.879206817845981,
    0.8449460076216736,
    0.5692021922366672,
    0.9137485261343746,
    0.9622115764581108,
    0.998092285851685,
    0.5868841102754595,
    0.9763176131126572,
    0.9253117123144853,
    0.928097688146277,
    0.6804426280357302,
    0.7485298722129332,
    0.8357859949051195,
    0.866257698789912,
    0.8185266704185009,
    0.7093105583711181,
    0.9618332881831876
  ],
  "similarity_mean": 0.8183309208563173,
  "similarity_std": 0.19385344643244615,
  "waypoint_distance": [
    3.036745959463496,
    2.570082717284765,
    1.13081621823146,
    4.164932507822607,
    1.4701839822546299,
    2.7314681509633547,
    3.287611038775383,
    2.463196890755657,
    3.2264209928018626,
    1.069542269061514,
    3.9536631741869455,
    1.440345428622096,
    2.5539175158188705,
    0.9023331415750351,
    9.12640273860486,
    2.424254730041841,
    3.4383868047792365,
    0.3183598017778623,
    2.6599074382283368,
    1.8194181315386992,
    0.8857231773615398,
    2.4845084081756577,
    1.9910207834021483,
    1.8676307950720068,
    1.9329039237794254,
    1.2262510614364968,
    1.2346390948098325,
    1.455167578757341,
    1.575539978984089,
    2.401655518271393,
    2.345226843265803,
    1.4387473264866895,
    1.3699733594999466,
    2.425372249868915,
    2.8724713951737093,
    5.80189119733403,
    1.8603169555728356,
    0.9250661171573028,
    1.250504726034743,
    5.71225417235418,
    1.4334221046950921,
    1.5046082352918764,
    1.5289631682058142,
    4.14328499709606,
    3.6381357770803606,
    2.5772836434100035,
    2.5200345195541787,
    2.4872209395715354,
    3.9274104915399084,
    0.9943370053002467
  ],
  "waypoint_distance_mean": 2.4319911035426336,
  "waypoint_distance_std": 1.5049325403233127,
  "speed": [
    5.997572150401706,
    6.477780085588836,
    6.064005022760772,
    7.287402282171189,
    6.2489596450063924,
    6.58903766978047,
    6.910676262953009,
    6.513300689533442,
    6.710557088063203,
    1.6257359686290276,
    7.085059038148846,
    1.7079153437958978,
    6.507957014798608,
    1.8307110818299153,
    7.187095532493544,
    6.547475732032189,
    7.005190616965772,
    1.7489941938962905,
    6.5795913881699475,
    6.5646955529488125,
    0.05163248324475353,
    6.57130391007828,
    6.31683602080134,
    6.456891130015765,
    6.380691454042681,
    1.7735528105992697,
    1.8734850419909699,
    6.064049852384147,
    5.993140973385349,
    6.643034349068044,
    2.5999941555767503,
    1.5822812525938454,
    5.9804548639547885,
    6.561298171448961,
    6.469482755904007,
    7.320392601136735,
    6.259037429273907,
    5.784180401181526,
    2.012361887534416,
    7.364334507462888,
    1.5137996953755926,
    6.134349490464793,
    6.18086213817982,
    6.847018088106336,
    6.946685016257068,
    6.729317098174476,
    6.383734073526808,
    6.656214407832568,
    7.028389323204288,
    5.8858189358861095
  ],
  "speed_mean": 5.471086733573084,
  "speed_std": 2.07076574350299,
  "total_reward": [
    635.7958341127213,
    666.4901850266475,
    199.456441432272,
    123.22861501219654,
    274.2354927406193,
    687.7826770497245,
    830.3828614175633,
    737.1302106389344,
    655.8724262892316,
    -1000.0,
    805.2133040705457,
    -455.90026351793574,
    758.7406470312258,
    45.71361810325119,
    761.6411124896067,
    711.4293175219658,
    745.7046614373673,
    46.89915943631192,
    701.9885309041956,
    373.75538883093805,
    -1000.0,
    688.1346490567969,
    639.5949124111644,
    209.31469974645546,
    163.02065140001025,
    -442.46006116039507,
    -439.1938103425414,
    709.9540973513976,
    654.4847075737239,
    773.0949071656052,
    -967.1565495294855,
    -449.71073832849197,
    684.575409903737,
    675.3807861026144,
    603.1751850079522,
    679.6823689973635,
    208.73131219794016,
    233.7039059794222,
    -1000.0,
    724.7410959415528,
    -451.8234810121851,
    694.4711010312568,
    689.4643565578587,
    743.5277796265609,
    886.24906846934,
    853.8260311573316,
    605.3578412876806,
    756.9136594086729,
    725.1728584524194,
    235.12840560612108
  ],
  "total_reward_mean": 347.85830740174526,
  "total_reward_std": 546.0479503193471,
  "timesteps": [
    239,
    200,
    154,
    313,
    167,
    204,
    252,
    202,
    215,
    33,
    271,
    33,
    212,
    33,
    436,
    201,
    241,
    33,
    203,
    198,
    33,
    187,
    167,
    181,
    172,
    33,
    33,
    156,
    149,
    209,
    33,
    33,
    151,
    185,
    191,
    306,
    168,
    139,
    33,
    312,
    33,
    158,
    155,
    270,
    275,
    226,
    180,
    208,
    255,
    139
  ],
  "timesteps_mean": 172.2,
  "timesteps_std": 90.73147193780117
}