{
  "collision_rate": [
    1.0,
    1.0,
    0.0,
    1.0,
    1.0,
    1.0,
    1.0,
    0.0,
    1.0,
    1.0,
    1.0,
    1.0,
    1.0,
    1.0,
    1.0,
    1.0,
    1.0,
    1.0,
    1.0,
    1.0,
    1.0,
    1.0,
    1.0,
    1.0,
    1.0,
    1.0,
    1.0,
    1.0,
    1.0,
    1.0,
    0.0,
    1.0,
    1.0,
    1.0,
    1.0,
    1.0,
    0.0,
    1.0,
    1.0,
    1.0,
    1.0,
    1.0,
    0.0,
    1.0,
    0.0,
    1.0,
    1.0,
    1.0,
    1.0,
    1.0
  ],
  "collision_rate_mean": 0.88,
  "collision_rate_std": 0.3249615361854384,
  "similarity": [
    0.9925596095766015,
    0.9929079872467089,
    0.1282355572653614,
    0.6601546469410411,
    -0.0331207411740179,
    0.9388284535366469,
    -0.9821351080049094,
    0.12831488334686877,
    0.9858429703005651,
    0.26644711795414544,
    0.9999301354278116,
    0.7684302184326695,
    0.9960610776803875,
    0.8310782010232013,
    0.599995113762498,
    0.9140439038538677,
    0.9839707868966996,
    0.9374398436955961,
    0.0018336314645417944,
    0.7519093047026717,
    0.8841339596356347,
    0.9360062799609559,
    0.9996409286867713,
    0.9159792086384302,
    0.9523007117052664,
    0.9154018404536769,
    0.9977669982796744,
    0.9896554983056234,
    0.9946435123285777,
    0.9930511913038204,
    0.7220244891009824,
    0.992940901308239,
    0.9822267900030776,
    0.7421974326951096,
    0.801190333162913,
    0.9957133418779626,
    0.17085228633862004,
    0.9108541073944275,
    0.9303692679422072,
    0.6464534939766985,
    0.9673533061202143,
    0.9926961135400916,
    0.1235847218054855,
    0.9925176535573212,
    0.1258961009591671,
    0.9246679235491008,
    0.8739719601877076,
    0.8109198364604902,
    0.8861634593461711,
    0.9997065054062151
  ],
  "similarity_mean": 0.7406721549591918,
  "similarity_std": 0.394194091571015,
  "waypoint_distance": [
    0.36397748652471673,
    0.5737692492941521,
    11.008265891285975,
    3.7549945416622776,
    5.418300876086658,
    3.027244594608072,
    3.831746459512137,
    11.007901297628099,
    0.6686286003574246,
    15.63960971068397,
    0.16599018711442998,
    3.420272477441393,
    0.4470985451408075,
    3.540293034152101,
    5.337036819486464,
    1.5549128718611678,
    0.6315970519626463,
    1.3214960172587416,
    7.31142140735886,
    1.035020895820113,
    2.033778585646494,
    1.3397751533725561,
    0.3439158549414686,
    1.6295445016976675,
    0.9144379999301208,
    1.1183650542332229,
    0.50696064856458,
    1.2643569249626785,
    1.2898892212781168,
    0.6452544985680625,
    6.988038535138828,
    0.5780797919539095,
    0.24571050333686129,
    3.7522159488419278,
    3.0086755729643304,
    0.6885358092087718,
    10.484900112416272,
    1.6689662445822255,
    1.440914123094737,
    11.607375206522317,
    2.0344335913668523,
    0.552285749501418,
    11.05450462394352,
    0.6105838085279822,
    11.006903976047814,
    1.468576961773968,
    2.000477137224507,
    3.3530625043929443,
    3.47810182475224,
    0.5790745681915522
  ],
  "waypoint_distance_mean": 3.3549454610443625,
  "waypoint_distance_std": 3.7934393807834184,
  "speed": [
    3.0662623364358232,
    3.707700364723895,
    7.520734218053707,
    6.6124015239447855,
    19.350197753325975,
    13.388212111964688,
    4.353460142171084,
    7.554787336935791,
    4.192907664668262,
    18.486486164959935,
    0.931785962780312,
    6.900180508114421,
    1.7256961247654492,
    10.874663612489995,
    6.868972067960322,
    5.9057717850889455,
    3.7721525284393533,
    5.49733805117593,
    15.273979572143087,
    0.9588662995826551,
    6.060610276727091,
    5.588510767982048,
    1.1642521138179875,
    5.806262845554704,
    2.7960956014999514,
    6.81459826364763,
    3.2225158808841767,
    0.9953252894181793,
    0.054509367561174374,
    3.9815033528555905,
    5.698244035726647,
    3.729611199222653,
    0.7859405992251998,
    6.64744333532158,
    6.597503856298326,
    1.82678943987468,
    7.208552003369793,
    5.785954585862312,
    5.541085355464284,
    36.6460477210081,
    10.784814730076649,
    3.7008760606333126,
    7.550583390764604,
    3.821074657599386,
    7.419973681538994,
    5.621452172007905,
    5.690004656407436,
    10.784653322389296,
    9.8167892043177,
    1.5740560391051934
  ],
  "speed_mean": 6.613163798717741,
  "speed_std": 5.955949026564557,
  "total_reward": [
    -67.94184056412843,
    -183.8198937141641,
    789.160767843743,
    650.3738870913437,
    -1000.0,
    -374.7076524112098,
    -624.5599641972645,
    803.4296389705945,
    -87.65967193247616,
    -1000.0,
    20.040939213978664,
    812.0265333125894,
    -164.8359431905352,
    -574.1138861880761,
    793.3923209202843,
    850.7839763826854,
    -196.5495739307259,
    727.6420086212871,
    -1000.0,
    -1000.0,
    796.540460120025,
    723.0157944203665,
    27.400443769947685,
    782.6662011402223,
    636.6865676971067,
    992.8507729524069,
    -268.4718727645377,
    -493.37412543062,
    -1000.0,
    -151.99290841075742,
    1260.4172566236032,
    -170.7547785517624,
    -1000.0,
    804.5849561197024,
    711.5839824772693,
    -1000.0,
    805.2773014491676,
    752.8343531952623,
    714.4730497258616,
    -487.0157293344307,
    128.71262324941276,
    -177.2046314048128,
    792.8081712229525,
    -177.7857945042786,
    781.9457827265628,
    734.0092201245817,
    687.9699388933868,
    -1000.0,
    -1000.0,
    40.46875304377946
  ],
  "total_reward_mean": 88.4061486955669,
  "total_reward_std": 698.3259200358534,
  "timesteps": [
    145,
    88,
    512,
    259,
    33,
    33,
    114,
    512,
    102,
    33,
    33,
    271,
    197,
    33,
    337,
    205,
    84,
    168,
    33,
    33,
    215,
    165,
    33,
    194,
    277,
    264,
    74,
    33,
    33,
    90,
    512,
    91,
    33,
    285,
    236,
    33,
    512,
    189,
    171,
    33,
    33,
    90,
    512,
    87,
    512,
    176,
    200,
    33,
    33,
    33
  ],
  "timesteps_mean": 168.14,
  "timesteps_std": 152.84593681220315
}