{
  "collision_rate": [
    1.0,
    0.0,
    1.0,
    1.0,
    1.0,
    1.0,
    1.0,
    0.0,
    1.0,
    1.0,
    1.0,
    1.0,
    1.0,
    1.0,
    1.0,
    1.0,
    1.0,
    1.0,
    1.0,
    0.0,
    1.0,
    1.0,
    1.0,
    1.0,
    1.0,
    1.0,
    1.0,
    1.0,
    1.0,
    1.0,
    1.0,
    1.0,
    1.0,
    1.0,
    1.0,
    1.0,
    1.0,
    1.0,
    1.0,
    1.0,
    1.0,
    1.0,
    0.0,
    1.0,
    1.0,
    1.0,
    1.0,
    1.0,
    1.0,
    1.0
  ],
  "collision_rate_mean": 0.92,
  "collision_rate_std": 0.2712931993250107,
  "similarity": [
    0.9440192138436175,
    0.8962580642016253,
    0.7777626847476916,
    0.9239130054832383,
    0.5889997899740654,
    0.8196092264117019,
    0.9424208844201554,
    0.89289933255107,
    0.9352292238619674,
    0.667158823446187,
    0.9995819658048093,
    0.9082666174864702,
    0.874925118049138,
    0.925860832700687,
    0.8711366206179435,
    0.6662800973441014,
    0.9068075432924825,
    0.9111211930189679,
    0.9595735288386148,
    0.32908094843899954,
    0.9101021856193391,
    0.9358895861700481,
    0.8132361921568056,
    0.6744252804074043,
    0.7154426970534753,
    0.9285725636694061,
    0.9296899633485187,
    0.8082416119226545,
    0.9479682443804732,
    0.3607783869946864,
    0.5660495698534882,
    0.8706083602833712,
    0.9507719619118135,
    0.6392741764714528,
    0.9392692356069362,
    0.002312117425905784,
    0.9391683932922932,
    0.808567301933553,
    0.9532385499206084,
    0.7588412329607281,
    0.9350353048364066,
    0.9417415172267005,
    0.2767168753856016,
    0.9032333390463417,
    0.9404512165010934,
    0.8699689364171276,
    0.8944772282221483,
    0.924699140165662,
    0.5863690799703883,
    0.9512192492569718
  ],
  "similarity_mean": 0.8083452842588987,
  "similarity_std": 0.20346925621831183,
  "waypoint_distance": [
    1.0460995367347508,
    5.896810224116507,
    3.514335879754916,
    1.578777397420461,
    5.935244413517647,
    3.006254460989902,
    1.3870476531055285,
    6.013546578506711,
    1.3835140592108048,
    13.499631322847103,
    0.3423220382620081,
    1.753826762879633,
    2.0959486366204114,
    1.5125934296276955,
    2.1806360961961735,
    5.095549904855775,
    1.7658408872758917,
    1.5108102562113515,
    1.2852984967684244,
    9.57512324823003,
    1.6917500213828023,
    1.3719420847417736,
    3.0548915035500372,
    5.2797232879936935,
    7.781739444605428,
    1.260757936235465,
    1.4322783186888373,
    2.2588580851740536,
    2.8319697633432,
    9.256483132586004,
    6.440081605229147,
    2.2287024767088144,
    1.2364186281454324,
    5.400697127510537,
    1.3694185003027932,
    12.423493570094195,
    1.3445894753635994,
    4.7657596783994345,
    1.1830879115137882,
    3.76222182953186,
    1.3795187713356232,
    1.2332454922421316,
    9.690431724418321,
    1.76514572394116,
    1.3018511993433726,
    2.215406866002322,
    1.9590636738387905,
    1.528004851342365,
    4.519531923200166,
    1.3124894892560452
  ],
  "waypoint_distance_mean": 3.4731753075830585,
  "waypoint_distance_std": 3.056633517599383,
  "speed": [
    3.873359688707977,
    6.6509837892519,
    5.946724721234401,
    5.594428735803878,
    6.896639136032408,
    5.917226251268914,
    4.917313744634427,
    6.6679094721357055,
    5.147135965755737,
    7.060674007728338,
    1.314913583281697,
    5.690334478914995,
    5.357081236339774,
    5.327510828202697,
    5.313306877271265,
    6.452509924454947,
    5.687353385200977,
    5.183738131308168,
    6.018376004305469,
    7.079648533713153,
    5.363134000335645,
    5.154900703623144,
    5.752516221819213,
    6.272122742353283,
    7.137509542285345,
    3.60074462412197,
    5.176225495338208,
    5.060498367294952,
    7.116426874649392,
    7.083437664100624,
    5.811955283348415,
    5.598665395012386,
    5.080563064878973,
    6.477542182154845,
    5.163491888891074,
    5.216089789089049,
    5.09951670418414,
    6.4621084709213505,
    5.08515770496381,
    6.0064188048275335,
    4.965606536772227,
    3.524377276740592,
    7.1110087094605055,
    5.399101149142398,
    4.189187246447317,
    5.618754862640546,
    5.464628447942925,
    5.2359204314541925,
    6.996659641071482,
    5.063152297066565
  ],
  "speed_mean": 5.587691812369578,
  "speed_std": 1.0780126783043082,
  "total_reward": [
    716.2473555961241,
    1331.8903406425288,
    803.2144350653131,
    894.7072949471376,
    813.2561719643811,
    852.3849833772994,
    698.8411114241107,
    1318.7982288164474,
    754.2659019826302,
    32.72508665358716,
    32.33560832255548,
    823.6847052049227,
    746.2888231096543,
    814.3368066998986,
    751.2234219852292,
    846.0257119209979,
    818.3711927904951,
    738.2854538860488,
    1294.8630675960603,
    794.8623904040315,
    758.6470157531163,
    756.9678595457725,
    800.0174485706436,
    778.5658087438417,
    1017.5766046560543,
    640.6322501847385,
    782.1318753821288,
    638.6478288635818,
    1507.6677045464703,
    815.4790419333085,
    780.0034993261245,
    812.9108978701032,
    767.6307546545511,
    817.3641852324467,
    778.6613194223456,
    -10.384542618693205,
    755.2398379859508,
    825.5062575849032,
    800.5568975411759,
    819.207846329152,
    704.4215482582281,
    632.4735739182765,
    794.9657746144248,
    764.0629984048869,
    700.5919506393366,
    815.3955938357923,
    770.7523996093879,
    756.1120582964943,
    1512.2948201597014,
    776.9780016279501
  ],
  "total_reward_mean": 794.9537440652329,
  "total_reward_std": 277.23023364303367,
  "timesteps": [
    236,
    512,
    301,
    221,
    380,
    286,
    179,
    512,
    189,
    440,
    33,
    212,
    225,
    208,
    235,
    374,
    212,
    196,
    267,
    512,
    204,
    189,
    286,
    362,
    498,
    235,
    201,
    221,
    457,
    501,
    424,
    247,
    181,
    376,
    194,
    205,
    188,
    366,
    189,
    314,
    183,
    237,
    512,
    210,
    210,
    244,
    219,
    196,
    444,
    189
  ],
  "timesteps_mean": 284.24,
  "timesteps_std": 116.5033149742959
}