{
  "collision_rate": [
    1.0,
    0.0,
    1.0,
    1.0,
    1.0,
    1.0,
    1.0,
    0.0,
    1.0,
    1.0,
    1.0,
    1.0,
    1.0,
    1.0,
    1.0,
    1.0,
    1.0,
    1.0,
    1.0,
    1.0,
    1.0,
    1.0,
    1.0,
    1.0,
    1.0,
    1.0,
    1.0,
    1.0,
    1.0,
    0.0,
    1.0,
    1.0,
    1.0,
    1.0,
    1.0,
    1.0,
    1.0,
    1.0,
    1.0,
    1.0,
    1.0,
    1.0,
    1.0,
    1.0,
    1.0,
    1.0,
    1.0,
    1.0,
    1.0,
    1.0
  ],
  "collision_rate_mean": 0.94,
  "collision_rate_std": 0.2374868417407584,
  "similarity": [
    0.5849259784640373,
    0.4068603965543207,
    0.9798382137797105,
    0.19406218069642664,
    0.7505479536844115,
    0.9067009295071612,
    0.6237357175333469,
    0.45881393720277086,
    0.8869848186188581,
    0.43423108370643454,
    0.8211827538741855,
    0.8905929060268126,
    0.7982949621995112,
    0.6109957729140361,
    0.7888034928473286,
    0.9278840797087091,
    0.7214333766057116,
    0.9615353807392362,
    0.3771046149152381,
    0.3779235193762238,
    0.5608572479437264,
    0.7439884069236304,
    0.7117837076478266,
    0.7030800953641804,
    0.5460549066156828,
    0.8586143587418497,
    0.8445074195131488,
    0.9488089460422638,
    0.8680702952706351,
    0.3136834459547416,
    0.9426942379938538,
    0.9533633771408462,
    0.8605075869691149,
    0.632550857467816,
    0.7931194315082236,
    0.882952969404755,
    0.8382809212602539,
    0.7329518137147906,
    0.666881535057429,
    0.4208273802500588,
    0.7468110981107999,
    0.7114899393225729,
    0.8142602062677181,
    0.680515324536629,
    -0.020436925172662962,
    0.5326577095104348,
    0.8782793924391105,
    0.7990920625861152,
    0.8684015997026721,
    0.8469522816414012
  ],
  "similarity_mean": 0.7036810739736817,
  "similarity_std": 0.21599187284686278,
  "waypoint_distance": [
    4.832830543690627,
    5.821791347459522,
    4.790187243485321,
    10.289486212516026,
    3.7934684390873805,
    2.1215157840622405,
    4.710729514734908,
    5.048073427716577,
    2.4043766055508393,
    4.817509095468777,
    2.949640826327414,
    2.3522304816640407,
    2.2585613014881156,
    18.897614187120105,
    3.680557212376237,
    1.653105826391318,
    3.785933031089163,
    1.0749930135091792,
    9.616683329549568,
    9.593558452974785,
    5.810234855166247,
    3.5159119751353214,
    4.2876750721099475,
    3.971981381934198,
    7.2628952824719,
    2.1544618400336812,
    1.932329209814154,
    1.4783496003006997,
    2.501999517106796,
    6.3570177705981346,
    1.3160771370929814,
    2.971132772973644,
    2.4423465518722205,
    4.8744735382919195,
    3.3265962583566036,
    2.6005693562266807,
    6.217835076924549,
    3.9659345142964613,
    4.441259245435411,
    8.898656731016315,
    3.7721259186079372,
    5.444374604559703,
    2.277480656692975,
    5.6963871113661755,
    6.6247152255409985,
    7.525811737360849,
    2.571721361231028,
    3.62057831720168,
    2.9629725581765176,
    2.172532808439092
  ],
  "waypoint_distance_mean": 4.54978567725194,
  "waypoint_distance_std": 3.020816721704378,
  "speed": [
    7.100819030032989,
    7.6787838483425634,
    6.053754313511629,
    7.576990660423941,
    6.801096525907641,
    5.834701226738106,
    7.188365331047122,
    7.2899318724584665,
    5.828528289342443,
    7.6027737803016535,
    6.411730981419504,
    5.961189866188042,
    6.6081284732363645,
    6.842084800429418,
    6.633697620611639,
    5.65381268200901,
    6.913009033335962,
    5.438026174588224,
    7.5708660977045055,
    7.520718041586253,
    7.322542702956698,
    7.179033913588841,
    6.894291963340076,
    7.109443044871021,
    7.269836333784046,
    6.784440143786187,
    6.348153808669345,
    6.153952026480873,
    6.334044992911207,
    7.700430623997543,
    5.552443841632499,
    6.091973074301563,
    6.580990812210355,
    7.173624296300098,
    7.088141399716186,
    6.662730819409661,
    6.1190138335862505,
    7.041917354286547,
    7.178233325382355,
    7.430429947421906,
    6.869187578808625,
    6.965417858902313,
    6.364449493745525,
    6.846623862098145,
    7.112942578892417,
    7.547495144740769,
    6.543924632573306,
    6.7250486914077445,
    6.722744851952585,
    6.752686124414626
  ],
  "speed_mean": 6.779503954507696,
  "speed_std": 0.5812186741718106,
  "total_reward": [
    885.4008915293194,
    1109.22044925739,
    157.2794368604049,
    785.7675173513701,
    824.5327512792021,
    809.6748167721878,
    844.303340561501,
    449.1162237203501,
    701.9025639569079,
    878.4083114999858,
    801.1434808601724,
    811.3561782113024,
    1010.1945689081451,
    4.267328557642605,
    533.2333205456132,
    759.5576099168434,
    874.650076513878,
    717.8830661128218,
    887.8236894997046,
    802.016523334661,
    716.1641455258346,
    976.8355063457316,
    638.0255188698467,
    873.7931424221097,
    1017.8532922159079,
    1188.775381038951,
    1092.4854897161263,
    850.3377160540027,
    762.5139385560523,
    1249.0846521560868,
    684.1917758440218,
    -79.2578319759146,
    852.1090451516327,
    800.0736619525838,
    959.7192128393287,
    892.7623524532041,
    372.3158555145945,
    836.4298907453011,
    830.1122041396868,
    1068.8911629649765,
    799.852315146063,
    793.4924652891053,
    1073.96170506755,
    871.2406516308996,
    214.74358593854174,
    1038.9183646173642,
    843.8409513375493,
    624.3070644386278,
    881.3820457836822,
    1143.0858978595252
  ],
  "total_reward_mean": 790.3154660977676,
  "total_reward_std": 272.06010977839804,
  "timesteps": [
    442,
    512,
    166,
    496,
    335,
    219,
    381,
    512,
    217,
    471,
    292,
    237,
    298,
    317,
    292,
    191,
    347,
    151,
    493,
    476,
    412,
    369,
    337,
    353,
    468,
    283,
    260,
    185,
    246,
    512,
    156,
    178,
    256,
    388,
    350,
    246,
    292,
    346,
    368,
    512,
    318,
    339,
    281,
    385,
    451,
    451,
    240,
    306,
    301,
    277
  ],
  "timesteps_mean": 334.22,
  "timesteps_std": 104.07695037807362
}