{
  "collision_rate": [
    1.0,
    0.0,
    1.0,
    0.0,
    1.0,
    1.0,
    1.0,
    1.0,
    1.0,
    0.0,
    1.0,
    1.0,
    1.0,
    1.0,
    1.0,
    1.0,
    1.0,
    1.0,
    1.0,
    1.0,
    1.0,
    1.0,
    1.0,
    1.0,
    1.0,
    1.0,
    1.0,
    1.0,
    1.0,
    0.0,
    1.0,
    0.0,
    1.0,
    1.0,
    1.0,
    1.0,
    1.0,
    1.0,
    1.0,
    0.0,
    1.0,
    1.0,
    1.0,
    1.0,
    1.0,
    1.0,
    1.0,
    1.0,
    1.0,
    1.0
  ],
  "collision_rate_mean": 0.88,
  "collision_rate_std": 0.3249615361854384,
  "similarity": [
    0.3982973885914309,
    0.19264819559647994,
    0.9694089188642061,
    0.10135233102385813,
    0.687337221732272,
    0.9089368763767088,
    0.627800016503322,
    0.6747245338804648,
    0.8975493047679355,
    0.14900083853936538,
    0.7869037063524879,
    0.8675238818938831,
    0.7458134519301282,
    0.6422083456199484,
    0.774546051412624,
    0.9259354295902182,
    0.6535465025064505,
    0.9672178201099128,
    0.38242764242837096,
    0.3915897090650083,
    0.3361197504749685,
    0.6546631445967631,
    0.7434263973583295,
    0.6109211490016198,
    0.5993330401630927,
    0.8173867578014651,
    0.8279644214103068,
    0.9263216326090482,
    0.8418234147040513,
    0.07224285096934806,
    0.9365570055895803,
    0.17003901672214375,
    0.8401105742851274,
    0.4613896119836722,
    0.7072457146100396,
    0.8747307800971621,
    0.7851294376929022,
    0.6489917892622569,
    0.5631830901296458,
    0.214185109328175,
    0.6954570673794571,
    0.6484004359455083,
    0.8178312132637147,
    0.9591589485513404,
    0.23112862733701775,
    0.3757425349228579,
    0.8666447735894314,
    0.7746513691039937,
    0.8304317105802587,
    0.7982544898225816
  ],
  "similarity_mean": 0.6474846805214187,
  "similarity_std": 0.254096208138252,
  "waypoint_distance": [
    6.201162013671579,
    7.093950324002928,
    4.817438673967562,
    10.609893874953896,
    3.7933316176586995,
    1.7827285324387074,
    4.024879526582993,
    5.132048037289463,
    2.049617227835483,
    8.041480370270788,
    3.1110017654295543,
    2.1296072599553666,
    2.8687835871278726,
    17.132917537603706,
    3.573074671284454,
    1.3125849160619962,
    3.860684351613189,
    0.9544725916970874,
    7.685083302261714,
    7.543006250784598,
    7.087724942558151,
    3.924486403260779,
    3.4913365416578777,
    4.17668329120564,
    5.270164655983001,
    2.0409442252435173,
    1.726783039833901,
    1.3887200753120619,
    2.7510357456331103,
    7.0810654917783875,
    1.3228261965611692,
    7.358442198853378,
    2.4309840999886947,
    5.720913649589051,
    3.6856665640844555,
    2.2426324409303358,
    5.926034760820595,
    4.148347167965781,
    4.746470396669116,
    10.170760315605033,
    3.7065156961120316,
    4.875863989239245,
    2.0145791452989403,
    1.0540338961119802,
    5.720765251686326,
    7.921486628861148,
    2.2635327185089302,
    3.7480168671423177,
    3.358135591250364,
    2.0694423881863506
  ],
  "waypoint_distance_mean": 4.542842816168466,
  "waypoint_distance_std": 2.9599661625322717,
  "speed": [
    6.64115437287689,
    7.333246313562946,
    5.768522857852295,
    7.312996971259487,
    7.029261088779043,
    5.7773968468842645,
    7.161263029001006,
    6.241899665589121,
    5.813699250598019,
    7.221999946404818,
    6.475831524957872,
    5.58307892577271,
    6.767021557020826,
    6.915837058684331,
    6.960813088795044,
    4.931569888395606,
    7.092613482262369,
    5.238457435042963,
    7.072572810575858,
    7.156918451559438,
    7.0702268718922205,
    7.067094739274768,
    7.008635586785677,
    7.173181951864751,
    6.760311070518756,
    6.743890712814242,
    6.199597220861639,
    5.520665804526398,
    6.128636572218277,
    7.139028576072945,
    5.186035489230092,
    7.346962197622314,
    6.497482172350697,
    7.1701444262317375,
    7.134099278153871,
    6.5588219463120465,
    6.267982902723123,
    7.1042276737387935,
    7.200718230638042,
    6.976743025992022,
    6.967860138024922,
    7.192592207359469,
    6.576812065092812,
    4.984474656227189,
    6.723231869262859,
    7.058579306680252,
    6.338283744069413,
    6.773344282256117,
    6.561188025783749,
    6.698725618681736
  ],
  "speed_mean": 6.612514658582716,
  "speed_std": 0.6490005651425539,
  "total_reward": [
    745.4084361278534,
    652.3660898866767,
    157.7976358005926,
    807.1031365684203,
    604.3629217571647,
    882.647484883937,
    679.5422499169706,
    -140.21954593776275,
    868.7474587359368,
    704.2538262662868,
    544.8486319812712,
    711.6837434853364,
    572.9728368662165,
    6.501251252763286,
    572.1051197646856,
    153.99870847418595,
    752.0062611011427,
    786.6380875264289,
    763.4698721952035,
    764.7062502827199,
    505.6307320174011,
    785.3982823715696,
    182.12236434375848,
    683.1851567188331,
    860.2215176396658,
    978.6637156852681,
    921.759094323774,
    707.6322404773166,
    502.10531832667846,
    964.3428105818758,
    710.2738099241554,
    622.681376385186,
    717.9372641749985,
    509.86281349018077,
    718.34033913556,
    896.9598566953714,
    359.89975402361415,
    627.5131195324689,
    807.3120242718535,
    861.7090249544199,
    688.7707272036164,
    925.7440330667378,
    988.7691509976028,
    660.9321607034957,
    242.51136014579262,
    849.129039011261,
    805.1743189953339,
    420.76725237655006,
    459.47126416105317,
    926.5949850110327
  ],
  "total_reward_mean": 649.6471072736491,
  "total_reward_std": 252.81544379773132,
  "timesteps": [
    459,
    512,
    178,
    512,
    300,
    225,
    311,
    269,
    233,
    512,
    261,
    220,
    264,
    281,
    286,
    166,
    316,
    165,
    403,
    398,
    425,
    325,
    296,
    318,
    360,
    258,
    231,
    171,
    224,
    512,
    170,
    512,
    235,
    366,
    309,
    240,
    267,
    316,
    368,
    512,
    297,
    333,
    261,
    148,
    433,
    423,
    227,
    255,
    246,
    249
  ],
  "timesteps_mean": 311.16,
  "timesteps_std": 103.62400494094021
}