{
  "collision_rate": [
    1.0,
    1.0,
    1.0,
    1.0,
    1.0,
    1.0,
    1.0,
    1.0,
    1.0,
    1.0,
    1.0,
    1.0,
    1.0,
    1.0,
    1.0,
    1.0,
    1.0,
    1.0,
    1.0,
    1.0,
    1.0,
    1.0,
    1.0,
    1.0,
    1.0,
    1.0,
    1.0,
    0.0,
    0.0,
    1.0,
    0.0,
    1.0,
    1.0,
    1.0,
    1.0,
    1.0,
    1.0,
    1.0,
    1.0,
    1.0,
    1.0,
    1.0,
    1.0,
    1.0,
    0.0,
    1.0,
    1.0,
    1.0,
    1.0,
    1.0
  ],
  "collision_rate_mean": 0.92,
  "collision_rate_std": 0.2712931993250107,
  "similarity": [
    0.9399042124649832,
    0.9790223341648255,
    0.6993536785036238,
    0.5125803438081681,
    0.8606191680166471,
    0.9998947757686055,
    -0.941516220935812,
    0.13216093015311775,
    0.9942279777488588,
    0.9421615154992873,
    0.9904961808844931,
    0.7445308619229823,
    0.9379562898289787,
    0.8974478644576043,
    0.5889030317476786,
    0.9163904136238664,
    0.9256852992598025,
    0.34488620983539064,
    -0.7480973402354494,
    0.9988215259482206,
    0.9488146506698568,
    0.014844321720819348,
    0.9977229846549218,
    0.9002830291512665,
    0.9381346325200356,
    0.98478718147502,
    -0.8411730744184761,
    0.04967402067057074,
    0.08197748786556637,
    0.5999053313174852,
    0.5469241673895138,
    0.780525739485098,
    0.9009636655900382,
    0.9852570643522959,
    0.9997434815291673,
    0.9916798501687106,
    0.9561787661065619,
    0.9975886487885602,
    0.9146523219486478,
    0.6296942813982155,
    0.5859792216147186,
    0.9717321338467837,
    0.12820965612816593,
    0.7808259010734077,
    0.04334810471068477,
    0.912511182344133,
    0.8603365771301422,
    0.9228084878169015,
    0.3396839312783082,
    0.9674974717171984
  ],
  "similarity_mean": 0.6521308054502037,
  "similarity_std": 0.48231978170443207,
  "waypoint_distance": [
    0.8366383034118712,
    0.6828029772482767,
    4.235741597168978,
    4.7208531535734215,
    3.7052396626851687,
    0.07566106672401476,
    3.9643568956390896,
    11.91710563079591,
    0.5237760963649294,
    0.6582502145075994,
    0.6209723566097936,
    3.6593301733522425,
    1.0145607031911048,
    1.229096292347356,
    5.3803292960600615,
    1.3250297049951656,
    1.1471446144305835,
    5.000141205910182,
    5.588150858363933,
    0.05003761282998425,
    0.9413143887317661,
    6.623303082415515,
    0.0740751399123064,
    1.4584226136890788,
    1.0234896954900872,
    8.137579690715315,
    2.7919751156020043,
    12.817159274827672,
    12.500850237033715,
    5.309887481362628,
    9.98477280523607,
    3.173891981708351,
    1.2685072253621055,
    0.671960374409727,
    0.7543301919236025,
    0.5822378476313316,
    0.8220492775336923,
    0.04006985686132251,
    1.3411804137487653,
    4.726349358746608,
    5.356841835527073,
    0.7184223388648777,
    11.941667456143367,
    3.1728338421455455,
    13.005413131480527,
    1.2978662442409974,
    1.8629573623128999,
    1.179814490736793,
    11.814177050600959,
    9.801618912756721
  ],
  "waypoint_distance_mean": 3.8306047426792214,
  "waypoint_distance_std": 3.964655563554228,
  "speed": [
    4.2003333931938664,
    3.857092024728698,
    7.216885858977201,
    6.610387228056072,
    11.259922516343352,
    0.5604072147111808,
    5.061000102858012,
    8.091434346731996,
    3.3086543037164047,
    0.015218415390688753,
    3.745405282795322,
    6.964657481922935,
    3.255935424107997,
    5.209017858523543,
    7.1481638594996655,
    5.868936433356793,
    5.272354624826942,
    16.291711806996354,
    9.286502493255767,
    0.49858447225741037,
    4.936037083996754,
    13.934635996886948,
    0.4977177020250001,
    5.719999260069994,
    3.2457716129965988,
    18.518764966458328,
    10.574818276304148,
    8.038241011956856,
    7.810217056768757,
    7.0468154556860405,
    6.497266166668786,
    6.434297177103506,
    0.25184322271809995,
    4.044238629759054,
    3.3285708316724474,
    3.5831894848563492,
    4.6057662291644155,
    0.04709785584051746,
    5.557126658184648,
    6.835605821211284,
    6.983811996124007,
    4.3856254303861855,
    8.119766867392181,
    6.444482326313268,
    7.992997079702642,
    5.506461144832181,
    5.909721751464306,
    5.283500008277107,
    12.889774705470423,
    11.577899182194173
  ],
  "speed_mean": 6.206493322694704,
  "speed_std": 3.8587296299327924,
  "total_reward": [
    507.7234358446419,
    -126.39871111073336,
    657.7614742742946,
    469.6462912412902,
    -1000.0,
    8.146897207026376,
    -653.9386000571493,
    711.1611536182822,
    -205.6355972144081,
    -1000.0,
    -142.20985663928047,
    675.250471331527,
    566.1740232618005,
    521.9535172073017,
    606.6851676311146,
    719.6662425671439,
    577.8511800395935,
    -1000.0,
    -1000.0,
    -1000.0,
    72.77209674105802,
    -1000.0,
    -1000.0,
    615.8312641651104,
    571.4817526158491,
    -459.836810652517,
    -1000.0,
    600.3111692815459,
    642.7667853678217,
    638.2525513857973,
    939.0011186631239,
    651.789488703454,
    -1000.0,
    -89.45489242670197,
    -456.4193106855864,
    -164.3325962500984,
    22.153185102363295,
    -1000.0,
    611.0434631445756,
    -406.5087403929101,
    610.0747795837515,
    0.5678545940402273,
    716.2384626871186,
    651.9421393846762,
    638.9336632981262,
    598.4802786450849,
    593.5090515111677,
    572.6402649637861,
    -497.1380915696755,
    -982.6957105093459
  ],
  "total_reward_mean": 31.704806131081227,
  "total_reward_std": 667.8867611591475,
  "timesteps": [
    161,
    102,
    262,
    258,
    33,
    33,
    141,
    498,
    92,
    33,
    99,
    253,
    219,
    141,
    297,
    175,
    145,
    33,
    33,
    33,
    137,
    33,
    33,
    166,
    222,
    33,
    33,
    512,
    512,
    301,
    512,
    236,
    33,
    106,
    33,
    97,
    126,
    33,
    160,
    273,
    297,
    122,
    497,
    236,
    512,
    155,
    175,
    145,
    33,
    33
  ],
  "timesteps_mean": 176.74,
  "timesteps_std": 147.81621156016683
}