{
  "collision_rate": [
    1.0,
    1.0,
    1.0,
    1.0,
    1.0,
    1.0,
    1.0,
    1.0,
    1.0,
    1.0,
    1.0,
    1.0,
    1.0,
    1.0,
    1.0,
    1.0,
    1.0,
    1.0,
    1.0,
    1.0,
    1.0,
    1.0,
    1.0,
    1.0,
    1.0,
    1.0,
    1.0,
    1.0,
    1.0,
    1.0,
    1.0,
    1.0,
    0.0,
    1.0,
    0.0,
    1.0,
    1.0,
    1.0,
    1.0,
    1.0,
    1.0,
    1.0,
    1.0,
    1.0,
    1.0,
    1.0,
    1.0,
    1.0,
    1.0,
    1.0
  ],
  "collision_rate_mean": 0.96,
  "collision_rate_std": 0.19595917942265426,
  "similarity": [
    0.8113594162559963,
    0.8675973000439976,
    0.6199128915573862,
    0.3431680203338472,
    0.8044177953605874,
    0.901036579530207,
    0.6913573785719477,
    0.6677588429810265,
    0.6976838692863422,
    0.5779937093503107,
    0.9234541493648651,
    0.8290696948327336,
    0.8810845008006623,
    0.9229566799702957,
    0.7928584239520705,
    0.8811821265862152,
    0.9201885711671969,
    0.8037466875558068,
    0.9168310702590516,
    0.6126478589838674,
    0.9417051678329692,
    0.9995245357351836,
    0.2603055163561811,
    0.9088359227884204,
    0.801399872667683,
    0.7815963377330253,
    0.826917446128693,
    0.9996528028500593,
    0.6363845374134772,
    0.9241762968468855,
    0.8447009904221484,
    0.8900110140633398,
    0.19767319133300168,
    0.6806552081581583,
    0.1628750523313396,
    0.9000350983443751,
    0.8060428819376428,
    0.8834589239434234,
    0.6821909551422595,
    0.8408396940314938,
    0.8231285030962927,
    0.9160932193545042,
    0.8319955652367607,
    0.7994231193981897,
    0.8520208157952774,
    0.8138830583029869,
    0.8143749033052051,
    0.8321010342724188,
    0.818283480182404,
    0.8018495259933756
  ],
  "similarity_mean": 0.7747688047548317,
  "similarity_std": 0.18504898197342143,
  "waypoint_distance": [
    3.186399268003222,
    1.8675854476864058,
    4.955114793479347,
    1.2734857792954428,
    2.7188629517485663,
    1.76315588217606,
    3.960147011906225,
    4.28757695331238,
    3.9227003308446178,
    0.967151753517836,
    1.4680017885421341,
    2.3798474561953586,
    1.6847497096803419,
    1.435736535156894,
    2.9209213580409457,
    1.4260339233677095,
    1.4735010506836959,
    2.5673733868232924,
    1.3825896342841284,
    5.037790060296646,
    1.4137666708110157,
    0.2837501927995285,
    9.3390000182592,
    1.3164604808636604,
    2.54280990600699,
    3.2065197031379467,
    2.377247867855779,
    0.45028904282419024,
    4.976817655716651,
    1.4132356475000563,
    2.4016728790918473,
    1.5461931552676507,
    10.740070359136954,
    2.725576120509377,
    10.88029945897459,
    1.7697928767764786,
    3.0270983116536407,
    1.584746201618031,
    4.050870068071835,
    2.3289374271286136,
    2.3288097164516013,
    1.3136283162059323,
    2.4028874639848885,
    2.8149191000098033,
    1.9807261581306832,
    2.4419707517506466,
    2.582100560043049,
    2.4987990776387647,
    2.3759357391035327,
    2.3698679444723063
  ],
  "waypoint_distance_mean": 2.8432704789367302,
  "waypoint_distance_std": 2.177587614172839,
  "speed": [
    5.143453806472478,
    5.515943311136061,
    6.049751595573747,
    5.629448125220035,
    5.56334322383304,
    5.061968865027281,
    6.175436834357886,
    6.253920689606332,
    6.1811093346026755,
    5.067003667084347,
    4.871347527183993,
    5.548768770174135,
    5.220126485403805,
    5.228474938448947,
    5.585246799251365,
    5.1758775123852026,
    5.157306085355758,
    5.727450737144845,
    4.786714536332108,
    6.033766854553605,
    5.118615224562888,
    1.3320102550858823,
    6.85104956770564,
    4.9178391536067645,
    5.493405428132992,
    5.716774994615995,
    5.512213562495021,
    1.2524887225862602,
    5.987267395614615,
    5.445882178858212,
    5.562532269571149,
    5.136609585595622,
    6.725919680669689,
    5.535447827987053,
    6.652722838638518,
    5.231801985010782,
    5.633553019749546,
    5.245961470769184,
    5.927473507120849,
    5.424366936993165,
    5.577158506730035,
    5.117143591944277,
    5.537539089330649,
    5.425799363383912,
    5.529838801719096,
    5.491741420624519,
    5.60064422309561,
    5.607009642334797,
    5.463311325332312,
    5.642135631020065
  ],
  "speed_mean": 5.393454338000654,
  "speed_std": 0.9476430084725574,
  "total_reward": [
    550.150563079878,
    612.8526923383217,
    584.1059480556424,
    181.52843613138188,
    589.1224886140482,
    559.654768825652,
    747.0991660682887,
    758.3508014480765,
    782.7767385639515,
    316.9209805290801,
    559.355623579659,
    629.792155797988,
    596.4511647114022,
    705.282303261519,
    660.4048226114762,
    629.5720631941863,
    643.494418116205,
    662.3355357418826,
    565.0121584147734,
    601.5147223007348,
    667.2940245344528,
    32.89235462230112,
    682.843356852229,
    576.9465670479224,
    636.8589282894379,
    559.4744296037518,
    619.582619736869,
    30.447884107827754,
    632.5184126585892,
    711.7202666657078,
    650.9130420787401,
    614.9505620805184,
    702.9516790613468,
    482.2883905825162,
    631.1916369601392,
    603.4108821031954,
    668.7403728651996,
    604.1917196555931,
    770.6535231254718,
    591.8752918281294,
    629.4256563180456,
    605.4632391782617,
    589.1777133723202,
    602.1245597104931,
    628.8434477693157,
    623.0512552336463,
    596.6509748809814,
    612.8077393980444,
    624.6199012762527,
    676.0990841825219
  ],
  "total_reward_mean": 591.9157413432795,
  "total_reward_std": 148.8559142938947,
  "timesteps": [
    257,
    181,
    306,
    214,
    222,
    170,
    298,
    313,
    305,
    170,
    156,
    213,
    179,
    181,
    249,
    177,
    172,
    229,
    159,
    312,
    166,
    33,
    465,
    159,
    224,
    231,
    213,
    33,
    321,
    179,
    216,
    177,
    512,
    199,
    512,
    177,
    245,
    172,
    315,
    203,
    212,
    156,
    206,
    231,
    194,
    219,
    216,
    215,
    216,
    225
  ],
  "timesteps_mean": 226.1,
  "timesteps_std": 89.53887423907003
}