{
  "collision_rate": [
    1.0,
    1.0,
    1.0,
    1.0,
    1.0,
    1.0,
    1.0,
    1.0,
    1.0,
    1.0,
    1.0,
    1.0,
    1.0,
    1.0,
    1.0,
    1.0,
    1.0,
    1.0,
    1.0,
    1.0,
    1.0,
    1.0,
    1.0,
    1.0,
    1.0,
    1.0,
    1.0,
    1.0,
    1.0,
    1.0,
    1.0,
    1.0,
    1.0,
    1.0,
    1.0,
    1.0,
    1.0,
    1.0,
    1.0,
    1.0,
    1.0,
    1.0,
    1.0,
    1.0,
    1.0,
    1.0,
    1.0,
    1.0,
    1.0,
    1.0
  ],
  "collision_rate_mean": 1.0,
  "collision_rate_std": 0.0,
  "similarity": [
    0.8577224230014738,
    0.7332067388511133,
    0.8089241889459704,
    0.9397248224163894,
    0.9250234001268218,
    0.9886730958476322,
    0.8468311121600615,
    0.9783968408377554,
    0.6606399186154962,
    0.9381673101734868,
    0.8141736983652215,
    0.8560330272631769,
    0.2358385263158858,
    0.07070360571008462,
    0.9844537910520603,
    0.973418173831836,
    0.3989336585545486,
    0.9693392310719681,
    0.7057393288853034,
    -0.6123308165827696,
    0.8781408074175363,
    0.9164606775371248,
    0.8485821947342562,
    0.8003771563448983,
    0.8272352432323818,
    0.9838474699109373,
    0.8886760486618073,
    0.9874356003295726,
    0.8239685586267563,
    0.801813372731334,
    0.7752049380584873,
    0.28196033110578267,
    0.9370802053529425,
    0.9543022121588564,
    0.9628969586616476,
    0.9221312719909037,
    0.8641382076524577,
    0.9400742977885564,
    0.6985526967017326,
    0.9434253373042766,
    0.989030008977915,
    0.8819056947730838,
    0.9497989841825327,
    0.9286623928721477,
    0.9346447288216384,
    0.9835851765883896,
    0.8219744950356876,
    0.9765895422500654,
    0.9412181636883742,
    0.979096134435332
  ],
  "similarity_mean": 0.8099284196674187,
  "similarity_std": 0.2821925940786655,
  "waypoint_distance": [
    2.103231045476285,
    3.8954736429152597,
    3.036055459550441,
    1.6502498600647715,
    1.6818160322838922,
    0.7311305868154487,
    2.513037731844931,
    0.9011701778999444,
    4.545345837725914,
    1.4665653337640896,
    3.1315912494089955,
    13.518726188102605,
    18.418511149452915,
    2.847851065431735,
    0.7000292824496454,
    0.6554991609267887,
    7.8534298754992085,
    1.29121239734028,
    4.395426642606969,
    5.7896708846595315,
    2.106165894125896,
    1.6881643342987924,
    2.4053121462818443,
    3.3858334345020844,
    3.0709282529882858,
    0.4474346397158971,
    2.1747236211820105,
    0.6765150282269429,
    2.4565435184348847,
    2.858121395532618,
    3.8279918380790168,
    1.5675185251336592,
    1.402551646155356,
    1.5026180930408692,
    1.067644724350477,
    1.7050932481430114,
    2.401885958539182,
    1.4139646066220786,
    3.9866766204082658,
    1.4487592427570055,
    0.43236822962297905,
    1.9092577802737705,
    1.5300454706437157,
    1.5274483278635511,
    1.5720626493298664,
    0.7138881100794483,
    3.222832568822726,
    0.7630384095948033,
    1.3867468510232202,
    0.6150970540539366
  ],
  "waypoint_distance_mean": 2.727865116480917,
  "waypoint_distance_std": 3.0959789990835427,
  "speed": [
    5.700669690562973,
    6.458671551247361,
    6.2746802007802165,
    6.229224580894313,
    5.8178514840154465,
    4.636295398602612,
    6.354017430301418,
    5.201579595600338,
    6.920848253614838,
    6.3857752997178965,
    6.3512868230962685,
    96.44312793002109,
    34.633221283205664,
    10.73822221456434,
    5.059974777196411,
    5.1748354222060975,
    6.942328090066496,
    5.831074312831518,
    6.905786652654494,
    15.556733421610309,
    6.197944629952871,
    5.910964977685278,
    6.257922540717195,
    6.722774127604945,
    6.331762992114804,
    1.3511284890765167,
    6.2499391369381785,
    4.653859342466616,
    6.286616324111349,
    6.444373951764224,
    6.376310175270135,
    6.508484822289647,
    5.6654970398107665,
    6.036906851552,
    5.79089259417609,
    6.364476072923503,
    6.2262801288163265,
    5.776657033303884,
    6.446238135735822,
    6.046559544319843,
    3.209348847161772,
    6.312352016614277,
    5.913145051664596,
    5.812641272899037,
    5.745846257722654,
    4.44222278640468,
    6.397903463942391,
    4.333578508610298,
    5.728384735017415,
    4.862526551398962
  ],
  "speed_mean": 8.480394856297123,
  "speed_std": 13.306928151099262,
  "total_reward": [
    862.3599268775431,
    723.9322226184642,
    710.6086845197837,
    789.6333558925419,
    645.4511766086175,
    -93.2096966243688,
    783.9689098909068,
    36.19681265281599,
    818.6541701833637,
    892.6192722297511,
    713.66035298358,
    -378.0972900572263,
    -1000.0,
    -75.39487272204494,
    35.757487695952705,
    14.924563324675546,
    715.5344399387592,
    234.79939000864795,
    863.9665567823959,
    -1000.0,
    634.5330736041208,
    684.9264187401175,
    733.1005606743473,
    686.8652790215518,
    670.487522761341,
    3.4785744856013325,
    -248.31849510214477,
    -42.6628808664056,
    723.632593920022,
    766.7025229214105,
    701.8572940299258,
    308.685183797066,
    164.598660388932,
    263.30870024956323,
    284.7284223153738,
    840.8193479086021,
    737.9222245119007,
    666.2608309225602,
    778.8126287261317,
    816.584601713859,
    -549.9914945992157,
    833.1747752164513,
    771.3866416700158,
    696.6577059687207,
    636.7544767956458,
    -96.36627583713431,
    701.9915329830608,
    -154.61097381386998,
    689.1986092887902,
    -55.12661185754234
  ],
  "total_reward_mean": 398.89513826685914,
  "total_reward_std": 482.6534920010622,
  "timesteps": [
    254,
    272,
    233,
    172,
    158,
    91,
    224,
    108,
    303,
    182,
    236,
    33,
    33,
    33,
    110,
    105,
    400,
    143,
    307,
    33,
    174,
    165,
    212,
    229,
    223,
    33,
    194,
    102,
    213,
    233,
    259,
    229,
    149,
    157,
    152,
    186,
    211,
    148,
    286,
    174,
    33,
    205,
    167,
    163,
    150,
    95,
    234,
    84,
    154,
    96
  ],
  "timesteps_mean": 170.8,
  "timesteps_std": 80.18054626902962
}