{
  "collision_rate": [
    1.0,
    1.0,
    1.0,
    1.0,
    1.0,
    1.0,
    1.0,
    1.0,
    1.0,
    1.0,
    1.0,
    1.0,
    1.0,
    1.0,
    1.0,
    1.0,
    1.0,
    1.0,
    1.0,
    1.0,
    1.0,
    0.0,
    1.0,
    1.0,
    1.0,
    1.0,
    1.0,
    1.0,
    1.0,
    1.0,
    1.0,
    1.0,
    1.0,
    1.0,
    1.0,
    1.0,
    1.0,
    1.0,
    1.0,
    1.0,
    1.0,
    1.0,
    1.0,
    1.0,
    1.0,
    1.0,
    1.0,
    1.0,
    1.0,
    1.0
  ],
  "collision_rate_mean": 0.98,
  "collision_rate_std": 0.13999999999999999,
  "similarity": [
    0.8872686105033806,
    0.9999431819750152,
    0.9256825179511738,
    0.34683066543836444,
    0.9469300639367552,
    0.8769509820591928,
    0.8642684148617517,
    0.8882728378870962,
    0.9999869223612601,
    0.17708046420555584,
    0.9385276831621011,
    0.8830967940254292,
    0.933503334823872,
    0.932090879866729,
    0.6300135375640679,
    0.8510950070790465,
    0.8242940938689991,
    0.9207638529155452,
    0.9315238679751632,
    0.9014395834779725,
    0.9494503429545432,
    0.4850021103437517,
    0.7514960220353496,
    0.7318184589838702,
    0.9152853446221554,
    0.8344637082888036,
    0.8802276869750888,
    0.8641872071128811,
    0.9117910041925853,
    0.8791358078189782,
    0.8838116703864112,
    0.5511004052506772,
    0.7213164495094917,
    0.6315017892402558,
    0.7359729564787159,
    0.8894209037179527,
    0.8634000401943822,
    0.5381998480068811,
    0.8759267334203678,
    0.8817321883759835,
    0.8757004034368907,
    0.7385966547955944,
    0.8926484910305763,
    0.9250254907558174,
    0.9179297117254379,
    0.8765040200942135,
    0.8721631235093981,
    0.8804700937413806,
    0.8766720838210975,
    0.8981486190058263
  ],
  "similarity_mean": 0.8237732533152767,
  "similarity_std": 0.16107562037353637,
  "waypoint_distance": [
    3.116082604319222,
    0.896854203165093,
    1.9604712484760445,
    1.6591972078705133,
    1.51195729558591,
    2.940066593761075,
    2.620765841001113,
    2.3624527622834854,
    0.7341331221768584,
    2.3956043434406693,
    1.5553619208551575,
    2.6333325175368674,
    1.4663787960016628,
    1.454526674073668,
    6.673174481103702,
    2.7613643265743235,
    3.7403210896776353,
    1.5143702632597027,
    1.489959462349137,
    2.196714903428162,
    1.5662087695823932,
    9.067678278241463,
    4.620069276208885,
    4.9269570832774985,
    1.9776628062226809,
    3.9372289455490845,
    2.6013966748345196,
    2.643923264063442,
    2.086177160324558,
    2.9191451635991963,
    2.6312521834824656,
    7.96520528358083,
    5.129556320199185,
    3.7549149917055438,
    5.156931642161091,
    2.598905288368598,
    3.1904625138963607,
    8.188352279355616,
    2.5034178958938718,
    2.755184951528757,
    2.595881685496563,
    4.834332766538019,
    2.5776625976931182,
    1.7612460956853324,
    1.9128731456534263,
    2.8475630926969675,
    3.1346484422801395,
    2.758725845093766,
    2.540034879290188,
    2.0200593321781124
  ],
  "waypoint_distance_mean": 3.057734966232433,
  "waypoint_distance_std": 1.7862377720320657,
  "speed": [
    5.3863201318163965,
    1.177475029824762,
    5.601560819776313,
    5.757377968774625,
    5.573057619453634,
    5.668939383483186,
    5.805914824219458,
    5.928270764898133,
    1.105707860396706,
    5.939576413469188,
    5.2268996367887475,
    5.7551547069673505,
    5.323192483869484,
    5.242560959237783,
    6.509324547643734,
    5.734380212684911,
    6.2307939470124944,
    5.4436934987966294,
    5.322545696953195,
    5.521731790144194,
    5.534510860786645,
    6.8027980851475265,
    6.218336354683951,
    5.694602346104789,
    5.755347715362488,
    6.076536216576095,
    5.76549094447386,
    5.92753961328664,
    5.574131664528577,
    6.036097804671564,
    5.756790664846649,
    6.566969471029194,
    6.219761112709292,
    5.61254152368893,
    6.2022197514591655,
    5.787840848046979,
    5.941440159943938,
    6.66204363022611,
    5.9853936622427275,
    5.768101249362653,
    5.671508796453649,
    5.763696268769458,
    5.84432108474962,
    5.470494029698675,
    5.691705242873532,
    6.026993044674303,
    6.11758816776624,
    5.811040144700864,
    5.833336817787996,
    5.76423777176719
  ],
  "speed_mean": 5.642757866892605,
  "speed_std": 0.9798012673915096,
  "total_reward": [
    737.1561575279846,
    28.049066400604634,
    770.9473848903679,
    416.4295674447507,
    806.6900503991686,
    715.3762443017772,
    817.5510055263813,
    846.4282745435702,
    25.79994034859434,
    368.22481298035245,
    678.8838898566046,
    810.3894406776557,
    712.7370938871435,
    690.9354124021231,
    768.3680358242935,
    799.0886118928266,
    771.0612582794123,
    715.1280214744413,
    701.0747387451668,
    685.5843016777396,
    802.2470580209566,
    841.5522583565854,
    847.2159188147502,
    790.9947912234219,
    818.6060191469194,
    827.5925390313579,
    741.9007354178906,
    843.3751695650993,
    717.1271218184783,
    887.1313984566862,
    720.3373361244267,
    801.1894806385219,
    717.6873307337394,
    520.1628679384517,
    814.5792132305195,
    732.6789241029626,
    727.6449674917283,
    823.3110469265375,
    850.1625864906681,
    735.8154605877112,
    771.0690903015643,
    797.3278918345986,
    786.8511637788832,
    709.6542385955383,
    819.0916088581816,
    911.7078766823107,
    925.2571563377513,
    728.7113277619897,
    769.1733685686556,
    842.6557359201756
  ],
  "total_reward_mean": 729.7742998367603,
  "total_reward_std": 175.61081482398228,
  "timesteps": [
    308,
    33,
    211,
    220,
    196,
    254,
    260,
    253,
    33,
    260,
    175,
    259,
    185,
    175,
    417,
    267,
    296,
    187,
    178,
    210,
    195,
    512,
    355,
    360,
    229,
    326,
    245,
    268,
    209,
    288,
    240,
    476,
    347,
    251,
    374,
    238,
    264,
    484,
    253,
    252,
    252,
    357,
    250,
    197,
    224,
    289,
    305,
    248,
    245,
    234
  ],
  "timesteps_mean": 262.88,
  "timesteps_std": 90.19282454829762
}