{
  "collision_rate": [
    1.0,
    1.0,
    1.0,
    1.0,
    1.0,
    1.0,
    1.0,
    1.0,
    1.0,
    1.0,
    1.0,
    1.0,
    1.0,
    1.0,
    1.0,
    1.0,
    1.0,
    1.0,
    1.0,
    1.0,
    1.0,
    1.0,
    1.0,
    1.0,
    1.0,
    1.0,
    1.0,
    1.0,
    1.0,
    1.0,
    1.0,
    1.0,
    1.0,
    1.0,
    1.0,
    1.0,
    1.0,
    1.0,
    1.0,
    1.0,
    1.0,
    1.0,
    1.0,
    1.0,
    1.0,
    1.0,
    1.0,
    1.0,
    1.0,
    1.0
  ],
  "collision_rate_mean": 1.0,
  "collision_rate_std": 0.0,
  "similarity": [
    0.8879392038850412,
    0.6851131303223468,
    0.8403297513115426,
    0.8169619419640783,
    0.9998575567299084,
    0.885830977938552,
    0.7408159611364266,
    0.7830469925914201,
    0.8167927461570138,
    0.8218233560705557,
    0.7833263600886292,
    0.8049570602521045,
    0.8238928184604867,
    0.8432259775818822,
    0.7119110978883516,
    0.6379194420818445,
    0.5290811719986521,
    0.7616685770861917,
    0.4832296740084454,
    0.8423567727968582,
    0.7734799395997766,
    0.621213762873402,
    0.7326794454412539,
    0.2975350108362398,
    0.8382043796601616,
    0.6871886439702612,
    0.769425855418945,
    0.8141439383504715,
    0.6862522518245222,
    0.732733212676683,
    0.799169765185656,
    0.7334850093066054,
    0.5747640355477697,
    0.7531788374897662,
    0.6743028895279439,
    0.6805126759193125,
    0.7701337208844959,
    0.7528986060263924,
    0.7720862122255727,
    0.8085265518832453,
    0.7464097143958153,
    0.38316122085794696,
    0.8333603905105804,
    0.5199640911677031,
    0.78189076111732,
    0.6725095131821053,
    0.9053045668257773,
    0.8528197880233823,
    0.7721152522729341,
    0.675456258025135
  ],
  "similarity_mean": 0.7382997374275502,
  "similarity_std": 0.12766254088708537,
  "waypoint_distance": [
    1.9499691183573853,
    3.8949073816319206,
    5.698119026830651,
    2.95949276181653,
    0.21774765124415674,
    2.0802092098642393,
    4.006833492437947,
    3.5139492654052464,
    2.9596203170852435,
    2.9919700886637375,
    3.4979249092090514,
    3.0786714171404457,
    5.575043488637371,
    5.444487412371781,
    3.534456649174738,
    5.568209216169052,
    2.2518056637857375,
    3.8615366336376526,
    7.571819583000468,
    5.5755359575679275,
    6.333628434607427,
    8.723702489152084,
    4.115898170788373,
    2.7227078124690105,
    5.698141520862723,
    4.754573143640909,
    3.7256124187103596,
    3.108591187745302,
    4.699851634262241,
    4.3128351130909754,
    3.2852158165777126,
    3.9574022732733667,
    17.267331368765966,
    3.8295619067006306,
    7.687839713055273,
    5.018412437818752,
    6.409850685351782,
    3.886276967890486,
    6.205746297176896,
    3.1400164140808613,
    3.9261291528045223,
    9.052004889411364,
    5.637277199354006,
    2.530056516646773,
    6.312680044360409,
    4.127038079482798,
    2.960523243144041,
    3.33136464044584,
    3.537664284645471,
    4.81746607802987
  ],
  "waypoint_distance_mean": 4.62695418356755,
  "waypoint_distance_std": 2.4923761497750383,
  "speed": [
    5.349334357314756,
    6.653120681986374,
    6.085910695035302,
    5.900552938097068,
    1.0526288983672156,
    5.6819970586417465,
    6.345280056495171,
    6.1729199517247615,
    5.932495659090378,
    5.900373529246087,
    6.089180234973074,
    5.851330520440816,
    6.044177075756958,
    5.93112981233307,
    6.7094490683762835,
    6.650327619592103,
    6.615587983509613,
    6.571458657690512,
    6.739331089994114,
    6.168243367580336,
    6.106114292440552,
    6.649480569982351,
    6.436092320900826,
    6.511923539704692,
    6.2515776305474695,
    6.5703146772336405,
    6.303167268611366,
    6.018705602206039,
    6.486505017642913,
    6.7666637906453655,
    6.077639953716934,
    6.419563956164146,
    6.466572024525462,
    6.5819960972852725,
    6.483307457947888,
    6.78395857298179,
    6.416143549538488,
    6.39177050808739,
    6.027554027187164,
    5.9886454422877815,
    6.3286895012283955,
    7.434711495044818,
    6.023770894357593,
    6.140393840517224,
    6.055624792108172,
    6.54596130922558,
    5.907137107334324,
    5.798017090077179,
    6.019676721944453,
    6.413393316996904
  ],
  "speed_mean": 6.1769980324943585,
  "speed_std": 0.8136189965697269,
  "total_reward": [
    804.1791496799895,
    739.9259919410314,
    375.8934678137895,
    746.7215459087182,
    24.107408639678567,
    832.1642851146307,
    790.600779986086,
    781.9194910311636,
    749.8297969096469,
    810.1405397727158,
    794.7246586970664,
    736.6615399672866,
    369.0898020048471,
    356.8441269600583,
    893.4730208140201,
    898.8821998477549,
    600.8813180667656,
    992.6528179564053,
    758.3365109862831,
    384.2638455333237,
    361.53061051791656,
    349.8545162891309,
    856.6825840380831,
    453.4205551459907,
    379.7777335804057,
    815.2772801996455,
    865.0877123533431,
    827.346987741172,
    767.1659673971644,
    1059.4233492852886,
    812.0580993561365,
    511.4190397863539,
    6.148147743905621,
    975.2148357278649,
    348.2874706424208,
    964.740753373913,
    398.1075643152479,
    845.1851930776862,
    355.28032944006253,
    788.8683463046027,
    473.78622425470695,
    907.755970151365,
    363.7842289725049,
    693.0797173420174,
    359.27418520935134,
    605.9295393440467,
    643.4766499788068,
    448.36699965517437,
    752.9400669680265,
    754.5154357099249
  ],
  "total_reward_mean": 643.7015678306703,
  "total_reward_std": 246.42860829399632,
  "timesteps": [
    269,
    343,
    294,
    268,
    33,
    243,
    311,
    288,
    267,
    277,
    295,
    274,
    277,
    260,
    355,
    392,
    343,
    342,
    430,
    294,
    300,
    370,
    333,
    331,
    295,
    343,
    317,
    286,
    333,
    370,
    290,
    330,
    348,
    335,
    333,
    375,
    328,
    318,
    291,
    278,
    316,
    490,
    283,
    295,
    292,
    343,
    258,
    258,
    294,
    335
  ],
  "timesteps_mean": 310.46,
  "timesteps_std": 60.212028698591446
}