{
  "collision_rate": [
    1.0,
    1.0,
    1.0,
    1.0,
    1.0,
    1.0,
    1.0,
    1.0,
    1.0,
    1.0,
    1.0,
    1.0,
    1.0,
    1.0,
    1.0,
    1.0,
    1.0,
    1.0,
    1.0,
    1.0,
    1.0,
    1.0,
    1.0,
    1.0,
    1.0,
    1.0,
    1.0,
    1.0,
    1.0,
    1.0,
    1.0,
    1.0,
    1.0,
    1.0,
    1.0,
    1.0,
    1.0,
    1.0,
    1.0,
    1.0,
    1.0,
    1.0,
    1.0,
    1.0,
    1.0,
    1.0,
    1.0,
    1.0,
    1.0,
    1.0
  ],
  "collision_rate_mean": 1.0,
  "collision_rate_std": 0.0,
  "similarity": [
    0.8489038841189467,
    0.9720756578229928,
    0.9892833189109004,
    0.9084245856230678,
    0.9345206735654488,
    0.9839090848088388,
    0.8287316081176238,
    0.9843583563344781,
    0.8752666822865295,
    0.9863257024127644,
    0.009155350655648348,
    0.998213358389204,
    0.9939598679289987,
    0.7307743525005426,
    0.9933021344089912,
    0.9877589355639922,
    0.9855740136767365,
    0.7421908224735824,
    0.9812575276552488,
    0.9981988535568069,
    0.882728617761107,
    0.9900025019653647,
    0.8473179046001433,
    0.9625031621182314,
    0.8280117508351442,
    0.9852302180644698,
    0.7902692177619492,
    0.9867296273118218,
    0.8369788412270881,
    0.7906053604122549,
    0.7757200460353457,
    0.15436257017643548,
    0.9394958352450297,
    0.9836511957287951,
    0.9231914605415228,
    0.9093640097795462,
    0.8555323419252466,
    0.9383538714112158,
    0.9809089652546599,
    0.9265046149471107,
    0.9345991940332509,
    0.860790510706785,
    0.9503445451211328,
    0.4929051230285378,
    0.9422130406385986,
    0.9301927484024427,
    0.8033366483263025,
    0.8477271447405393,
    0.9361048253563624,
    0.9813759159635195
  ],
  "similarity_mean": 0.873984731604626,
  "similarity_std": 0.18783588586795885,
  "waypoint_distance": [
    2.014743396290423,
    2.7587759469801516,
    0.666348481537381,
    2.002093442321664,
    1.7392079710038988,
    0.7501912213499453,
    2.696109159649177,
    0.8730320349386121,
    3.3928407435933567,
    0.7352326558214896,
    15.552770474351188,
    0.2805345413118236,
    1.5660242703064677,
    1.926681105416761,
    0.6766551294176556,
    0.5688047818580232,
    0.8309835749417777,
    3.9691222510553335,
    0.8665540199007596,
    0.39251253033930333,
    2.353076794831141,
    0.8060195825217976,
    2.4951876945893123,
    1.208929060224071,
    3.082470065850613,
    0.35142812254361344,
    3.2897649977043906,
    0.7072974433443993,
    2.423589466184228,
    2.9160392642106303,
    3.6431135201065605,
    1.9486034887733936,
    1.4381430437445766,
    0.837109701738763,
    1.5956441782239523,
    1.7780523173675349,
    2.5125214025222826,
    1.4592239804205642,
    0.6645669639707116,
    1.6493551683627388,
    1.739029734362342,
    2.1125723729228727,
    1.5759177514460425,
    3.4875082600591085,
    1.6237897314193954,
    1.503884680621795,
    3.346424177533583,
    2.5585409240323833,
    1.4493398944836897,
    0.6134462278990611
  ],
  "waypoint_distance_mean": 2.028596154888015,
  "waypoint_distance_std": 2.162860729716999,
  "speed": [
    5.184478270402959,
    13.574398889551945,
    4.286199263958881,
    5.576992949676748,
    5.627641602001085,
    4.3374594796993255,
    5.80294698968245,
    4.680848621663779,
    5.848578440800299,
    4.659564591452415,
    13.958782682077823,
    2.4106978942657875,
    0.019557464504375288,
    0.7220937651914685,
    3.3698051884335274,
    4.796645400702382,
    4.172211911606978,
    6.0931792418422805,
    3.8091556861635403,
    0.6026183525453779,
    5.783485527931059,
    4.458254792176994,
    5.81894598608473,
    5.007864917730792,
    5.765790181986636,
    1.1179762240644013,
    5.712036805434098,
    4.317281617961415,
    5.912778112640336,
    5.84868161296384,
    5.977120475441114,
    5.698476576161937,
    5.411736408780077,
    4.016827685077339,
    5.56510041236237,
    5.627337509685059,
    5.729242881716753,
    5.406317447172232,
    4.503637299242662,
    5.529130158152969,
    5.490152317182215,
    5.767061573854568,
    5.583543571969684,
    6.357652354702977,
    5.550500899224788,
    5.490037596335663,
    5.812516926843542,
    5.9326715042700675,
    5.409362396088456,
    4.466669207665633
  ],
  "speed_mean": 5.172040953342557,
  "speed_std": 2.2827607834158505,
  "total_reward": [
    853.0472094381995,
    -370.8949259578456,
    -88.6687867267359,
    663.0644361681708,
    753.817426709266,
    -86.52885643142076,
    770.468955923931,
    43.07551829547958,
    -1000.0,
    -12.567273899370662,
    -997.1031499057908,
    -136.73273440946437,
    -1000.0,
    -1000.0,
    -292.5417531396631,
    54.904011103268886,
    -138.573801636825,
    742.1682421962091,
    -205.86370868853015,
    -1000.0,
    768.3507840030298,
    -58.30442864046029,
    793.0220905706675,
    107.45491579333452,
    774.5266248130035,
    -4.00075419002,
    739.9870901835094,
    -95.28779157112001,
    801.1592879421881,
    802.4705273480215,
    721.6878276798014,
    183.31681884590495,
    689.5631397551432,
    -168.9336098283265,
    718.8710503994047,
    696.1480319123484,
    722.1965203012868,
    674.1284587511428,
    -32.51213326693818,
    715.0673689782635,
    690.353220551123,
    783.497124017455,
    765.9531038268501,
    -1000.0,
    697.1349759972003,
    702.9779948532441,
    680.9386308069894,
    744.6844673716415,
    671.7293244598494,
    -40.41941829878368
  ],
  "total_reward_mean": 235.93664104809267,
  "total_reward_std": 596.1203674978963,
  "timesteps": [
    274,
    33,
    99,
    186,
    189,
    99,
    246,
    120,
    33,
    108,
    33,
    33,
    33,
    33,
    64,
    119,
    90,
    291,
    81,
    33,
    223,
    102,
    237,
    136,
    263,
    33,
    268,
    97,
    239,
    262,
    272,
    232,
    165,
    86,
    182,
    186,
    227,
    162,
    108,
    179,
    175,
    221,
    176,
    33,
    168,
    172,
    252,
    226,
    162,
    107
  ],
  "timesteps_mean": 150.96,
  "timesteps_std": 80.32981015787352
}