{
  "collision_rate": [
    1.0,
    1.0,
    1.0,
    1.0,
    1.0,
    1.0,
    1.0,
    1.0,
    1.0,
    1.0,
    1.0,
    1.0,
    1.0,
    1.0,
    1.0,
    1.0,
    1.0,
    1.0,
    1.0,
    1.0,
    1.0,
    1.0,
    1.0,
    1.0,
    1.0,
    1.0,
    1.0,
    1.0,
    1.0,
    1.0,
    1.0,
    1.0,
    1.0,
    1.0,
    1.0,
    1.0,
    1.0,
    1.0,
    1.0,
    1.0,
    1.0,
    1.0,
    1.0,
    1.0,
    1.0,
    1.0,
    1.0,
    1.0,
    1.0,
    1.0
  ],
  "collision_rate_mean": 1.0,
  "collision_rate_std": 0.0,
  "similarity": [
    0.9071684111467883,
    0.8818992047325631,
    0.9598200129597717,
    0.999909069421104,
    0.8579685408409748,
    0.8247894240795287,
    0.9576721676469333,
    0.9623064961497876,
    0.9000532075080199,
    0.871458176610897,
    0.9470803158319168,
    0.950638886289056,
    0.7446413886035682,
    0.7106840859952476,
    0.8577838277721554,
    0.8597566237403027,
    0.36125510115378007,
    0.8936534183992881,
    0.999901987637739,
    0.8838632054275537,
    0.7352989790424327,
    0.8237465220543205,
    0.939186671304852,
    0.9059661961525083,
    0.7224516635545161,
    0.8894797393443937,
    0.8325975615157712,
    0.41763540653600706,
    0.9012211279646883,
    0.8227679117226145,
    0.9458757494038725,
    0.9018668873093264,
    0.8830084490077524,
    0.8978988254520611,
    0.8082283134529133,
    0.9518852190036476,
    0.9122855420825159,
    0.7169987578490451,
    0.7700897550241408,
    0.8237851060006252,
    0.8894036107856466,
    0.7398987529535792,
    0.8165926956816884,
    0.9106544616933989,
    0.9502078926291119,
    0.7235406001332364,
    0.8845834468397233,
    0.7547297671369383,
    0.05799676428989766,
    0.886327667543914
  ],
  "similarity_mean": 0.8309702719082424,
  "similarity_std": 0.16346010813034184,
  "waypoint_distance": [
    1.626510647281133,
    2.038845115702878,
    2.8653265013560256,
    0.6892232141335398,
    2.550000349386136,
    5.714861297513467,
    1.1526037934817197,
    1.0654697431188895,
    1.5727113825566326,
    1.7969757585680852,
    1.223947622081951,
    1.1815651214342937,
    3.9704486333641555,
    2.4731606519038434,
    2.644539529168111,
    4.961040774694854,
    1.1230514160383354,
    1.928675223208443,
    0.36654204103964344,
    2.0776163654474393,
    4.054655095456923,
    2.9927598430070756,
    1.030793431723603,
    1.5853643281946064,
    4.221023027369351,
    1.8941542845924408,
    5.467174126443197,
    11.8705863801177,
    1.9391431954496183,
    3.002125748113092,
    3.3000966252042865,
    1.8615586899285526,
    2.06296579641233,
    2.733241144229356,
    3.536789399389546,
    3.355960120668452,
    1.712176222481135,
    4.201579510714827,
    2.985558929356105,
    5.804496959858097,
    1.8523596259697785,
    2.978292913519464,
    5.875218079261893,
    1.7448011235751497,
    1.2189732060042777,
    1.7515290313168148,
    2.017209932749018,
    4.024558595296067,
    13.78872182474502,
    2.017189905244662
  ],
  "waypoint_distance_mean": 2.9980834455574406,
  "waypoint_distance_std": 2.429324805496064,
  "speed": [
    5.129278133771875,
    5.65767712878924,
    4.752458435659516,
    0.821371444542353,
    5.719201728364239,
    6.0360022098981885,
    4.915307615384846,
    4.851260996470438,
    5.7003558200344475,
    5.548599771830753,
    4.922046066985279,
    4.906225519961767,
    6.401897746876948,
    6.434107762440339,
    6.19768100709673,
    5.673595439833228,
    5.543408799355875,
    5.396193312069247,
    1.1466481128931294,
    5.499340264689834,
    6.538653888314452,
    6.166557164425816,
    5.272735659866153,
    5.721934605134777,
    6.910151096856225,
    5.408868769165748,
    6.035230654896011,
    5.962189902585777,
    5.636502512926918,
    6.042198615540247,
    5.073836163870759,
    5.610117356597849,
    5.362327963974025,
    5.5156208708840495,
    6.481112387964384,
    4.914395681874025,
    5.264280313811496,
    6.368845943682806,
    6.262323804816305,
    6.087643521673628,
    5.388845706548265,
    6.437188415077808,
    6.033427965819387,
    5.341894510940354,
    4.900724185721765,
    6.419210928677141,
    5.379981299535839,
    6.539048340896351,
    5.317771826665732,
    5.546469961876275
  ],
  "speed_mean": 5.503854946751372,
  "speed_std": 1.066085592617999,
  "total_reward": [
    795.9498556055835,
    777.7401815806735,
    332.14178886083835,
    16.73832035408052,
    837.9545677643783,
    357.08566806480377,
    731.488993058439,
    717.5738932207707,
    987.3476171537574,
    839.8332864199203,
    731.2956229415721,
    724.2274330217407,
    803.7807164195284,
    721.6518535994007,
    1026.5811510316873,
    342.09124853656135,
    249.06293207540529,
    777.5803685835275,
    27.093038102007476,
    824.5987537685745,
    610.5870195028907,
    836.8867483109728,
    551.8117515264814,
    1012.8106480953475,
    436.2278449774576,
    731.8891645027903,
    363.657297450212,
    7.541671268248145,
    814.7361651141118,
    571.3749824343333,
    337.60311308880586,
    822.4215880563468,
    743.6387435653066,
    633.3843796661071,
    430.856302876318,
    313.092025300357,
    757.6098004043881,
    756.1752638310342,
    900.8209238847553,
    369.5597155341708,
    745.2483117553045,
    616.8272999310351,
    356.1589427346644,
    758.314940044503,
    718.2650996521826,
    1035.6942922254652,
    735.9864874856512,
    825.103102971027,
    -9.231769897785478,
    779.0234687455965
  ],
  "total_reward_mean": 623.7178523040266,
  "total_reward_std": 269.512161958439,
  "timesteps": [
    252,
    224,
    158,
    33,
    266,
    271,
    171,
    165,
    237,
    237,
    180,
    175,
    311,
    314,
    300,
    236,
    223,
    223,
    33,
    243,
    316,
    277,
    122,
    243,
    286,
    210,
    270,
    285,
    218,
    282,
    170,
    224,
    226,
    218,
    243,
    164,
    208,
    313,
    299,
    286,
    216,
    319,
    276,
    206,
    174,
    320,
    217,
    314,
    226,
    229
  ],
  "timesteps_mean": 232.18,
  "timesteps_std": 63.80209714421619
}