{
  "collision_rate": [
    1.0,
    1.0,
    1.0,
    1.0,
    1.0,
    1.0,
    1.0,
    1.0,
    1.0,
    1.0,
    1.0,
    1.0,
    1.0,
    1.0,
    1.0,
    1.0,
    1.0,
    1.0,
    1.0,
    1.0,
    1.0,
    1.0,
    1.0,
    1.0,
    1.0,
    1.0,
    1.0,
    1.0,
    1.0,
    1.0,
    1.0,
    1.0,
    1.0,
    1.0,
    1.0,
    1.0,
    1.0,
    1.0,
    1.0,
    1.0,
    1.0,
    1.0,
    1.0,
    1.0,
    1.0,
    1.0,
    1.0,
    1.0,
    1.0,
    1.0
  ],
  "collision_rate_mean": 1.0,
  "collision_rate_std": 0.0,
  "similarity": [
    0.8597661975937401,
    0.8512546637661996,
    0.19355323949509592,
    0.030611824643783436,
    0.8376966963234279,
    0.998868533399938,
    0.79775652877687,
    0.8650096533340003,
    0.8233395521573367,
    0.9966407141795539,
    0.7275455840249979,
    0.8265359061387526,
    0.856182912707791,
    0.9098484999059063,
    0.7593252395501996,
    0.8699749941329555,
    0.8199896912789333,
    0.6238919943630553,
    0.8984894577166325,
    0.9252842356381112,
    0.9977266540695547,
    0.9997761951710569,
    0.9139207943464625,
    0.331927966983574,
    0.9514362267762064,
    0.8681514224048212,
    0.8663233490855325,
    0.9365644329685088,
    0.8654468807239014,
    0.9954821864042506,
    0.9970262507970739,
    0.9984012544217722,
    0.9143629293736104,
    0.8883688067473813,
    0.870941181134259,
    0.5881719192484431,
    0.9342996109070664,
    0.9626165403447675,
    0.17861609751889282,
    0.5928519557347216,
    0.799208811173224,
    0.9401388465065393,
    0.9465423010983388,
    0.8264896982605374,
    0.763538333498806,
    0.8497044538949563,
    0.8852191359236192,
    0.8006933604780156,
    0.7482795715396429,
    0.9343719766511382
  ],
  "similarity_mean": 0.8123633052662791,
  "similarity_std": 0.21107033809607842,
  "waypoint_distance": [
    2.814041245819478,
    2.7682246216428865,
    1.5694309887903517,
    5.019396333875247,
    2.608445549830242,
    0.9509231908660714,
    3.43618442970649,
    2.678587075539538,
    3.467565913828648,
    0.9897813668871378,
    3.981249205259444,
    3.1938668090953555,
    2.6261822835708877,
    2.112594789653864,
    3.8026249724634993,
    2.5086269286614926,
    2.797192149838962,
    5.5594978096411,
    2.4088748034856793,
    3.62709874784943,
    1.2256491447671714,
    0.4988948532089155,
    2.106198979498523,
    1.6373847986712617,
    3.6521213609023686,
    2.700889510309087,
    2.696667021541736,
    1.5852211432174355,
    2.8353489631360302,
    0.7294263581301667,
    1.2488911046560336,
    1.860225480049114,
    1.9741271658322854,
    2.725191685785701,
    2.9729551316439844,
    6.016959033846815,
    1.7613423418317247,
    0.95323543585549,
    2.9065703133259686,
    5.983028476547998,
    2.8014691777952194,
    1.5143449977269774,
    1.4394186617356546,
    2.7849872196472965,
    3.7432486491151042,
    2.6605109169989682,
    2.713068472144557,
    3.064363842379977,
    3.8541670443697527,
    1.4686529685930674
  ],
  "waypoint_distance_mean": 2.660698989391404,
  "waypoint_distance_std": 1.2421285219667892,
  "speed": [
    6.0516842624594975,
    6.576027539008565,
    6.46717391701993,
    7.358636520778978,
    6.569117353638107,
    1.7285444112303427,
    6.838684291378109,
    6.493912100386481,
    6.518674191939063,
    1.8090095278433032,
    7.041121948410134,
    6.665097262666387,
    6.76027244832273,
    6.4629732349026865,
    6.930704084892242,
    6.717514181016592,
    6.701660820272895,
    7.2075697463559925,
    6.7521297887464895,
    7.138423832415441,
    1.9808170770798652,
    0.9183099605502759,
    6.433439436304962,
    6.505540958300796,
    7.422882654260485,
    6.672987144002971,
    6.6937165257246445,
    6.33775257340174,
    6.606520419654308,
    1.8916357110407025,
    1.969062433005119,
    2.0816746720012036,
    6.497536830609005,
    6.4768262484983,
    6.649874176733279,
    7.201561476430716,
    6.362961254591264,
    5.86196534150783,
    0.9444874694805583,
    7.380419138643536,
    5.152618433501242,
    6.330500119450036,
    6.102322867166807,
    6.651406429813315,
    6.932786959115193,
    6.792962522098345,
    6.600352341207865,
    6.7094435310219875,
    7.024166103101137,
    6.361794159741807
  ],
  "speed_mean": 5.846745128634466,
  "speed_std": 1.871834384448774,
  "total_reward": [
    877.4011140555881,
    735.9568843688253,
    107.63068172260452,
    179.7259700308112,
    868.2287029860598,
    -444.00842062891473,
    809.9049969126905,
    720.2685474927279,
    709.6839117428585,
    -941.5785576417998,
    879.980834080551,
    740.3485737612989,
    820.235716895459,
    707.8674422897225,
    835.5813811426781,
    950.2437338855887,
    814.4706871848322,
    844.3011536681524,
    898.8837374083971,
    836.4749004281124,
    -446.1170522076318,
    -1000.0,
    801.0361613895956,
    406.69892395428224,
    991.9064581533028,
    740.0808006541222,
    719.2787749829866,
    739.44236615776,
    766.0155233013086,
    -1000.0,
    -446.47818326151634,
    -539.5475846300242,
    773.1907144549672,
    758.3399709872541,
    690.6110648046175,
    747.7572883294542,
    173.92918058748273,
    167.7008489737741,
    -1000.0,
    803.9078873599167,
    -441.86082845302496,
    709.8360404357113,
    180.96610476668548,
    823.916635959477,
    909.1068778908452,
    880.4325447919593,
    665.80175948122,
    858.7495546664455,
    805.4083830371192,
    727.0640924383122
  ],
  "total_reward_mean": 458.37552601585287,
  "total_reward_std": 588.3930805456871,
  "timesteps": [
    276,
    213,
    177,
    344,
    228,
    33,
    253,
    203,
    235,
    33,
    285,
    228,
    217,
    164,
    271,
    235,
    227,
    337,
    214,
    278,
    33,
    33,
    190,
    192,
    324,
    205,
    201,
    155,
    217,
    33,
    33,
    33,
    181,
    207,
    206,
    334,
    147,
    123,
    33,
    339,
    33,
    149,
    140,
    228,
    281,
    230,
    190,
    248,
    266,
    150
  ],
  "timesteps_mean": 191.7,
  "timesteps_std": 90.47413995170112
}