{
  "collision_rate": [
    1.0,
    1.0,
    1.0,
    1.0,
    1.0,
    1.0,
    1.0,
    1.0,
    1.0,
    1.0,
    1.0,
    1.0,
    1.0,
    1.0,
    1.0,
    1.0,
    1.0,
    1.0,
    1.0,
    1.0,
    1.0,
    1.0,
    1.0,
    1.0,
    1.0,
    1.0,
    1.0,
    1.0,
    1.0,
    1.0,
    1.0,
    1.0,
    1.0,
    1.0,
    1.0,
    1.0,
    1.0,
    1.0,
    1.0,
    1.0,
    1.0,
    1.0,
    1.0,
    1.0,
    1.0,
    1.0,
    0.0,
    1.0,
    1.0,
    1.0
  ],
  "collision_rate_mean": 0.98,
  "collision_rate_std": 0.13999999999999999,
  "similarity": [
    0.9248313035780947,
    0.9017719515442405,
    0.9621179487840117,
    0.9006084482068232,
    0.8850035399810642,
    0.8210540059890155,
    0.9565746709982613,
    0.9642129582580532,
    0.9115121102794083,
    0.8863161236831336,
    0.9470080929509347,
    0.9532691777722475,
    0.7586189879992976,
    0.738057394274642,
    0.8669874463273624,
    0.8904302571232806,
    0.3817562130438855,
    0.9139486433750882,
    0.9069383013297485,
    0.8907596890703223,
    0.7435137170730819,
    0.8457664280653685,
    0.9287508954358477,
    0.926373653495962,
    0.7339373332222946,
    0.9058482165711031,
    0.8453718740874769,
    0.4518580294340948,
    0.9193148938995352,
    0.8326500124353462,
    0.951922434266912,
    0.9187546123530335,
    0.9000176241627811,
    0.9124822833581946,
    0.8326425715331728,
    0.9535407395833533,
    0.9251817351962429,
    0.7255059205970662,
    0.7567023899902897,
    0.8354642180306172,
    0.9090470563121983,
    0.7450539361802309,
    0.8587883043873193,
    0.9167620544026139,
    0.9465530628215288,
    0.7392726702716096,
    0.3095237037233137,
    0.7558261335987057,
    -0.06671994754069926,
    0.9029633370933843
  ],
  "similarity_mean": 0.8244889431722179,
  "similarity_std": 0.18679300899859183,
  "waypoint_distance": [
    1.4746838522480632,
    1.95654536514256,
    2.6110921222778316,
    1.9646974714513434,
    2.2399731357090085,
    5.326441116552781,
    1.1733854824840164,
    1.09807808654914,
    1.4209599072209655,
    1.8007664089539461,
    1.2816505491817487,
    1.1998508351353159,
    3.83468513711546,
    2.125917862047776,
    2.543216856272287,
    4.431448933920282,
    1.396196766635492,
    1.8471597466688454,
    1.6985363804022808,
    2.1332049878034187,
    3.919093201273441,
    2.7490372783202544,
    1.0663511856681722,
    1.5577207048114887,
    4.009375251336826,
    1.875193346263127,
    5.162171016551023,
    11.615673673678023,
    1.9430139989527215,
    2.814563311758547,
    2.9835381420910614,
    1.867788406105958,
    2.0340430197816857,
    2.6878563973877507,
    3.3414371824608993,
    2.99361613662711,
    1.6575619587892725,
    4.020430601125676,
    2.9237902203170023,
    5.447496856998837,
    1.781929578071384,
    2.841096656732346,
    5.505746533134255,
    1.7291471888563592,
    1.2436188074176329,
    1.72051081032051,
    9.498637006029506,
    3.880605611647442,
    14.164982106451102,
    1.9755442857472003
  ],
  "waypoint_distance_mean": 3.0914012295695836,
  "waypoint_distance_std": 2.5319126322939214,
  "speed": [
    5.645366605331872,
    5.790529558178261,
    4.891844118061113,
    5.435680440722254,
    6.088812409515888,
    6.401811225388596,
    5.108017095079146,
    5.069997668768152,
    6.178266447416398,
    6.126065962398908,
    5.3536992802064765,
    5.107944135745614,
    6.8898502995855875,
    7.025724953928909,
    6.733759712956167,
    5.950167759188183,
    6.096585306836373,
    5.985687481327952,
    5.908752786491343,
    5.991263147845222,
    7.023862850578273,
    6.600946497508468,
    5.42698241723917,
    6.208208746610956,
    7.4826425161966,
    5.86938545120637,
    6.427611097282088,
    6.546528187531036,
    6.066568414664157,
    6.61750098719698,
    5.104990202671361,
    5.978661865785918,
    6.04439352300897,
    5.92189864238553,
    7.1346263956363085,
    5.10059812611483,
    5.57698399608668,
    6.864605918590993,
    7.075759099331944,
    6.440779353944541,
    5.7633412898176175,
    7.023425200649551,
    6.638717634958947,
    5.69586411449959,
    5.0601535437912775,
    7.031306204276528,
    7.358713393168033,
    6.865160136395662,
    6.002052693004462,
    6.094660916587436
  ],
  "speed_mean": 6.136535116233854,
  "speed_std": 0.6705183616491484,
  "total_reward": [
    883.049760003152,
    770.5375447522009,
    321.7359399908401,
    741.260141147194,
    776.1778310317029,
    344.1333075803194,
    695.9537223621265,
    707.348297497471,
    1023.418227250141,
    831.087601610334,
    699.1996442766651,
    703.5984475402579,
    792.7498822435915,
    828.9660148907395,
    1055.4455187249,
    339.97986913824144,
    329.90813995828387,
    798.117226653365,
    867.5872353844242,
    744.5250128543639,
    598.9429876163169,
    892.6394504781272,
    518.9621999067363,
    1092.9840022087772,
    451.44270635254384,
    722.7574439637224,
    355.377406299184,
    9.904910551692858,
    807.9690345924466,
    594.37109923297,
    334.9856678255745,
    810.4347813833525,
    734.9131343712705,
    621.1191151014358,
    447.0278090722414,
    313.3464691001059,
    741.4873771902156,
    772.6040159862691,
    1021.0586791291607,
    366.0662118054769,
    744.040589152427,
    620.1746351336045,
    372.077365411518,
    707.56467849435,
    666.6492311535412,
    1022.9094332549148,
    1007.566742128178,
    816.7986751587085,
    -12.032282094131967,
    763.7306269481761
  ],
  "total_reward_mean": 663.4530712359843,
  "total_reward_std": 251.86584063396765,
  "timesteps": [
    244,
    223,
    147,
    229,
    227,
    242,
    163,
    159,
    214,
    215,
    165,
    168,
    291,
    301,
    279,
    215,
    229,
    210,
    211,
    216,
    291,
    269,
    117,
    234,
    266,
    200,
    251,
    247,
    207,
    256,
    167,
    215,
    205,
    206,
    224,
    156,
    196,
    295,
    297,
    268,
    209,
    290,
    277,
    187,
    164,
    295,
    512,
    298,
    232,
    211
  ],
  "timesteps_mean": 231.8,
  "timesteps_std": 60.518426945848496
}