{
  "collision_rate": [
    1.0,
    1.0,
    1.0,
    1.0,
    0.0,
    1.0,
    1.0,
    1.0,
    1.0,
    1.0,
    1.0,
    1.0,
    0.0,
    1.0,
    1.0,
    1.0,
    0.0,
    1.0,
    1.0,
    1.0,
    1.0,
    1.0,
    1.0,
    1.0,
    1.0,
    1.0,
    1.0,
    1.0,
    1.0,
    1.0,
    1.0,
    0.0,
    1.0,
    1.0,
    1.0,
    1.0,
    1.0,
    0.0,
    1.0,
    1.0,
    1.0,
    1.0,
    1.0,
    1.0,
    1.0,
    1.0,
    1.0,
    1.0,
    1.0,
    1.0
  ],
  "collision_rate_mean": 0.9,
  "collision_rate_std": 0.3,
  "similarity": [
    0.5013364621049328,
    0.7509471190288364,
    0.6836125202831754,
    0.8288398603107251,
    0.27033334856615104,
    0.9031724552548079,
    0.8575256022812031,
    0.919486055797136,
    0.8545145278876649,
    0.8947649366692676,
    0.8627508014518838,
    0.8421933310689842,
    0.5792170223471282,
    0.9513487531185387,
    0.5667218834856268,
    0.9417050310044192,
    0.2686124052523666,
    0.6867916830563587,
    0.7397883748374168,
    0.9712628664159695,
    0.6570844131757986,
    0.9546696137124399,
    0.29159900124519705,
    0.9998413357474024,
    0.952653506911007,
    0.817906818802385,
    0.40025576533158885,
    0.8774409764536547,
    0.9092921852566757,
    0.8007134291756438,
    0.4746050772081869,
    0.3386535099412821,
    0.8263015107892793,
    0.8249848907298635,
    0.8116715275903523,
    0.9147027017007409,
    0.6555828367459341,
    0.3269611940482982,
    0.9245359299463088,
    0.7324629810962777,
    0.9168411835505319,
    0.6532436057885079,
    0.640922355218982,
    0.5106231147427933,
    0.8164879226109449,
    0.7170891237191059,
    0.6836214014428172,
    0.6679583620668659,
    0.7700817275304596,
    0.853487409887909
  ],
  "similarity_mean": 0.7319440090477966,
  "similarity_std": 0.20017005887296663,
  "waypoint_distance": [
    5.65214917078844,
    3.2863690980635467,
    3.749661514542726,
    3.4518072842980625,
    10.72667695825463,
    2.2130008439872424,
    2.5626453358430337,
    1.760646544456726,
    2.5676298885972177,
    1.9067635044720523,
    2.451672113692277,
    2.6063065709035245,
    3.925924969945718,
    2.0337872545023106,
    7.214431962197956,
    1.4936593587418614,
    8.955385171720966,
    4.059898228618298,
    4.184389194130375,
    1.005438417821816,
    4.526732053928517,
    1.337644061683155,
    10.240056673708375,
    0.36658661226675027,
    2.618008052879308,
    3.265886879664623,
    12.605108032849811,
    2.0433841331866334,
    1.839193623376475,
    3.717125478099848,
    6.602315057867794,
    9.93381741006387,
    2.7264904935109096,
    3.0474350959526935,
    2.4654017675916258,
    2.4561216725798585,
    4.687278561838744,
    10.093995441442695,
    1.8312429659832004,
    4.81847318888174,
    1.9996345357349983,
    4.88851186929726,
    4.820825988470309,
    5.672584983923846,
    3.2572967001547637,
    5.108517016914984,
    3.2386438533849193,
    5.758646886637375,
    3.6847776647965396,
    2.632057296915928
  ],
  "waypoint_distance_mean": 4.161840748783327,
  "waypoint_distance_std": 2.739096029382706,
  "speed": [
    6.855786535733134,
    7.324246966605285,
    6.995643497338517,
    7.065471267266389,
    7.287323986085626,
    6.410342000143237,
    6.579798606152809,
    5.464158702727949,
    6.364064452153427,
    5.4960439927185565,
    6.439406952031329,
    6.650796942266462,
    7.28336462639625,
    6.420657323700805,
    7.031465719634534,
    5.518728502500932,
    7.319745387174205,
    7.281381653082548,
    7.059395602454787,
    5.525636386865228,
    7.24907814462186,
    5.6121791601977815,
    7.0804997723726855,
    1.5000821608066661,
    6.647937976760306,
    6.736333215685286,
    7.3234445884365975,
    6.76746650725753,
    5.739101380186506,
    6.950940032624085,
    7.191157432257516,
    7.51350936492996,
    6.680474171270427,
    6.705647155948144,
    6.766043262209033,
    6.2895456478911145,
    7.248458541684142,
    7.304072382626903,
    5.657264042889123,
    6.955019698382553,
    5.592983295871085,
    7.301604818362913,
    7.155957754085456,
    7.399457833046223,
    7.029855175886789,
    7.228300523549646,
    7.088859744057683,
    7.198411751140137,
    6.969578710005433,
    6.409639114424796
  ],
  "speed_mean": 6.633327249250008,
  "speed_std": 0.9417609484470835,
  "total_reward": [
    814.282087225677,
    851.1959064545825,
    1016.8872300162793,
    960.4868725103905,
    809.0545058558122,
    860.9562700920325,
    792.788076461917,
    710.5012938195448,
    784.233962072094,
    722.0123755935467,
    784.1114410784392,
    681.6167001555488,
    1424.5045545181308,
    1092.0458536045555,
    800.9036996247245,
    771.7826303437646,
    540.8275711511876,
    806.1269661868947,
    688.1574381911458,
    849.4427034255343,
    731.0065324353468,
    894.6452954503037,
    743.4382389608555,
    38.42015681981981,
    853.1857891418459,
    787.1709490841635,
    353.5154566774543,
    955.4634669366661,
    813.5916864472844,
    848.354430843288,
    570.2851606526265,
    994.6120344349761,
    748.4076322332379,
    775.9393212599498,
    742.1107061647963,
    887.5877125840656,
    703.7357325533997,
    935.4692620940034,
    786.4879162222476,
    817.8378054112609,
    809.3438602761851,
    576.6118726830026,
    770.1625058648837,
    848.3243534770526,
    808.7440726791729,
    794.6024051626399,
    671.0028529072049,
    825.0751988905079,
    780.9068893621368,
    784.8229070787921
  ],
  "total_reward_mean": 788.2556068634194,
  "total_reward_std": 183.82609628144928,
  "timesteps": [
    453,
    363,
    337,
    293,
    512,
    226,
    225,
    180,
    229,
    201,
    225,
    232,
    512,
    262,
    391,
    179,
    512,
    332,
    338,
    168,
    341,
    191,
    510,
    33,
    240,
    260,
    459,
    248,
    208,
    280,
    412,
    512,
    261,
    246,
    253,
    254,
    349,
    512,
    196,
    318,
    220,
    351,
    373,
    425,
    295,
    317,
    335,
    348,
    320,
    232
  ],
  "timesteps_mean": 309.38,
  "timesteps_std": 108.50214560090504
}