{
  "collision_rate": [
    1.0,
    1.0,
    1.0,
    1.0,
    1.0,
    1.0,
    1.0,
    1.0,
    1.0,
    1.0,
    1.0,
    1.0,
    1.0,
    1.0,
    1.0,
    1.0,
    1.0,
    1.0,
    1.0,
    1.0,
    1.0,
    1.0,
    1.0,
    1.0,
    1.0,
    1.0,
    1.0,
    1.0,
    1.0,
    1.0,
    1.0,
    1.0,
    1.0,
    1.0,
    1.0,
    1.0,
    1.0,
    1.0,
    1.0,
    1.0,
    1.0,
    1.0,
    1.0,
    1.0,
    1.0,
    1.0,
    1.0,
    1.0,
    1.0,
    1.0
  ],
  "collision_rate_mean": 1.0,
  "collision_rate_std": 0.0,
  "similarity": [
    0.878278102151514,
    0.8400645696634033,
    0.3361477311470513,
    -0.06029764359577188,
    0.8497187126300377,
    0.8192122135873585,
    0.8182082827522394,
    0.9105316438818912,
    0.8061413032232639,
    0.9968821277811434,
    0.7515007315127703,
    0.7972899661131537,
    0.8513786879443767,
    0.8563245351649645,
    0.787712533003388,
    0.9153567395998059,
    0.8067654702098574,
    0.6720273337666076,
    0.8331135573841137,
    0.9205646163297132,
    0.8710256251126658,
    0.9999998134053454,
    0.6326775453779353,
    -0.10133337501866152,
    0.8485425370708207,
    0.8518509114272668,
    0.8450314226539103,
    0.8981528917681335,
    0.9351798357800221,
    0.824420660074018,
    0.7224475565596101,
    0.8142623141003642,
    0.929626399288804,
    0.8691011806423969,
    0.8430781961681855,
    0.5925411142233755,
    0.9171068860083171,
    0.6095397845522901,
    0.8051427102874399,
    0.5951507146006868,
    0.7929231946551972,
    0.9065878110642517,
    0.9239819485046815,
    0.7391623391292997,
    0.7429285856522005,
    0.8463418576810945,
    0.8536089190549578,
    0.805919621836599,
    0.7519183179203204,
    0.8905740986437638
  ],
  "similarity_mean": 0.7788882526495234,
  "similarity_std": 0.20897826684759022,
  "waypoint_distance": [
    3.289333946402695,
    2.852894122160534,
    1.461811830934276,
    4.846888419958346,
    2.622459079810043,
    3.074068233185523,
    3.549597858017479,
    1.6400983299973428,
    3.5782179582072855,
    1.020380916699834,
    4.1549617472495965,
    3.472001162489752,
    2.694508186028404,
    2.417851120360937,
    3.935520325342862,
    1.435231958629345,
    2.9745657435634616,
    6.3177684688865545,
    3.058952158761765,
    4.841403467144438,
    2.2105467932210097,
    1.6870049984014075,
    6.987317167120454,
    6.111953297863552,
    2.1966702475235205,
    2.729435920050286,
    2.658251155618932,
    1.71434512992954,
    1.6344420815502565,
    2.6984811513122593,
    3.444795982615979,
    3.339078213695967,
    1.4474933863954191,
    2.6894959014082658,
    3.0476609252567326,
    7.445125090512725,
    1.686205804444044,
    6.6480918998197716,
    3.475921408736252,
    7.444773593062783,
    3.409713269465335,
    1.6913877975300196,
    1.6049757657793255,
    4.233187741933324,
    4.181353961074228,
    2.8120536353958108,
    2.7827011982890753,
    2.9269852641435152,
    4.077783882285501,
    1.6765260074198625
  ],
  "waypoint_distance_mean": 3.2786454741137123,
  "waypoint_distance_std": 1.599899530756627,
  "speed": [
    5.761769342202111,
    6.244042357993787,
    5.9802516353117205,
    7.107657552515529,
    6.502897875737096,
    6.317775708923155,
    6.726649193131603,
    5.865270715533555,
    6.255377038406273,
    1.899055233548593,
    6.731460395588004,
    6.40733830936704,
    6.500740168495479,
    6.075062875122049,
    6.529255737124284,
    5.813205181811753,
    6.481000026033534,
    6.876254780003632,
    6.247621673441494,
    7.486879632503253,
    6.048365336009309,
    1.2274365382801514e-05,
    7.278365137633473,
    6.940668760496853,
    6.251002775490977,
    6.233413707460824,
    6.317210097477347,
    5.992238658444122,
    5.906819293117061,
    6.342751065859512,
    6.159822028820982,
    6.504596083245154,
    5.908379223687331,
    6.285730921758076,
    6.257192470826116,
    7.149454745524208,
    5.881600753538252,
    7.06317267552627,
    6.515505248728007,
    7.003710314586097,
    6.254410745896621,
    6.0881174946267045,
    6.01365609332862,
    6.820246775788307,
    6.816953363940722,
    6.47127248045566,
    6.020942779760796,
    6.423151354753351,
    6.727139036753788,
    5.9705172170578935
  ],
  "speed_mean": 6.189119686955036,
  "speed_std": 1.1598859754068789,
  "total_reward": [
    701.304952068068,
    663.2691866291458,
    142.08960306633952,
    60.476402260394096,
    815.5590685283497,
    605.3795761020727,
    751.0784312915313,
    564.3548494045708,
    576.7439084734955,
    -1000.0,
    730.5412572981652,
    601.6019159725075,
    724.6096994593545,
    588.6335284505092,
    758.9757791158338,
    600.2294270853425,
    716.4960598649584,
    710.8108577670752,
    607.4224249812972,
    864.6689110457241,
    580.5915384158235,
    -1000.0,
    664.9974519499627,
    92.1859638231679,
    -377.73832728823345,
    637.1358426754837,
    596.8360515555371,
    599.586218607549,
    621.5021616732383,
    688.2182356589058,
    558.701495346103,
    627.1549313313125,
    635.1000220102148,
    603.2462094081696,
    562.2874421973028,
    622.7200909676046,
    68.71006121781193,
    639.9933473886564,
    632.1164069027357,
    633.1801388701318,
    591.2741556555851,
    627.0616230345181,
    660.0695514513144,
    675.9203978814276,
    644.1335582519712,
    768.2967875599467,
    555.4183489779562,
    691.6247033243745,
    670.1351961080334,
    609.5502627780863
  ],
  "total_reward_mean": 519.2851141319886,
  "total_reward_std": 377.09152417244695,
  "timesteps": [
    286,
    214,
    152,
    335,
    229,
    209,
    258,
    141,
    224,
    33,
    279,
    225,
    216,
    172,
    282,
    144,
    227,
    352,
    208,
    457,
    168,
    33,
    344,
    362,
    176,
    200,
    188,
    151,
    146,
    211,
    214,
    223,
    145,
    188,
    195,
    359,
    138,
    341,
    229,
    369,
    220,
    154,
    155,
    268,
    260,
    230,
    186,
    225,
    262,
    156
  ],
  "timesteps_mean": 222.78,
  "timesteps_std": 81.33419698995004
}