{
  "collision_rate": [
    1.0,
    1.0,
    1.0,
    1.0,
    1.0,
    1.0,
    1.0,
    0.0,
    1.0,
    1.0,
    1.0,
    1.0,
    1.0,
    1.0,
    1.0,
    1.0,
    1.0,
    1.0,
    1.0,
    1.0,
    1.0,
    1.0,
    1.0,
    1.0,
    1.0,
    1.0,
    1.0,
    0.0,
    1.0,
    1.0,
    0.0,
    1.0,
    1.0,
    1.0,
    1.0,
    1.0,
    0.0,
    1.0,
    1.0,
    1.0,
    1.0,
    1.0,
    1.0,
    1.0,
    0.0,
    1.0,
    1.0,
    1.0,
    1.0,
    1.0
  ],
  "collision_rate_mean": 0.9,
  "collision_rate_std": 0.3,
  "similarity": [
    0.976956523835223,
    0.9725740143420826,
    -0.06397335574515697,
    0.5188385181671124,
    -0.8680524361872263,
    0.8961680585617342,
    -0.6389244947649227,
    0.22991035787491074,
    0.9917126472026868,
    0.9264949604164916,
    0.16014910815579958,
    0.7802244239618671,
    0.9378175070180831,
    0.8950505337797088,
    0.9934081528400112,
    0.9999173382342798,
    0.9241431837130167,
    0.9918884057264137,
    0.8928004345147759,
    0.997650711560041,
    0.8410628318639043,
    0.9998127758056716,
    0.9891579828700253,
    0.9808717746135448,
    0.9387440110237562,
    0.9980313206778542,
    0.9651686965919962,
    0.46443953107937275,
    0.7167843662823545,
    0.9897698139149447,
    0.9164031669159773,
    0.9902633797327669,
    0.9958315642624531,
    0.9878459157186689,
    0.792274215792604,
    0.9962448603380032,
    0.36467985234111333,
    0.8988288748721847,
    0.9030531062753155,
    0.6714968264439752,
    0.9869746819867945,
    0.8839051327244266,
    0.7037367996044445,
    0.9839846220060352,
    0.3360006078068185,
    0.9755518793625622,
    0.8823308568573164,
    0.9254945773920683,
    0.9370381744567471,
    0.9961211581219163
  ],
  "similarity_mean": 0.7705331590188509,
  "similarity_std": 0.39620592763367574,
  "waypoint_distance": [
    0.5618235737865391,
    0.8011394856601936,
    36.60785824630132,
    2.917729168235813,
    3.310368944692608,
    1.8087747816961264,
    8.768779185180804,
    12.883368716858048,
    0.5629385612453814,
    4.572191372964178,
    3.1089778880379706,
    4.09091791947143,
    1.2957605873577924,
    1.3702157039282337,
    12.576551603617547,
    1.3515901707712064,
    1.3973138991472822,
    0.5550559314399726,
    2.0354037209332128,
    0.40498460370612593,
    2.6209915047110295,
    0.15970069842231704,
    0.7515768019195613,
    0.6575313030449064,
    1.1998315861815947,
    0.7421470570038511,
    0.7855529965546645,
    10.166041236504585,
    5.201884357059199,
    0.6139222237812618,
    7.478885186442573,
    0.6022262217251592,
    0.33428124706109774,
    0.5608125858706475,
    3.432502065385834,
    0.47307712282316144,
    11.64112246804408,
    1.7613569764709278,
    1.6647747498836658,
    6.009236220748112,
    0.6485568593773812,
    1.91118727192052,
    4.96875762700721,
    0.6228363147011577,
    12.384705550062954,
    0.7588412429366003,
    2.281585422324585,
    1.4008929221206639,
    3.4571969188320812,
    0.7610053253781658
  ],
  "waypoint_distance_mean": 3.740695282586626,
  "waypoint_distance_std": 5.856845567335327,
  "speed": [
    3.66351723369867,
    5.0782492299350235,
    79.20157693885683,
    17.202438607415022,
    5.31478010500793,
    6.306849196280248,
    6.6278132995216055,
    7.727851829511929,
    3.833912009123589,
    14.385410664434033,
    3.8285093958098764,
    7.068927970451235,
    2.6609703693411615,
    5.673635237684877,
    16.505525924421534,
    1.1602663866374154,
    6.039510455991662,
    2.859405138065392,
    6.27959604318758,
    1.7406564107865692,
    6.067660489513998,
    1.8435950476267866,
    3.7238362620072394,
    4.209368701956942,
    2.678676846962705,
    5.377694194146763,
    4.742390204706893,
    6.60012678009243,
    6.639801201333024,
    4.406602140193664,
    6.929352874114898,
    4.0904827948293985,
    1.5864565370167958,
    3.874257581278879,
    6.6640622867317205,
    1.920839750780577,
    7.338436523646771,
    6.180031675101871,
    5.983816710310738,
    6.661786620373672,
    4.341643612810254,
    6.1648250380675,
    7.132820708923949,
    4.023977804516389,
    7.591005424710741,
    4.858754843328887,
    6.164575382414488,
    5.936413795459898,
    9.873893577443729,
    2.5724817879458506
  ],
  "speed_mean": 7.186781392890192,
  "speed_std": 10.776086166364637,
  "total_reward": [
    38.27729070074281,
    28.850012279100042,
    -1000.0,
    235.78098013018203,
    -1000.0,
    660.243766298655,
    -209.7675140806438,
    638.3423988387312,
    -231.12054023032368,
    -936.9501360787503,
    -1000.0,
    747.48312459434,
    658.9161125427544,
    546.644995283316,
    -486.90767851681346,
    -600.0,
    621.4585770194434,
    -363.8100696129618,
    714.26033041934,
    -1000.0,
    649.8713089795657,
    -440.2753075197109,
    -236.4045561048037,
    -180.27547321509343,
    137.24635647452408,
    167.60098463817292,
    -74.43350395365957,
    713.3078988707902,
    704.9742331899175,
    -121.31312847377461,
    1000.7330443358397,
    -189.4500267058113,
    -1000.0,
    -211.12617305941433,
    639.2171861472458,
    -1000.0,
    671.0159834220523,
    658.4521413757474,
    614.5812068224797,
    -297.90436525035557,
    -150.10326158133262,
    635.0202169367869,
    181.63968497946553,
    -208.8662706789063,
    665.2582225886616,
    -38.90617250628816,
    760.5545762354261,
    634.107916998054,
    -1000.0,
    72.54989355411898
  ],
  "total_reward_mean": 36.37548532173619,
  "total_reward_std": 604.6254998818562,
  "timesteps": [
    155,
    110,
    33,
    33,
    33,
    162,
    350,
    512,
    73,
    33,
    33,
    270,
    310,
    136,
    33,
    33,
    137,
    50,
    184,
    33,
    205,
    33,
    74,
    80,
    283,
    126,
    96,
    512,
    318,
    89,
    512,
    79,
    33,
    78,
    229,
    33,
    512,
    164,
    155,
    345,
    84,
    168,
    288,
    76,
    512,
    100,
    205,
    144,
    33,
    33
  ],
  "timesteps_mean": 166.24,
  "timesteps_std": 146.66350057188734
}