{
  "collision_rate": [
    1.0,
    1.0,
    1.0,
    1.0,
    1.0,
    1.0,
    1.0,
    1.0,
    1.0,
    1.0,
    1.0,
    1.0,
    1.0,
    1.0,
    1.0,
    1.0,
    1.0,
    1.0,
    1.0,
    1.0,
    1.0,
    1.0,
    1.0,
    1.0,
    1.0,
    1.0,
    1.0,
    1.0,
    1.0,
    1.0,
    1.0,
    1.0,
    1.0,
    1.0,
    1.0,
    1.0,
    1.0,
    1.0,
    1.0,
    1.0,
    1.0,
    1.0,
    1.0,
    1.0,
    1.0,
    1.0,
    1.0,
    1.0,
    1.0,
    1.0
  ],
  "collision_rate_mean": 1.0,
  "collision_rate_std": 0.0,
  "similarity": [
    0.8895020500063131,
    0.9631866078449354,
    0.7953475813510203,
    0.7480799228511631,
    0.8847444670916099,
    0.6201127119241018,
    0.9844295575217245,
    0.950882016461359,
    0.8667272854009126,
    0.7701042581977866,
    0.8444281255118611,
    0.7476467593816115,
    0.9891814986531783,
    0.7676826289765317,
    0.36804906838188334,
    0.7975855659740818,
    0.6243549720874529,
    0.6785330598831627,
    0.8756147256774661,
    0.7403733377690459,
    0.8411667611283787,
    0.9173208120804456,
    0.9474930178111942,
    0.7285467868850819,
    0.9994566084444568,
    0.9330404520490987,
    0.9448546512349986,
    0.957458293462815,
    0.8594547632104544,
    0.9000244549795002,
    0.8347134557024339,
    -0.5043920724201774,
    0.9512135452708488,
    0.7660647757636416,
    0.9174254048888856,
    0.6657628546515802,
    0.8973586350971894,
    0.862998434895534,
    0.9552860573221998,
    0.8587968273788098,
    0.684843969867849,
    0.9518630430202475,
    0.7518837923034886,
    0.32401272609662674,
    0.9862835149047566,
    0.7788482651363314,
    0.9457962885630349,
    0.8650606897121874,
    0.7399573305538059,
    0.8589432601866253
  ],
  "similarity_mean": 0.8005620720225908,
  "similarity_std": 0.23296129737468976,
  "waypoint_distance": [
    1.4575981673530125,
    0.9056947035854901,
    2.5781481066220957,
    5.366261675751878,
    1.6188762643740657,
    3.911760185703732,
    0.7056203937412454,
    1.0652469575943022,
    3.895361866233791,
    2.7463908314351477,
    3.3696972525401203,
    1.6495248364071424,
    0.25769437078112506,
    3.4511213966093086,
    14.83735545961438,
    2.6092592126100618,
    4.340794212420552,
    3.3820852524254357,
    1.7973159724630916,
    3.3407133835336285,
    2.8500028024518516,
    1.3741714351233196,
    1.0704470032009128,
    3.0997776272977005,
    0.22019699229957224,
    3.1847710918418475,
    2.4000971573126666,
    2.986513431870245,
    1.9339968364945497,
    4.038349229756719,
    2.077621784006905,
    18.513238321613688,
    1.0662199106827763,
    2.955346319050178,
    1.28304114704604,
    3.4290553479026866,
    1.549716955100595,
    1.9569973192036498,
    0.9032555373680666,
    1.920933233930941,
    3.8941146633547565,
    9.976205253495788,
    2.9659328385428454,
    7.873586042124962,
    0.7210864547034886,
    3.566331724198437,
    1.0196861383887998,
    2.250724093409879,
    1.5311855930554223,
    3.7915879515106368
  ],
  "waypoint_distance_mean": 3.1938142147627913,
  "waypoint_distance_std": 3.2760200252375724,
  "speed": [
    5.285889977359358,
    4.764480265379703,
    6.639675245994922,
    6.450339420939148,
    5.4106558077560365,
    7.036833895054858,
    5.0054871261395135,
    5.767110497496512,
    5.7876714517285,
    6.408903448478604,
    6.119892974060657,
    6.5383086382859625,
    1.1980859424467178,
    6.597304159706039,
    6.9485358585859975,
    6.6949356627091765,
    7.0162891197774915,
    7.113503762508302,
    6.227056562852424,
    6.647814823827772,
    5.811157614681421,
    5.305665984955435,
    5.615397837436505,
    6.658226172891388,
    1.7478232821586128,
    5.451207692086157,
    5.4228953243030515,
    5.239781001805039,
    5.880965982687407,
    5.56218461604303,
    5.895691489642973,
    8.081874603825108,
    4.88762028172782,
    6.568380393053797,
    5.085654572791337,
    7.107914681146651,
    5.976900523426147,
    6.058279948811529,
    4.9727976029351195,
    5.859156943182772,
    7.117413649682902,
    5.306901908820874,
    6.471410450593203,
    7.42268477529836,
    4.69483162048638,
    6.5966214948855315,
    4.803257023905639,
    5.699970815281297,
    6.615282245677526,
    5.7124466442295265
  ],
  "speed_mean": 5.865783436390806,
  "speed_std": 1.1826718478374298,
  "total_reward": [
    677.9816445762111,
    10.082811719817983,
    773.243360846878,
    303.4136194907539,
    582.1622987206285,
    755.9971757794287,
    142.45233409616333,
    656.0711756929949,
    337.906255928835,
    647.4630565544301,
    337.7976671876359,
    778.976572754537,
    -1000.0,
    622.1896633851702,
    6.2523327612985895,
    805.7584982136434,
    675.6901388418191,
    430.5280465377849,
    809.2532664565258,
    402.30701658914995,
    386.83948448947683,
    607.6580391110737,
    630.1067403284566,
    652.3002496203738,
    46.55986833858062,
    348.6076786397097,
    -54.20440006837413,
    335.15036479814347,
    666.8915403595463,
    360.7287746135623,
    633.9743383349365,
    -522.5691714265475,
    531.9558508354812,
    673.715133291824,
    66.23646047930686,
    646.5258132731748,
    827.2312466682396,
    709.1147643786801,
    538.183058743536,
    665.896672244163,
    799.9876345877866,
    19.29308427454674,
    648.4375563686588,
    151.79912893363496,
    55.949417765735234,
    623.6672584103844,
    521.7402803970557,
    579.2542108935331,
    775.620130282404,
    335.3307223219699
  ],
  "total_reward_mean": 440.35017734845525,
  "total_reward_std": 354.1835299099996,
  "timesteps": [
    212,
    114,
    229,
    218,
    162,
    276,
    132,
    133,
    180,
    214,
    161,
    225,
    33,
    233,
    264,
    232,
    270,
    277,
    199,
    222,
    184,
    153,
    132,
    227,
    33,
    162,
    161,
    149,
    186,
    212,
    188,
    495,
    122,
    220,
    141,
    278,
    201,
    190,
    119,
    187,
    274,
    146,
    221,
    250,
    122,
    228,
    123,
    179,
    225,
    179
  ],
  "timesteps_mean": 193.46,
  "timesteps_std": 70.47728995924857
}