{
  "collision_rate": [
    1.0,
    1.0,
    1.0,
    1.0,
    1.0,
    1.0,
    1.0,
    1.0,
    1.0,
    1.0,
    1.0,
    1.0,
    1.0,
    1.0,
    1.0,
    1.0,
    1.0,
    1.0,
    1.0,
    1.0,
    1.0,
    1.0,
    0.0,
    1.0,
    1.0,
    1.0,
    1.0,
    0.0,
    1.0,
    1.0,
    0.0,
    1.0,
    1.0,
    1.0,
    1.0,
    1.0,
    1.0,
    1.0,
    1.0,
    1.0,
    1.0,
    1.0,
    1.0,
    1.0,
    0.0,
    1.0,
    1.0,
    1.0,
    1.0,
    1.0
  ],
  "collision_rate_mean": 0.92,
  "collision_rate_std": 0.2712931993250107,
  "similarity": [
    0.9742720310065515,
    0.771249576449744,
    0.9861507157112878,
    0.5132452796154966,
    0.5413020304066155,
    0.9045498953834779,
    -0.4442977085518111,
    0.689090612708242,
    0.9920174077280934,
    0.992201968823185,
    0.9989447582830356,
    0.6909960550216543,
    0.9549789521398543,
    0.8997068271935651,
    0.06978338536157677,
    -0.05388465531146458,
    0.932578481376583,
    -0.09164037885597252,
    0.9960847426114239,
    0.9831994003987371,
    0.99063265450314,
    0.9430048923348107,
    0.08631565116569512,
    0.963812515541981,
    0.917043858837099,
    0.6693268907283475,
    0.8439375721879439,
    0.024008838603049747,
    -0.17712474435467251,
    0.9995747906786979,
    0.7014133596475656,
    0.9914872050737674,
    0.8796426819277822,
    0.9835408719759184,
    0.7594051904412175,
    0.9952609622492651,
    0.9999951708583518,
    0.9021804152089535,
    0.9091234655188379,
    0.3119978934067594,
    0.9934012606224938,
    0.8641689353710995,
    0.7166149973255858,
    0.7338151406273289,
    0.11001542305740479,
    0.9226087275309509,
    0.8348325580084835,
    0.9290466490099829,
    0.9999156976560107,
    0.9311215165829779
  ],
  "similarity_mean": 0.720613008396534,
  "similarity_std": 0.37538496391119924,
  "waypoint_distance": [
    0.5437451057323796,
    2.8559345007370003,
    0.6090276102455087,
    4.517327942693597,
    5.451374154624434,
    1.5499012754164363,
    7.790208736448463,
    3.5939639957464458,
    0.6259466544348024,
    2.366727290464908,
    0.2881414973665906,
    3.6059891624029676,
    0.9528546658674929,
    1.3523989403480083,
    16.262753734125187,
    2.5652550467385153,
    1.280659474993077,
    3.5367713849486195,
    0.6534694937675888,
    0.6903002146474454,
    0.3944547286114967,
    4.841905165580673,
    12.04988275167586,
    5.461281432572616,
    0.6117860871707744,
    4.119637584652591,
    1.9944299515805985,
    12.470291193019152,
    5.445674486233156,
    0.3318100214548967,
    9.044405300170146,
    0.6048604414275403,
    5.434262177378698,
    0.230086557985829,
    2.9181437549108176,
    0.5145271449343995,
    0.1701906463422314,
    1.5216385466532887,
    1.5304923584361851,
    8.43980208258995,
    0.6373014157332598,
    1.8470936172064367,
    3.4758895919924684,
    3.1736668532450945,
    11.984881550700493,
    1.3817071545183244,
    2.088728169631174,
    1.3338667106254907,
    2.0484796071342988,
    1.2791727599904883
  ],
  "waypoint_distance_mean": 3.3694620145181586,
  "waypoint_distance_std": 3.6342232725037715,
  "speed": [
    3.5308759049282483,
    6.539802868573071,
    3.561507891810756,
    6.743527892221018,
    7.061137053596891,
    5.818813098834126,
    7.290665065542768,
    6.840191191596409,
    4.436204144168139,
    8.728991093600568,
    1.4702283456473375,
    6.835796834741637,
    2.9591292990768525,
    5.245437598125461,
    60.66035101367359,
    2.5283956677646113,
    5.403617621927336,
    12.127998309508174,
    1.526974308527604,
    4.3059758257565575,
    4.549423334562303,
    16.846428322624853,
    7.8429872244965955,
    15.143265651924168,
    0.41369051859822664,
    12.169220952654813,
    5.917390889348059,
    8.145548999687033,
    17.471173581693204,
    1.5762251440708852,
    6.65030741698361,
    3.730758596528357,
    20.536503628528994,
    0.9811336672618733,
    6.555919553057936,
    1.967062456353628,
    0.058954207080333616,
    5.556272454064876,
    5.516189029879877,
    7.40010901657,
    4.26821667732441,
    5.752582406073214,
    7.0793267619048805,
    6.400850489697481,
    8.04298307803007,
    5.479203467509406,
    5.677670958445945,
    5.436537695047502,
    0.8793551193162926,
    5.359897222536782
  ],
  "speed_mean": 7.340416191029536,
  "speed_std": 8.708724805678385,
  "total_reward": [
    28.55922816382099,
    779.2745131714605,
    -237.23150355667212,
    575.6830273913259,
    699.4246808623218,
    748.1382805237154,
    -183.62534193111185,
    654.9319178826752,
    -45.73769461405186,
    -1000.0,
    -72.35875648070352,
    706.5471489901554,
    616.3466703148703,
    581.7520896196601,
    -495.3508890111533,
    -480.0,
    669.5103690021177,
    -1000.0,
    39.56430281139995,
    -48.64505708276721,
    -441.20711447890466,
    -1000.0,
    709.5898335313301,
    -1000.0,
    -8.561677273647756,
    -1000.0,
    672.6027985517845,
    665.4044936685609,
    -1000.0,
    31.242672118451736,
    1088.5297844902607,
    -197.34296124981694,
    -461.76077769003035,
    -69.02816525923717,
    702.773174812349,
    -1000.0,
    -1000.0,
    687.7400230254323,
    634.4860436399255,
    631.8476107822411,
    -100.6982751261765,
    657.7172907530169,
    770.328584655297,
    673.9024127847164,
    810.088657293356,
    658.6538966374827,
    638.2677899845654,
    659.5512460136991,
    -482.77444537516595,
    672.257349547173
  ],
  "total_reward_mean": 122.80786463787456,
  "total_reward_std": 645.2703819324294,
  "timesteps": [
    159,
    238,
    77,
    267,
    317,
    180,
    333,
    245,
    105,
    33,
    33,
    258,
    257,
    152,
    33,
    33,
    157,
    33,
    33,
    109,
    33,
    33,
    512,
    33,
    33,
    33,
    196,
    512,
    33,
    33,
    512,
    84,
    33,
    33,
    233,
    33,
    33,
    177,
    162,
    391,
    96,
    185,
    253,
    237,
    512,
    159,
    191,
    156,
    33,
    161
  ],
  "timesteps_mean": 163.54,
  "timesteps_std": 140.2128681683675
}