{
  "collision_rate": [
    1.0,
    1.0,
    1.0,
    1.0,
    1.0,
    1.0,
    1.0,
    1.0,
    1.0,
    1.0,
    1.0,
    1.0,
    1.0,
    1.0,
    1.0,
    1.0,
    1.0,
    1.0,
    1.0,
    1.0,
    1.0,
    1.0,
    1.0,
    1.0,
    1.0,
    1.0,
    1.0,
    1.0,
    1.0,
    1.0,
    1.0,
    1.0,
    1.0,
    1.0,
    1.0,
    1.0,
    1.0,
    1.0,
    1.0,
    1.0,
    0.0,
    1.0,
    1.0,
    1.0,
    1.0,
    1.0,
    1.0,
    1.0,
    1.0,
    1.0
  ],
  "collision_rate_mean": 0.98,
  "collision_rate_std": 0.13999999999999999,
  "similarity": [
    0.8593790253417791,
    0.6036024841044783,
    0.8622719528179118,
    0.7555420853499587,
    0.7692329431125698,
    0.9407639678997368,
    0.7981212125075887,
    0.6368997157538592,
    0.6215803151903515,
    0.7239116138212887,
    0.45381593271123466,
    0.9956130627351585,
    0.6398179223546566,
    0.8117198530262711,
    0.6205422242844126,
    0.7150433549561728,
    0.7045753389947669,
    0.9999654836854311,
    0.7397685124090412,
    0.6108404607100592,
    0.7897083599488085,
    0.8682732769081474,
    0.7475344405314625,
    0.6030795305626021,
    0.6449533609029143,
    0.7111263618777042,
    0.5626569524379605,
    0.6652432008341496,
    0.7030220630143954,
    0.7995166711721724,
    0.7475112058630127,
    0.7763700485598886,
    0.6621909393099673,
    0.583780444674693,
    0.8029579699821071,
    0.7500246788490795,
    0.6691901571774518,
    0.6671502158301431,
    0.7709595562179216,
    0.6405617992863005,
    0.14147104343992561,
    0.6210234967247449,
    0.42860361850715195,
    0.3736269172115378,
    0.641384310200904,
    0.7253237157280824,
    0.9923431556348398,
    0.5379496734460105,
    0.5569161200373975,
    0.665569763470239
  ],
  "similarity_mean": 0.6942606102021689,
  "similarity_std": 0.1535858708263645,
  "waypoint_distance": [
    1.9649145528651661,
    5.206293033461758,
    3.1392552652462644,
    3.527190707669268,
    4.971226055129749,
    2.2239393862859074,
    2.6660279991706806,
    4.3501287982930075,
    5.011889203808734,
    4.139337141040179,
    6.500992781009921,
    1.3750158541775142,
    4.832935352677854,
    5.360444035145567,
    4.840497746636809,
    3.7704256734004726,
    3.913293448448591,
    0.2916723946565972,
    3.619236548235954,
    5.013489524099736,
    5.52555233331134,
    1.8584363328390832,
    5.281054311594193,
    5.097953571912105,
    4.616530601626782,
    4.277119474096162,
    11.74328724429219,
    4.172536638124965,
    4.344633109856672,
    3.163084558332689,
    3.1974061777691536,
    5.245950646964128,
    4.370829453992188,
    5.218659074797332,
    5.195477322032389,
    3.333412222571403,
    4.208485627617411,
    4.426700389261703,
    5.675509944344657,
    6.834012119860547,
    9.901817961162674,
    5.107493213298243,
    6.73769114792208,
    8.530467544415323,
    4.709746433194604,
    4.0572360638321685,
    1.4286185121112414,
    4.801894385370875,
    6.037938825894061,
    4.498225012385346
  ],
  "waypoint_distance_mean": 4.606319315124869,
  "waypoint_distance_std": 1.9525726347936636,
  "speed": [
    5.681457918789386,
    7.064595528073663,
    6.522907457040167,
    6.730798066811272,
    6.492090470157609,
    4.81420115486938,
    6.443383939688394,
    7.056784267976701,
    7.078255457881175,
    7.175635897515305,
    7.47303983163252,
    3.5504254511135587,
    7.06322668573128,
    6.791972696857674,
    7.021489231692839,
    6.8064843963146995,
    6.773321598656687,
    0.9430177186526394,
    6.788742523316707,
    7.091414273419097,
    6.846080193499943,
    6.078145348305431,
    6.585916642413183,
    7.072374462699601,
    7.199325766421075,
    7.064220590758599,
    6.914691472908047,
    6.810910648562004,
    7.058762536993639,
    6.875939462241477,
    6.51960347338143,
    6.612507053382927,
    7.036453848890168,
    7.132092898394161,
    6.65982862812495,
    6.518011830362282,
    6.868609663374668,
    6.992129487298959,
    6.754660363881827,
    7.021167459665618,
    7.905814623683942,
    7.245234589228336,
    7.524173671141763,
    7.576158951977912,
    7.286099586434347,
    7.170619629382156,
    3.675092822953555,
    7.294871007564736,
    7.355299986005283,
    7.224133549770992
  ],
  "speed_mean": 6.644843496317876,
  "speed_std": 1.140351060507602,
  "total_reward": [
    565.5378709804395,
    595.2937013340791,
    409.8870745704841,
    666.2796257376411,
    343.87969457068243,
    315.22437960376465,
    605.5241178384517,
    399.1524362402077,
    606.380564151041,
    773.9262483404165,
    405.76374850192235,
    256.92563281845156,
    620.3666230834036,
    359.11289859919094,
    -407.736594669866,
    628.580378143339,
    620.2159521957894,
    20.222162516728613,
    156.916218861454,
    581.3806579897531,
    354.31976718193386,
    626.6781782373521,
    339.3754512541189,
    359.0757565786537,
    433.5446680795248,
    723.4968536488598,
    17.435309983779895,
    559.1363895467724,
    716.9156997721861,
    783.8613736115716,
    584.162946864732,
    350.65611167806185,
    602.6156866349977,
    356.02461696059385,
    353.3017174398602,
    598.126935334144,
    604.4618003818628,
    614.1666968316796,
    352.6293768637409,
    340.4083869974335,
    585.4930199235013,
    633.4527045896917,
    410.2962867306833,
    729.052210970364,
    411.3519751732184,
    775.0110591583347,
    268.8957464769943,
    483.34910125509606,
    720.537292407108,
    427.3964363616767
  ],
  "total_reward_mean": 472.76125896671806,
  "total_reward_std": 220.49702766204365,
  "timesteps": [
    208,
    285,
    207,
    246,
    220,
    137,
    208,
    278,
    281,
    284,
    366,
    95,
    280,
    236,
    271,
    247,
    253,
    33,
    244,
    275,
    246,
    185,
    226,
    290,
    306,
    277,
    255,
    249,
    282,
    253,
    221,
    225,
    259,
    284,
    228,
    229,
    255,
    264,
    235,
    271,
    512,
    286,
    375,
    409,
    297,
    282,
    100,
    313,
    332,
    295
  ],
  "timesteps_mean": 257.9,
  "timesteps_std": 73.75723693306304
}