{
  "collision_rate": [
    1.0,
    1.0,
    1.0,
    1.0,
    1.0,
    1.0,
    1.0,
    1.0,
    1.0,
    1.0,
    1.0,
    1.0,
    1.0,
    1.0,
    1.0,
    1.0,
    1.0,
    1.0,
    1.0,
    1.0,
    1.0,
    1.0,
    1.0,
    1.0,
    1.0,
    1.0,
    1.0,
    1.0,
    1.0,
    1.0,
    1.0,
    1.0,
    1.0,
    1.0,
    1.0,
    0.0,
    1.0,
    1.0,
    1.0,
    1.0,
    1.0,
    1.0,
    1.0,
    1.0,
    1.0,
    1.0,
    1.0,
    1.0,
    1.0,
    1.0
  ],
  "collision_rate_mean": 0.98,
  "collision_rate_std": 0.13999999999999999,
  "similarity": [
    0.8998765923215756,
    0.698860891687276,
    0.8262357186899513,
    0.8238261672230016,
    0.7452413003677898,
    0.8747922781506059,
    0.7692640913284814,
    0.818743619744888,
    0.830969997357328,
    0.8189242674430915,
    0.7923704930967861,
    0.8154390255057885,
    0.8222422592182821,
    0.8446791427666661,
    0.7387665713754676,
    0.762567389073667,
    0.5353967946508664,
    0.7905572893199133,
    0.7050678468197588,
    0.8546033717152417,
    0.7931486099271526,
    0.6307096105782627,
    0.7151629829750983,
    0.2240882171840245,
    0.8308715208842925,
    0.7073334315255847,
    0.7809688792721787,
    0.8252554673242635,
    0.7096249541972571,
    0.7202659817902083,
    0.825071357778942,
    0.7374105024399753,
    0.5590673623785944,
    0.7824462448337587,
    0.7133314600144598,
    0.240978468819185,
    0.783953043107037,
    0.7772930001640305,
    0.8016279185495562,
    0.8151129057479544,
    0.7686677286362558,
    0.27342150495230405,
    0.8303339058252773,
    0.49867554166711026,
    0.8060150175736562,
    0.7109614934936942,
    0.8903823255192256,
    0.8346202106824121,
    0.7701572282487538,
    0.7339271937548725
  ],
  "similarity_mean": 0.7371861835540362,
  "similarity_std": 0.14795680496367003,
  "waypoint_distance": [
    1.9355477554628604,
    4.120922131981961,
    5.6282139014896835,
    2.9542768918437803,
    4.338816841254574,
    2.189613103902869,
    4.123964855618973,
    3.4296045553508945,
    2.9179909806493223,
    3.030468453683094,
    3.5343971034638404,
    3.061132396730468,
    5.472148571521478,
    5.358744686693361,
    3.687893080405762,
    4.464193225322252,
    2.0843928970889434,
    4.152488533604188,
    5.25671557590279,
    5.589845876387671,
    6.275326613197028,
    9.140179567944212,
    5.0132845637329195,
    2.857014617794113,
    5.530855206527783,
    5.129775116317696,
    3.9410188770454524,
    3.1222294874116154,
    5.0489135501031175,
    5.043602997236381,
    3.208340864000334,
    4.176484563150619,
    17.65819895304667,
    4.19117061086418,
    7.899749033270485,
    11.304312431513011,
    6.6326299155928234,
    4.047549194042529,
    6.066955852266958,
    3.150112443386386,
    3.944014753440288,
    10.780801722055536,
    5.553236268696107,
    2.566607310698295,
    6.1879824903671565,
    4.152566256637367,
    3.046345259901673,
    3.418296596432927,
    3.756775812828631,
    4.870496651777246
  ],
  "waypoint_distance_mean": 4.900923979992766,
  "waypoint_distance_std": 2.6535835718510214,
  "speed": [
    6.049026753544968,
    7.043552178340958,
    6.669649405892993,
    6.6347231642879505,
    6.949784809293522,
    6.191705147230186,
    7.107519788909778,
    6.8951792987542895,
    6.685815353452283,
    6.551308755941473,
    6.824571348557453,
    6.6392532230050065,
    6.721698966651628,
    6.6032181102466305,
    7.232553821939851,
    6.880970734351056,
    7.083375186919217,
    7.168629341422365,
    7.0971389756694405,
    6.916500476039323,
    6.840350235170501,
    7.070225793580187,
    7.045777766823799,
    7.08102287494883,
    6.744423483143436,
    7.086404116130943,
    6.8721803013882985,
    6.7858565878221375,
    6.970645205485107,
    7.106976619853094,
    6.906016950097514,
    6.9532314684248675,
    7.168696956267417,
    7.1297487582658805,
    7.031238526904532,
    7.425257128901725,
    7.045277863740576,
    7.059815851281854,
    6.848097334920304,
    6.702047575323671,
    7.015064556810186,
    7.562945450556423,
    6.741704867667793,
    6.811786000553018,
    6.866688323959554,
    7.077445464684614,
    6.304375866510906,
    6.6173280227434415,
    6.789516879660909,
    7.052570246392185
  ],
  "speed_mean": 6.893177838369281,
  "speed_std": 0.2733118378489651,
  "total_reward": [
    857.5372782246097,
    687.9243075157174,
    360.40950117453286,
    730.8377841690839,
    725.4446055004632,
    755.7402547599298,
    785.7909447134293,
    867.0888498101459,
    761.3826404112485,
    739.4186547307573,
    749.0269941344045,
    732.1112883272516,
    360.04254933946737,
    354.3749106045817,
    968.9004867193496,
    858.977797078067,
    613.226230345873,
    952.9984900462085,
    770.7272695257734,
    380.61275905980233,
    361.38239979952647,
    359.8966150830118,
    802.7514609783873,
    368.9834646002788,
    360.35766860628763,
    757.1425601347166,
    792.3150641342988,
    790.5065942069342,
    729.1714704745896,
    782.8198964224214,
    823.6086022476151,
    439.3300531258901,
    5.3894692088664495,
    918.258082560768,
    367.82551749679226,
    796.1568764760495,
    371.64180510068616,
    802.6854869165428,
    360.8734289080463,
    761.328226423833,
    464.0275161757602,
    788.7231567304765,
    356.36437316136835,
    652.6340478546903,
    358.67080423206284,
    577.9744217273612,
    467.48574177866544,
    416.6737387510191,
    690.3834278940457,
    846.561989747073
  ],
  "total_reward_mean": 627.6899511429751,
  "total_reward_std": 217.87653993557134,
  "timesteps": [
    254,
    319,
    246,
    238,
    287,
    210,
    280,
    275,
    242,
    242,
    258,
    243,
    241,
    233,
    344,
    315,
    312,
    316,
    320,
    264,
    269,
    357,
    320,
    303,
    245,
    314,
    283,
    250,
    307,
    314,
    256,
    287,
    322,
    308,
    322,
    512,
    285,
    284,
    261,
    247,
    282,
    491,
    244,
    263,
    260,
    311,
    216,
    219,
    256,
    325
  ],
  "timesteps_mean": 287.04,
  "timesteps_std": 56.04924977196394
}