{
  "collision_rate": [
    1.0,
    1.0,
    1.0,
    1.0,
    1.0,
    1.0,
    1.0,
    1.0,
    1.0,
    1.0,
    1.0,
    1.0,
    1.0,
    1.0,
    1.0,
    1.0,
    1.0,
    1.0,
    1.0,
    1.0,
    1.0,
    1.0,
    1.0,
    1.0,
    1.0,
    1.0,
    1.0,
    1.0,
    1.0,
    1.0,
    1.0,
    1.0,
    1.0,
    1.0,
    1.0,
    1.0,
    1.0,
    1.0,
    1.0,
    1.0,
    1.0,
    1.0,
    1.0,
    1.0,
    1.0,
    1.0,
    1.0,
    1.0,
    1.0,
    1.0
  ],
  "collision_rate_mean": 1.0,
  "collision_rate_std": 0.0,
  "similarity": [
    0.907696543010236,
    0.9312166104499696,
    0.9448222839614113,
    0.42066691695726477,
    0.9183564283193891,
    0.9004189081503327,
    0.8398238281145743,
    0.921826207084627,
    0.8359795676995405,
    0.20189150693017696,
    0.95041792936968,
    0.9998831115734842,
    0.9410910987792125,
    0.9180721506310694,
    0.8272061814269401,
    0.8898076443258838,
    0.8131218928899788,
    0.9117586877244264,
    0.9089109588401836,
    0.9372330120717125,
    0.9545310965072407,
    0.7893667360988146,
    0.7927520727454013,
    0.8363704313369474,
    0.9450969814702933,
    0.8715359446640913,
    0.9999685853037199,
    0.8943983767458367,
    0.9998425175721729,
    0.9355825663599968,
    0.9208371480286891,
    0.8229095715656457,
    0.9470959392516013,
    0.6388429896897306,
    0.9461414066810463,
    0.8729229631133405,
    0.8655652105441957,
    0.8420445537261687,
    0.8516026362243034,
    0.8963990306371002,
    0.9016005427827937,
    0.8280650194092536,
    0.999956451464317,
    0.9188102557422385,
    0.9323129266464204,
    0.9047601779143746,
    0.870814065199394,
    0.9049444590164277,
    0.9017542218291978,
    0.9254508914813576
  ],
  "similarity_mean": 0.872649544761244,
  "similarity_std": 0.13265910520779886,
  "waypoint_distance": [
    2.9954244008735555,
    2.0385124059075252,
    1.75583985427252,
    1.171346160147916,
    2.4210991095890235,
    2.791044792572251,
    3.6652958753271334,
    1.985540470873963,
    3.6997215334524856,
    2.0945742338280056,
    1.552149458159716,
    0.43496025291586055,
    1.4402673093435705,
    2.0878269908292597,
    8.327892811297296,
    2.4849996822821057,
    4.45255527414577,
    2.4313247979320334,
    2.508754089354526,
    1.8288987946292208,
    1.529049901942028,
    4.80122155417896,
    4.942864314405882,
    3.9843120309875237,
    1.603819812138047,
    3.497001167462997,
    0.3633778262844198,
    2.5039151790089083,
    0.7719736563587731,
    1.9142028163425417,
    2.429571194725585,
    4.117807356719811,
    1.7633992523075583,
    4.338979290786193,
    1.8007784321342477,
    3.5441231168611003,
    3.575821449465242,
    3.7568946955041502,
    3.569370440875991,
    2.72720092741922,
    2.425862930563743,
    4.006703697919794,
    0.7515358105599798,
    2.3856232609645462,
    1.7529118858035053,
    2.5319176961295318,
    3.2603955322939693,
    2.596231993891562,
    2.4003788541333244,
    1.7173847581251058
  ],
  "waypoint_distance_mean": 2.6706531826805593,
  "waypoint_distance_std": 1.3608839357968832,
  "speed": [
    6.205914930163102,
    6.530270087753601,
    6.1096557206257405,
    6.236944658228353,
    6.574647066518168,
    6.431181911540843,
    6.794625626707757,
    6.49495323580329,
    6.685213187960089,
    6.669245184336301,
    5.833983465112183,
    1.1062601740101738,
    6.088858471270861,
    6.319003160912366,
    7.404727714958663,
    6.70397453772269,
    7.016535624733386,
    6.776498493019764,
    6.671076536141508,
    6.080679795411331,
    6.014062577933847,
    7.041017786919002,
    7.124649633558495,
    6.7614728536658175,
    6.309322452016066,
    6.662368414983346,
    1.2990792464973335,
    6.714252162774621,
    1.1351340518817878,
    6.476465305452387,
    6.72679711027355,
    6.795087052155298,
    6.465030830761731,
    6.461395761492122,
    6.4440752992046315,
    6.823284619244679,
    6.769946397443834,
    6.73241344530528,
    6.759307357154111,
    6.620975847518767,
    6.489500450848693,
    6.648743367310035,
    1.0613630394893643,
    6.50225784141874,
    6.269136452363159,
    6.687512460065404,
    6.639887349737421,
    6.623798152101653,
    6.5211417568428764,
    6.35607286292315
  ],
  "speed_mean": 6.133396030445349,
  "speed_std": 1.4968401433578142,
  "total_reward": [
    894.0767231775903,
    984.0560426900821,
    825.4795704618065,
    295.0770825261388,
    950.4120591353003,
    831.4564383381029,
    956.37259291493,
    952.3118975920147,
    947.8111783393283,
    311.39057982375994,
    763.7300730250525,
    25.75585260060711,
    890.5654101223329,
    845.3023244122116,
    935.5101081575683,
    958.9403054312995,
    858.1627040189957,
    1125.6086437193844,
    1008.8908237903853,
    794.01809421225,
    814.7062289239495,
    905.1269460243725,
    1000.9947506721581,
    977.2011554712021,
    943.7841310750098,
    795.0092563148855,
    31.85660098736537,
    1034.4376517477062,
    26.594527490625914,
    925.0498431139347,
    1107.306318026841,
    921.6455626837534,
    1010.5102521990518,
    612.2200204849296,
    995.5599784938755,
    999.3812617738273,
    859.618742005575,
    942.176789063246,
    1071.3489832613955,
    827.3694162960882,
    874.632047974818,
    903.9068229549761,
    24.345449220340658,
    928.4020951516969,
    875.4009905867947,
    981.5171374502743,
    850.6941784283156,
    848.4593439034422,
    875.9623111877288,
    936.666969442642
  ],
  "total_reward_mean": 821.1362853379993,
  "total_reward_std": 277.3292580142643,
  "timesteps": [
    299,
    235,
    194,
    203,
    250,
    247,
    310,
    236,
    314,
    255,
    175,
    33,
    194,
    219,
    503,
    260,
    320,
    283,
    265,
    194,
    179,
    344,
    368,
    328,
    210,
    271,
    33,
    272,
    33,
    223,
    275,
    325,
    226,
    269,
    227,
    311,
    288,
    315,
    328,
    241,
    241,
    318,
    33,
    247,
    205,
    264,
    275,
    240,
    240,
    214
  ],
  "timesteps_mean": 246.64,
  "timesteps_std": 84.4198460079145
}