{
  "collision_rate": [
    1.0,
    1.0,
    1.0,
    1.0,
    1.0,
    1.0,
    1.0,
    1.0,
    1.0,
    1.0,
    1.0,
    1.0,
    1.0,
    1.0,
    1.0,
    0.0,
    1.0,
    1.0,
    1.0,
    1.0,
    1.0,
    1.0,
    1.0,
    1.0,
    1.0,
    1.0,
    1.0,
    1.0,
    1.0,
    1.0,
    1.0,
    1.0,
    1.0,
    1.0,
    1.0,
    1.0,
    1.0,
    1.0,
    1.0,
    1.0,
    1.0,
    1.0,
    1.0,
    1.0,
    1.0,
    1.0,
    1.0,
    1.0,
    1.0,
    1.0
  ],
  "collision_rate_mean": 0.98,
  "collision_rate_std": 0.13999999999999999,
  "similarity": [
    0.8930525606762834,
    0.8856003349655012,
    0.8018771526662366,
    0.8107227428074147,
    0.8410933701143188,
    0.8723888684568735,
    0.8817250362383873,
    0.9023016160460502,
    0.9076896916692938,
    0.7863284115859575,
    0.7133469463968988,
    0.8937315586022958,
    0.7515727602867583,
    0.8817049015490938,
    0.9451266978800136,
    0.9990113861089519,
    0.9521238572928963,
    0.9056272705770635,
    0.1865777546542098,
    0.8983793632225657,
    0.8763971084528119,
    0.8283419400018471,
    0.8509821927820003,
    0.9340091989776166,
    0.8935769761536665,
    0.8779272204885744,
    0.8273916652054668,
    0.8771689203734173,
    0.9313915577203725,
    0.8453175862126587,
    0.8887516028095594,
    0.9182355176955346,
    0.8754626508312539,
    0.7428174423829452,
    0.9014485729659799,
    0.9596904467749582,
    0.878841016607573,
    0.8766898562440957,
    0.8836033371710466,
    0.899871014302682,
    0.9146569775912866,
    0.847955356240021,
    0.6111687109453608,
    0.893004685642035,
    0.9124087237461533,
    0.9575661629086278,
    0.9003491268200845,
    0.636250716874979,
    0.9209398271125774,
    0.9313824974675358
  ],
  "similarity_mean": 0.8560716178259957,
  "similarity_std": 0.12088996559832485,
  "waypoint_distance": [
    1.8207032492481772,
    2.4863182592619424,
    3.712871646633155,
    3.4964139850844984,
    2.8815196682476576,
    2.170782474940992,
    2.1868128095848123,
    2.234977366333255,
    2.171482677347262,
    3.704248712699703,
    4.246291280979986,
    2.1061405635513784,
    3.9728807292427297,
    2.4265975566030638,
    1.3745459531423485,
    0.580825015654745,
    1.3951200090563523,
    2.090786714240313,
    4.605827299486278,
    2.4514300403259996,
    2.2585199703602474,
    2.9979788796661104,
    2.7233771896008165,
    1.633656112742294,
    2.0828166919420643,
    2.4582326825086502,
    2.955409493519227,
    2.330432621074726,
    1.7679584361609948,
    3.0701520620028067,
    2.5172864246332165,
    1.7882506973537433,
    2.6270545756598795,
    4.107369733444357,
    2.148520204531757,
    1.4051325270427513,
    2.246329198684919,
    2.2684592517514304,
    2.4855907617325026,
    2.2161332783349894,
    1.6834772598743066,
    3.054779123114108,
    5.769936190523289,
    2.286573470825971,
    2.01723686208844,
    1.3628223307282794,
    2.142502155505648,
    5.36210570637506,
    1.3084218616148429,
    1.6109828800261063
  ],
  "waypoint_distance_mean": 2.536081492901763,
  "waypoint_distance_std": 1.0175556272519861,
  "speed": [
    5.873613274023552,
    6.091702048564579,
    6.727445989251537,
    6.51180825811638,
    6.468667376546388,
    6.168676577753774,
    6.0993922327998344,
    6.064253419405608,
    6.336940091970554,
    6.738169983165808,
    6.835528031199122,
    6.347912310131656,
    6.857870150188532,
    6.011427791349093,
    5.465081460202267,
    1.4441418925412997,
    5.354397474171139,
    5.705247133531672,
    7.13130099842001,
    6.375357764522776,
    5.939294826418144,
    6.622442708857148,
    6.247444753422276,
    6.015646284970552,
    6.570785504403962,
    6.230803808958397,
    6.52929111578504,
    6.232370454001117,
    5.538343521070531,
    6.3906543593062,
    6.211369162424924,
    5.700181935916028,
    6.701484203432301,
    6.723232956773073,
    6.424952297327941,
    5.438732942975232,
    6.23671211830436,
    6.162996280037651,
    6.222067526372366,
    5.959573984733969,
    5.817026621607699,
    6.346663706208566,
    7.202603602764263,
    6.513236145073349,
    5.6194572502723386,
    5.973693350265788,
    6.003852707208991,
    7.127358096286205,
    5.3146353444071535,
    5.708677506771825
  ],
  "speed_mean": 6.12669038668426,
  "speed_std": 0.8074641672812545,
  "total_reward": [
    961.9363877675569,
    690.7286945040934,
    698.1179674800981,
    700.5390227718972,
    731.2545530678804,
    823.0857122746543,
    768.9227272441259,
    698.4197036262692,
    851.3028177575055,
    748.7942649480225,
    795.1368672346722,
    983.3510892700361,
    751.9023036521858,
    706.8648802843607,
    686.9686659092508,
    47.602432878578036,
    766.8314411645911,
    671.9826590211366,
    251.89731804311316,
    940.2007700533612,
    657.0471468925439,
    771.6857704395898,
    747.1915713967508,
    858.411781480601,
    1016.8884231125094,
    695.0523955086335,
    762.4316123377262,
    778.2936159454866,
    676.1342411612479,
    799.3539071027859,
    739.5838521601504,
    731.230656402445,
    924.8921782924236,
    749.3567696884012,
    930.5223682118167,
    771.8631232451107,
    774.882805682562,
    771.8741335230219,
    720.742943933623,
    702.8029535505527,
    752.3109485659365,
    726.7297341364688,
    800.0002163512384,
    966.4996471365544,
    654.7267556922635,
    951.4125772479103,
    741.3237403868449,
    704.6579529701683,
    702.3078113818449,
    762.7969296204419
  ],
  "total_reward_mean": 752.3769768502208,
  "total_reward_std": 154.59617388328414,
  "timesteps": [
    265,
    224,
    264,
    263,
    245,
    232,
    227,
    209,
    226,
    277,
    307,
    255,
    287,
    226,
    167,
    33,
    186,
    207,
    352,
    256,
    210,
    253,
    243,
    209,
    254,
    219,
    254,
    229,
    187,
    266,
    227,
    201,
    254,
    299,
    244,
    183,
    227,
    229,
    224,
    213,
    200,
    251,
    351,
    252,
    199,
    202,
    216,
    322,
    178,
    199
  ],
  "timesteps_mean": 234.06,
  "timesteps_std": 49.32115570422088
}