{
  "collision_rate": [
    1.0,
    1.0,
    1.0,
    1.0,
    1.0,
    1.0,
    1.0,
    1.0,
    1.0,
    1.0,
    1.0,
    1.0,
    1.0,
    1.0,
    1.0,
    0.0,
    1.0,
    1.0,
    1.0,
    1.0,
    1.0,
    1.0,
    1.0,
    1.0,
    1.0,
    1.0,
    1.0,
    1.0,
    1.0,
    1.0,
    1.0,
    1.0,
    1.0,
    1.0,
    1.0,
    1.0,
    1.0,
    1.0,
    1.0,
    1.0,
    1.0,
    1.0,
    1.0,
    1.0,
    1.0,
    1.0,
    1.0,
    1.0,
    1.0,
    1.0
  ],
  "collision_rate_mean": 0.98,
  "collision_rate_std": 0.13999999999999999,
  "similarity": [
    0.8791857551672116,
    0.8684634864594767,
    0.789934678434304,
    0.792860065442718,
    0.8267531367618371,
    0.8496347882758903,
    0.8578720248527741,
    0.8704355480658146,
    0.9007866423562839,
    0.7736259859874511,
    0.7096274833390449,
    0.8709481906811127,
    0.7391453562926646,
    0.8549511110205184,
    0.9427740693739171,
    0.9977303779840306,
    0.93816580257116,
    0.8699311508637763,
    0.14114120685993647,
    0.9020751802252645,
    0.8821876204996917,
    0.8168155025717522,
    0.8385079021543086,
    0.797273642079551,
    0.8457563108661521,
    0.8587266331046294,
    0.8501991731228333,
    0.8563771761895388,
    0.9201578573910195,
    0.8447845650298518,
    0.867848103380186,
    0.8873847700599667,
    0.859999061960378,
    0.7368525038948959,
    0.8776807937602895,
    0.9247601235414059,
    0.8704874794398141,
    0.8677227757255396,
    0.8630247504919417,
    0.881456735310783,
    0.9310257905184447,
    0.8344103252266641,
    0.6243604045970609,
    0.8583010216978625,
    0.9198516619088097,
    0.9480395910307592,
    0.882901911971206,
    0.632189970889609,
    0.7133345157597973,
    0.9303683336454412
  ],
  "similarity_mean": 0.8359765809767074,
  "similarity_std": 0.12351988145244437,
  "waypoint_distance": [
    1.9617277051831752,
    2.5545345897337963,
    3.7353939981814848,
    3.6499066489675274,
    3.000451581120375,
    2.242700223200768,
    2.344208149719741,
    2.423764274830228,
    2.138075213354313,
    3.7440579284347324,
    4.231295203896516,
    2.2890772301493416,
    4.004197604312684,
    2.5684397626939037,
    1.3852670652928014,
    0.5529930467803709,
    1.5011361102793426,
    2.610347314121804,
    4.497819812755886,
    2.2906733212743355,
    2.142933603252036,
    3.0360405452612915,
    2.7535286488631683,
    3.3740980668176497,
    2.414900375421217,
    2.5712674662046493,
    3.3674633860967145,
    2.423100775345677,
    1.8535314904857096,
    3.0382101626507563,
    2.6237985387885225,
    2.0680079788557855,
    2.7275999847940398,
    4.162123817104625,
    2.3157451096900337,
    1.6935579893159902,
    2.3108200145818967,
    2.3504810595356838,
    2.5616723010156663,
    2.300945949268921,
    1.3504771289081696,
    3.1165502112963663,
    5.6999995731051305,
    2.5875321182035473,
    1.9054479948766943,
    1.3867162864277665,
    2.2899922585337005,
    5.595753759962458,
    4.227659870123651,
    1.527108798118403
  ],
  "waypoint_distance_mean": 2.710062640943781,
  "waypoint_distance_std": 1.0195379729579053,
  "speed": [
    5.340413258417507,
    5.669850735563011,
    6.066753967073611,
    6.033998383604692,
    5.8065394693202705,
    5.711038790822163,
    5.604403794808316,
    5.59466136731995,
    5.831867318489593,
    6.10293795631202,
    6.501866264470699,
    5.719433982988225,
    6.2664667585598135,
    5.617303668016784,
    5.032219975218924,
    1.320776342699808,
    5.182332649093693,
    5.690646517956979,
    6.550608840959687,
    5.710878918057223,
    5.459284328970816,
    6.0634815462362095,
    5.751550400503102,
    6.224488404270438,
    5.743128805627572,
    5.671540957602843,
    6.3544112532096575,
    5.756828456867707,
    5.314019577510214,
    6.123807007281709,
    5.666792833778931,
    5.435665562655445,
    5.919785653990077,
    6.24085701608642,
    5.720768355274295,
    5.021521043226735,
    5.713517997299696,
    5.712000352985035,
    5.501690053874606,
    5.595222978260545,
    5.089364557183282,
    5.976913421650775,
    6.654544132374333,
    5.869773939829374,
    5.368958207258514,
    5.315902923945631,
    5.5450312304160665,
    6.706602995404947,
    6.5169881636814875,
    5.603622679224201
  ],
  "speed_mean": 5.699861275924674,
  "speed_std": 0.7441573336987352,
  "total_reward": [
    863.9570957919924,
    719.8736159254187,
    726.2994348240177,
    715.8916416555733,
    745.8795647412542,
    818.9988645994348,
    782.042075754652,
    702.9665430856566,
    945.1417225761496,
    821.1408672118495,
    809.9372703003995,
    846.3937872281051,
    770.7040095122528,
    717.9167587675456,
    715.0556644338055,
    43.47148484703976,
    774.6943812906304,
    778.8678292905714,
    326.35647095174306,
    918.3588355246031,
    776.2917775303863,
    796.7629093208543,
    781.2572141003801,
    893.7742157552689,
    769.8941970956694,
    741.4256362780634,
    840.5307267865937,
    794.1250487540378,
    697.8482084297605,
    869.9323820325131,
    747.737032568321,
    750.6210846792361,
    886.2814056287982,
    828.960458107626,
    851.2044155046904,
    671.9632624953148,
    886.4498399560404,
    850.8398490740144,
    735.8973207053781,
    727.0632514854435,
    732.8184942459199,
    744.9579198877369,
    760.020457221024,
    809.8897359513809,
    769.3410737199372,
    884.7921680176352,
    801.2366493423034,
    777.480132124848,
    984.7390715927222,
    947.8158768105094
  ],
  "total_reward_mean": 773.117994670302,
  "total_reward_std": 141.924350289866,
  "timesteps": [
    276,
    239,
    290,
    281,
    270,
    247,
    245,
    226,
    258,
    312,
    323,
    257,
    313,
    237,
    181,
    33,
    196,
    255,
    382,
    263,
    241,
    276,
    266,
    310,
    244,
    243,
    293,
    246,
    195,
    284,
    244,
    220,
    276,
    330,
    253,
    192,
    266,
    258,
    249,
    224,
    188,
    269,
    368,
    258,
    216,
    207,
    242,
    363,
    362,
    232
  ],
  "timesteps_mean": 257.98,
  "timesteps_std": 56.03873303350104
}