{
  "collision_rate": [
    1.0,
    1.0,
    1.0,
    1.0,
    1.0,
    1.0,
    1.0,
    1.0,
    1.0,
    1.0,
    1.0,
    1.0,
    1.0,
    1.0,
    1.0,
    1.0,
    1.0,
    1.0,
    1.0,
    1.0,
    1.0,
    1.0,
    1.0,
    1.0,
    1.0,
    1.0,
    1.0,
    1.0,
    1.0,
    1.0,
    1.0,
    0.0,
    1.0,
    1.0,
    1.0,
    1.0,
    1.0,
    1.0,
    1.0,
    1.0,
    1.0,
    1.0,
    1.0,
    1.0,
    1.0,
    1.0,
    1.0,
    0.0,
    1.0,
    1.0
  ],
  "collision_rate_mean": 0.96,
  "collision_rate_std": 0.19595917942265428,
  "similarity": [
    0.6764743996269238,
    0.3845350374849233,
    0.9651805952414474,
    0.2868805350107206,
    0.726449220800066,
    0.8558019398753832,
    0.6307288866506888,
    0.9997087687643775,
    0.8668379792390876,
    0.5327253936190236,
    0.7881198390041337,
    0.9213704763701663,
    0.771486296784024,
    0.665167349505042,
    0.7674175727440256,
    0.8961804107783271,
    0.6997377751244548,
    0.9446034068846585,
    0.7185640611557426,
    0.7082193466036092,
    0.5712545476020288,
    0.7341244450450382,
    0.6968401589284223,
    0.6870727479923608,
    0.5480948119728805,
    0.7894756767714638,
    0.790228016148217,
    0.9161728272445746,
    0.8289455824069702,
    0.4956698466591056,
    0.9136751264741114,
    0.4644398451699712,
    0.8344570368050171,
    0.6174004510094324,
    0.7173596069776202,
    0.8300857429501127,
    0.7864210746207607,
    0.6990722187999208,
    0.6546461325507952,
    0.48091459959200417,
    0.7776629590360579,
    0.6883629741659357,
    0.7816300422715523,
    0.9416379015818882,
    -0.04864489816697075,
    0.610890120560443,
    0.8411514697607937,
    0.37503604471942303,
    0.8210172014108713,
    0.7757955555813462
  ],
  "similarity_mean": 0.7085415831581794,
  "similarity_std": 0.19119527391590185,
  "waypoint_distance": [
    4.821242182081595,
    7.668413496957626,
    4.598642008350958,
    11.114088821804202,
    4.1639448827746595,
    2.211545003471263,
    5.222745727977139,
    0.4062040434719187,
    2.46295465781797,
    5.109456026447823,
    3.33189406815096,
    1.2760485509680024,
    2.8089301938894726,
    17.395523987198988,
    4.069923316540311,
    1.6093912167852316,
    4.23569204098539,
    1.0179862017512105,
    4.942781176557717,
    4.9907346194990705,
    6.53761865482987,
    3.947408241534706,
    4.667746913126804,
    4.417506227100946,
    8.314921734060002,
    2.191203422071324,
    1.8301231365766093,
    1.4965638466427256,
    2.89056543460436,
    4.8710244988299785,
    1.5058950316787203,
    6.989653665459175,
    2.589037309590733,
    5.708058650240496,
    4.261265915814951,
    2.829221570587903,
    6.271864396233358,
    4.552849892270798,
    5.063361327918182,
    9.287166724454378,
    3.6321497213533154,
    5.652398118910517,
    2.1352434921805483,
    1.1398939868875868,
    5.947791013420613,
    7.74921175640453,
    2.753258333799008,
    9.984019905241174,
    3.5839515092998337,
    2.2324246127823875
  ],
  "waypoint_distance_mean": 4.56983082534774,
  "waypoint_distance_std": 2.9878658916691982,
  "speed": [
    6.786359978992125,
    7.166132175140841,
    6.234175735845736,
    7.24973846474961,
    6.786174549201662,
    5.540335918895277,
    7.02868386430762,
    1.8115229949754585,
    5.506966064051182,
    7.292004685290705,
    6.515643163204383,
    5.31759410067955,
    6.833711437819976,
    6.878851953199528,
    6.749873836699368,
    5.561376634284836,
    6.920488637126657,
    5.08333793081021,
    6.915180539041825,
    6.985043535798383,
    7.1430188943232755,
    6.985653732349924,
    7.030496911864057,
    7.059400607507608,
    7.000499915697469,
    6.6173633711698425,
    6.243896449509817,
    5.890571527088912,
    6.167501193404401,
    7.224707707217927,
    5.612990577213409,
    7.2957799660179505,
    6.630695211878611,
    7.081039674393221,
    6.991652018114391,
    6.436436884103288,
    6.286419389277572,
    7.013968378984834,
    7.0550188968278205,
    7.0702267808409704,
    7.034092064589799,
    7.010353378065571,
    6.266891500129734,
    5.382439450919844,
    6.827432342820087,
    7.242445493052017,
    6.488753161268546,
    7.402073177464398,
    6.688855759402911,
    6.594375897285667
  ],
  "speed_mean": 6.538764930257974,
  "speed_std": 0.8950871877660963,
  "total_reward": [
    866.9293544426737,
    508.2949723605566,
    178.27901854638836,
    727.4136347275274,
    523.1531937958038,
    594.2501711946279,
    648.5588263249015,
    48.679412059918796,
    638.3455590187713,
    610.8718381591411,
    485.52016785404504,
    563.3845501715728,
    609.5785914444622,
    6.621258672981867,
    423.9500464133355,
    587.9739567228428,
    619.5732340395141,
    517.4217929985845,
    668.5598615891614,
    660.23096401426,
    478.6286948533722,
    834.0458039642107,
    466.7584942996632,
    616.0096460251601,
    650.4191425695905,
    882.347136677982,
    837.4002431872366,
    624.6894112653355,
    478.5709525365163,
    1044.1525666884957,
    626.4718205836845,
    793.1702644934493,
    701.7209629530738,
    494.1265243170132,
    466.3242751538293,
    651.4579547790438,
    350.90223427459944,
    497.53307531449224,
    554.2789704293338,
    621.7967192150313,
    837.0026548645047,
    643.8270775432567,
    889.6150867492937,
    568.834931885046,
    168.90316808598072,
    811.1938483437751,
    681.8336589855929,
    443.65162464578225,
    444.08453576746365,
    851.0434893100986
  ],
  "total_reward_mean": 589.9677074862597,
  "total_reward_std": 204.04339370186224,
  "timesteps": [
    456,
    500,
    163,
    498,
    305,
    185,
    369,
    33,
    211,
    426,
    252,
    135,
    261,
    279,
    264,
    154,
    315,
    117,
    290,
    285,
    396,
    341,
    309,
    323,
    423,
    246,
    217,
    148,
    221,
    419,
    154,
    512,
    232,
    362,
    290,
    210,
    256,
    310,
    346,
    432,
    322,
    309,
    244,
    127,
    406,
    409,
    211,
    512,
    239,
    242
  ],
  "timesteps_mean": 293.32,
  "timesteps_std": 111.57642044804986
}