{
  "collision_rate": [
    1.0,
    1.0,
    1.0,
    1.0,
    0.0,
    1.0,
    1.0,
    1.0,
    1.0,
    1.0,
    1.0,
    1.0,
    0.0,
    1.0,
    1.0,
    1.0,
    0.0,
    1.0,
    1.0,
    1.0,
    1.0,
    1.0,
    0.0,
    1.0,
    1.0,
    1.0,
    1.0,
    1.0,
    1.0,
    1.0,
    1.0,
    0.0,
    1.0,
    1.0,
    1.0,
    1.0,
    1.0,
    0.0,
    1.0,
    1.0,
    1.0,
    1.0,
    1.0,
    1.0,
    1.0,
    1.0,
    1.0,
    1.0,
    1.0,
    1.0
  ],
  "collision_rate_mean": 0.88,
  "collision_rate_std": 0.32496153618543844,
  "similarity": [
    0.6423734699764686,
    0.7722863946705242,
    0.6857942391039799,
    0.8172891437586668,
    0.4649832785327058,
    0.9132225810672586,
    0.8766433030164941,
    0.9132660246209229,
    0.8695485451868753,
    0.9012709511861879,
    0.8736349570766225,
    0.8549723505115419,
    0.485834226124951,
    0.9615205127468288,
    0.5806680336599,
    0.9290905931202882,
    0.5367001618497803,
    0.7061132315377756,
    0.7244794707438659,
    0.9591337964695363,
    0.6882311672829395,
    0.9224309437666833,
    0.5070945730156362,
    0.88609986861826,
    0.9569428200301016,
    0.8388629675901556,
    0.5393297361453804,
    0.8900046063554594,
    0.9328591650856743,
    0.7995758662080535,
    0.5913752723871639,
    0.558928645292009,
    0.8297515326103254,
    0.8365763315654782,
    0.8506259565755575,
    0.9343944046858497,
    0.6865174068015768,
    0.42120114089688243,
    0.9172717282669399,
    0.7252740072057864,
    0.9269054045493117,
    0.6886798488046272,
    0.6461720796818289,
    0.5828873163933775,
    0.8179472714817568,
    0.7195013871479409,
    0.6781846061470903,
    0.67201185460924,
    0.7440852124836819,
    0.8584011296729828
  ],
  "similarity_mean": 0.7623389903263785,
  "similarity_std": 0.14957555210943524,
  "waypoint_distance": [
    4.828414303184141,
    3.5383465157395855,
    3.810860304960288,
    3.742150917827448,
    9.451238160770346,
    2.3766010183393695,
    2.7216948511381527,
    1.986991612503407,
    2.8167897248305205,
    2.0487374470829693,
    2.6540843186433833,
    2.600464696415438,
    4.423282779590423,
    2.1609194177814977,
    7.626544970607642,
    1.6192533912738236,
    6.819507233000727,
    3.971885375139185,
    4.464405308095675,
    1.0777604683027937,
    4.321602568723971,
    1.6688909801678717,
    8.587668344329414,
    2.414948757985822,
    2.480930957942789,
    3.4522200386641044,
    12.25159755607661,
    1.9767569876518958,
    1.4910905815232929,
    3.98192020114682,
    5.798858987668864,
    8.215114277462797,
    2.745608941762326,
    3.3403922888485313,
    2.242101136939106,
    2.652022008350519,
    4.510311375419501,
    10.106903050124362,
    2.0777335611020296,
    5.138007934683507,
    2.153388620643479,
    4.687937632311942,
    5.078335029622207,
    5.651587290163004,
    3.2709130483385045,
    5.292902602339251,
    3.3267672153655115,
    5.97859681517544,
    3.9256187625719696,
    2.9603431096237984
  ],
  "waypoint_distance_mean": 4.130420069559121,
  "waypoint_distance_std": 2.3762574538534156,
  "speed": [
    6.2599044363603715,
    6.772387530229684,
    6.107310483282374,
    6.349545585689081,
    6.771335473157905,
    5.793450812153654,
    5.965965642191263,
    5.077881299605561,
    5.666596241797646,
    5.172739929426782,
    5.9571981774837495,
    5.990501018590958,
    6.661833897453866,
    5.675647030789839,
    6.490191883084436,
    4.974633858866441,
    6.812096629364675,
    6.431245438815457,
    6.1512043280267,
    4.79573356481123,
    6.4222621738104895,
    4.9235644338341125,
    6.569210079525718,
    5.771452223180448,
    5.972773776240493,
    6.293504560278826,
    6.659551533766521,
    6.1289578980044634,
    5.130394716212263,
    6.153288842062961,
    6.62579495809593,
    7.017433519524574,
    5.866224577439396,
    6.063131205638402,
    5.977268187314027,
    5.873088604510349,
    6.473953937267711,
    6.935295918940089,
    5.251354643246276,
    6.166237517364164,
    5.05993072309167,
    6.486553890634499,
    6.372754726810798,
    6.698398358560607,
    6.193291102736289,
    6.367935964884554,
    6.261128718639819,
    6.447490963093929,
    6.205542803348611,
    5.694752558760315
  ],
  "speed_mean": 6.078798527560001,
  "speed_std": 0.5556158262925011,
  "total_reward": [
    876.9321479369436,
    852.7554484753704,
    1071.2981878645533,
    840.1115908254501,
    764.9865872446544,
    854.1370355107696,
    819.7790345332088,
    724.3167730972594,
    822.4833359097693,
    744.6967548846113,
    776.5372165143309,
    764.7751126370309,
    938.754153266457,
    1132.8900922352225,
    788.117736821665,
    707.2475056674066,
    694.064400946539,
    870.6819072197926,
    551.7151260436383,
    691.3189702977218,
    828.1080571426616,
    670.1421118445195,
    798.8083363808399,
    800.0962504375956,
    956.0940965700397,
    849.2349846592423,
    361.64321247767754,
    1062.6132180406819,
    745.301213142003,
    789.0089964062477,
    664.0313669064042,
    1026.113801932484,
    812.5021117003578,
    774.1887555134642,
    861.682588921072,
    1204.3433791440539,
    797.1226751905219,
    726.2303997107996,
    779.8565320439374,
    799.3776746902522,
    819.451962721597,
    701.4207394958809,
    598.746012394212,
    722.6155809339438,
    909.0177673932076,
    797.0858219647512,
    674.5290426978517,
    823.7981265620027,
    583.3948531936538,
    774.5843365588272
  ],
  "total_reward_mean": 799.9748624940637,
  "total_reward_std": 142.31359116816284,
  "timesteps": [
    487,
    430,
    393,
    313,
    512,
    258,
    265,
    215,
    276,
    229,
    252,
    273,
    512,
    311,
    451,
    193,
    512,
    389,
    369,
    162,
    400,
    190,
    512,
    244,
    279,
    300,
    478,
    284,
    191,
    315,
    448,
    512,
    306,
    283,
    270,
    351,
    403,
    512,
    229,
    362,
    254,
    407,
    401,
    437,
    353,
    368,
    391,
    397,
    336,
    270
  ],
  "timesteps_mean": 345.7,
  "timesteps_std": 99.56791651932866
}