{
  "collision_rate": [
    1.0,
    1.0,
    1.0,
    1.0,
    1.0,
    1.0,
    1.0,
    1.0,
    1.0,
    1.0,
    1.0,
    1.0,
    1.0,
    1.0,
    1.0,
    1.0,
    1.0,
    1.0,
    1.0,
    1.0,
    1.0,
    1.0,
    1.0,
    1.0,
    1.0,
    1.0,
    1.0,
    1.0,
    1.0,
    1.0,
    1.0,
    1.0,
    1.0,
    1.0,
    1.0,
    1.0,
    1.0,
    1.0,
    1.0,
    1.0,
    1.0,
    1.0,
    1.0,
    1.0,
    1.0,
    1.0,
    1.0,
    1.0,
    1.0,
    1.0
  ],
  "collision_rate_mean": 1.0,
  "collision_rate_std": 0.0,
  "similarity": [
    0.8837317526564622,
    0.7838961065968303,
    0.8673952336905831,
    0.9366575975379479,
    0.9910754179486482,
    0.9990438094442841,
    0.8759461507982601,
    0.9841779514225887,
    -0.9882034554344019,
    0.943300476804378,
    0.842139086160443,
    0.8954567522800332,
    0.8830068315036149,
    0.307091807652019,
    0.8796369230950601,
    0.9753197744553455,
    0.8202894799460954,
    0.9057772101997354,
    0.7653133369929307,
    0.8525307344580038,
    0.9213196096071674,
    0.4229885919988927,
    0.8933875217292969,
    0.8472536310116093,
    0.8472815028324182,
    0.9777906879485451,
    0.8426178298335434,
    0.9394311363574748,
    0.8588819106483673,
    0.8374311675950313,
    0.9948653339356015,
    0.2482659188016827,
    0.9487747950476638,
    0.8994235248411052,
    0.9885616189367116,
    0.9844212167190838,
    0.8874129598711932,
    0.9435279986542603,
    0.9745761785897921,
    0.9414895327522378,
    0.9320629853744673,
    0.9084315939087818,
    0.9462676653189284,
    0.8949133419125463,
    0.9505954051536843,
    0.9782721968874919,
    0.8616361777767629,
    0.9109523384320712,
    0.8934190018259335,
    0.9808643074614736
  ],
  "similarity_mean": 0.8372140131994535,
  "similarity_std": 0.3010230017172851,
  "waypoint_distance": [
    2.0761443269346675,
    3.7929261256922935,
    2.5759312082834116,
    1.66663157209261,
    0.9386490311581387,
    0.7167245571391926,
    2.358229736577,
    0.8046780378628197,
    4.306172048020155,
    1.4709020518478546,
    2.983692059916775,
    1.7194176516554618,
    2.556567068011527,
    1.8140969360930554,
    2.1764275449325043,
    0.6282231053714294,
    3.3375544625050617,
    2.3808566234065873,
    4.543343237098335,
    2.9782696094999475,
    1.986930154856106,
    6.267126747938316,
    2.2804150096011986,
    3.1733673559343423,
    2.9814347140636115,
    0.310075659285616,
    3.124773214394387,
    1.3915965347577264,
    2.2942414105193527,
    2.73121015535541,
    1.0495966479664312,
    2.101193225894765,
    1.2141907006977193,
    2.4943072613651247,
    0.5229459872408094,
    0.6638751511404729,
    2.298912791214299,
    1.3966772093312108,
    0.7565191763524259,
    1.517689221049802,
    1.7213637084897984,
    1.7199816651829212,
    1.5534856645969133,
    2.1496988203529384,
    1.4673728736878437,
    0.8428745819442189,
    3.0656818797356555,
    1.8944642926568667,
    2.3556666234885073,
    0.5942747736949621
  ],
  "waypoint_distance_mean": 2.0749476041377717,
  "waypoint_distance_std": 1.139634015231831,
  "speed": [
    6.356477799738474,
    7.341557873767877,
    7.335834473715222,
    6.671153383339545,
    7.188759758918525,
    3.8916199975700043,
    7.11143549906495,
    5.266257793447614,
    10.95494344893288,
    6.693901850021118,
    7.235310298868794,
    1.2228326875470945,
    7.336438882761322,
    6.834009150984856,
    7.307215469241233,
    5.236978166228125,
    7.380618023063424,
    7.235688891295009,
    7.562577266822519,
    7.161454975482668,
    7.091143847386482,
    17.650864319396888,
    10.781955087248685,
    7.480569617009819,
    7.113830823555465,
    0.9420224343849193,
    7.149257561926269,
    6.40692455594696,
    7.263146056028601,
    7.494670870700837,
    1.5884899035154412,
    7.2071014313052375,
    6.082882310458289,
    7.4777232693921585,
    3.9375745106880395,
    4.77220270616207,
    7.254504235020422,
    6.316380693415987,
    5.313456512032378,
    6.54726080859123,
    6.438820064687497,
    7.045792320940384,
    6.388596177517855,
    7.099803421959013,
    6.513493346620675,
    5.759243015208767,
    7.452248684278111,
    6.963879061721582,
    7.5449125607276315,
    4.624355986469768
  ],
  "speed_mean": 6.700563437702175,
  "speed_std": 2.384800439182847,
  "total_reward": [
    914.4093698422411,
    758.2501084240123,
    767.532950782494,
    710.0697557683421,
    -402.15524075106833,
    -885.3803013678911,
    797.6312262491094,
    45.2840851530633,
    -1000.0,
    816.5531091499201,
    700.6705052077509,
    -1000.0,
    814.0044956723796,
    247.98409889844464,
    906.4213518189645,
    40.48904783527746,
    733.9587594192146,
    866.8391575241633,
    958.1614189135312,
    751.8850138011798,
    827.7400259745685,
    -452.43718307921034,
    -1000.0,
    803.2636744750274,
    699.4772310459211,
    0.10260494325616176,
    798.2207698424256,
    704.4401606267355,
    755.074489086922,
    796.895058881526,
    40.98498872823429,
    322.07493944692806,
    163.7084391788311,
    923.7158044111088,
    -182.46485929307238,
    -70.46149288966257,
    761.8725845030729,
    680.6374123566166,
    43.188725984361554,
    735.1293913404253,
    644.3116005594622,
    856.5953644780302,
    675.1788335581805,
    734.9923098778785,
    730.5357381290949,
    153.87584239318392,
    807.296096112719,
    766.578520200964,
    936.7724099991781,
    -81.65379167555972
  ],
  "total_reward_mean": 422.36509203076554,
  "total_reward_std": 555.8017200417833,
  "timesteps": [
    241,
    249,
    204,
    156,
    33,
    33,
    204,
    108,
    33,
    167,
    207,
    33,
    204,
    166,
    209,
    109,
    223,
    207,
    301,
    215,
    186,
    33,
    33,
    228,
    207,
    33,
    231,
    151,
    194,
    211,
    33,
    202,
    134,
    217,
    84,
    94,
    191,
    142,
    108,
    152,
    146,
    184,
    141,
    182,
    147,
    120,
    221,
    174,
    215,
    95
  ],
  "timesteps_mean": 155.82,
  "timesteps_std": 69.04540245374777
}