{
  "collision_rate": [
    1.0,
    1.0,
    1.0,
    1.0,
    1.0,
    1.0,
    1.0,
    0.0,
    1.0,
    1.0,
    1.0,
    1.0,
    1.0,
    1.0,
    1.0,
    1.0,
    1.0,
    1.0,
    1.0,
    1.0,
    1.0,
    1.0,
    1.0,
    1.0,
    1.0,
    1.0,
    1.0,
    1.0,
    1.0,
    1.0,
    1.0,
    1.0,
    1.0,
    0.0,
    1.0,
    1.0,
    1.0,
    1.0,
    1.0,
    1.0,
    1.0,
    1.0,
    0.0,
    1.0,
    0.0,
    1.0,
    1.0,
    1.0,
    1.0,
    1.0
  ],
  "collision_rate_mean": 0.92,
  "collision_rate_std": 0.2712931993250107,
  "similarity": [
    0.9888566528478974,
    0.7933111600393155,
    0.9620039850917284,
    0.9983259521205506,
    0.8292990938399138,
    0.9885920538854309,
    -0.9892369807588897,
    0.2365784563904377,
    0.9314882585484883,
    0.9999080274759251,
    0.9907982384289278,
    0.8053848258053262,
    0.9576162041291566,
    0.9970131494495367,
    -0.44878789202610275,
    0.9814814949647823,
    0.9770488003578471,
    -0.5036569512821972,
    0.8642669850842336,
    0.9995729197488691,
    0.8268869496206505,
    0.09631145180066093,
    0.9999983590133709,
    0.941769897400091,
    0.9590112312071152,
    0.9430293848297845,
    0.9902321189834254,
    0.80441770787713,
    0.761708904079667,
    0.8124784733229864,
    0.9906769782800396,
    0.535826471755974,
    0.9641244881002594,
    0.41413795934720876,
    0.8366986573868693,
    0.997944638097319,
    0.9883325182745352,
    0.9302812494034177,
    0.9410276677309186,
    0.9878236969586099,
    0.4428858579536464,
    0.924014585013432,
    0.2049370469989493,
    0.5303972525516931,
    0.3058335023093393,
    0.9370347810507401,
    0.8944549402091008,
    0.9512282307891359,
    -0.8505322829465943,
    0.999863892194427
  ],
  "similarity_mean": 0.7084540208747017,
  "similarity_std": 0.47875713938377623,
  "waypoint_distance": [
    0.44625063902775547,
    4.11782300152994,
    4.071982384091996,
    0.25604460140629254,
    3.472667609918141,
    0.6146027681782334,
    4.0919181698258065,
    10.522031782475459,
    0.9339535158518624,
    0.35783438360756875,
    0.6006045543155312,
    3.9195945968120336,
    1.1124011057535441,
    0.43548355679297973,
    4.35468236898151,
    0.7049784126455299,
    1.2646460159726107,
    15.543608992676816,
    0.6355355842396366,
    0.45263859945814844,
    3.5559921271719968,
    7.4422610584574365,
    1.25533743658605,
    1.7718698563243551,
    1.111904801815542,
    2.259803821829239,
    0.6241993750027864,
    3.936019278408798,
    4.631386083104844,
    3.714537561496936,
    1.2971308278195353,
    7.488688806240376,
    1.0904128999914748,
    9.048717726042343,
    3.2391863578563487,
    0.4623562956450208,
    0.6290048711229822,
    1.7398930897565918,
    1.5875508787069648,
    0.636629776209376,
    8.739027159699278,
    1.8676011320338828,
    10.969982387792175,
    7.71583353792605,
    10.675335676515749,
    1.4802848831321007,
    2.172887492228239,
    1.3894238498522447,
    4.060654804270031,
    0.5907392714072357
  ],
  "waypoint_distance_mean": 3.301878715360148,
  "waypoint_distance_std": 3.4568271822127303,
  "speed": [
    3.7287691737102695,
    6.508107130228795,
    16.034724764332204,
    1.2629258847024953,
    6.352943767896264,
    4.064063699006774,
    0.7736185951645156,
    7.9260765699423015,
    4.236223675715754,
    0.9775611944454831,
    4.250094742223415,
    6.8243290383773925,
    2.6984752456887042,
    1.6621065837812716,
    3.3388490484485267,
    5.035868468604701,
    6.816108179125286,
    76.1870984664658,
    1.2514532161974905,
    1.629257328631206,
    6.412066872778687,
    17.283348971275487,
    1.109616475899156,
    6.600871407259686,
    2.8552543457814488,
    7.029041785274944,
    4.39627337544758,
    6.346490438151422,
    6.753039530638038,
    6.322987112033451,
    7.40968231135862,
    7.276519209559556,
    5.337419695219234,
    7.613784461256976,
    6.758818414866027,
    1.6444952390814156,
    4.397322134828584,
    6.268398861394561,
    6.165314052652089,
    4.380253315199864,
    7.519551822267731,
    6.420232138589941,
    7.951374146541271,
    7.29613313506928,
    7.851967487208947,
    6.088939225608851,
    6.088235037826386,
    6.083410209781217,
    7.1199632174280145,
    1.8649135885817907
  ],
  "speed_mean": 6.964087455830977,
  "speed_std": 10.375623957092275,
  "total_reward": [
    39.16476479193125,
    883.2082740328083,
    -406.8316395031976,
    30.8382511503485,
    -93.0196758685928,
    -146.65812394076016,
    -505.8207381736345,
    895.2587828389644,
    -1000.0,
    -1000.0,
    -83.22035541105225,
    885.323167344279,
    290.30879884062574,
    33.57255368662175,
    -1000.0,
    95.43021717054228,
    -1000.0,
    -1000.0,
    15.258571784184255,
    -1000.0,
    890.8752604260443,
    -477.8576712698687,
    -600.0,
    1077.604386676803,
    316.38579154356717,
    -1000.0,
    -56.02530458140626,
    867.0406906011228,
    1005.1448747676743,
    829.1642766556779,
    707.0800145901612,
    888.6188130491399,
    155.96951183905082,
    1069.3244512122487,
    773.9474433116575,
    -1000.0,
    -44.32171757931383,
    848.5518752990811,
    786.2411725098813,
    -80.54050789959155,
    997.9641891167463,
    870.972474920068,
    824.1380061747898,
    819.7215495223991,
    853.2853714258133,
    726.4460670170571,
    730.9893058446224,
    816.3734133027132,
    -1000.0,
    50.014417293785264
  ],
  "total_reward_mean": 171.59842009025985,
  "total_reward_std": 714.3198780577231,
  "timesteps": [
    150,
    318,
    33,
    33,
    295,
    90,
    33,
    512,
    33,
    33,
    101,
    304,
    334,
    33,
    33,
    123,
    33,
    33,
    33,
    33,
    295,
    33,
    33,
    227,
    326,
    33,
    104,
    306,
    360,
    292,
    172,
    441,
    135,
    512,
    251,
    33,
    107,
    199,
    180,
    99,
    495,
    205,
    512,
    430,
    512,
    165,
    205,
    176,
    33,
    33
  ],
  "timesteps_mean": 189.88,
  "timesteps_std": 157.94196908991606
}