{
  "collision_rate": [
    1.0,
    1.0,
    1.0,
    1.0,
    1.0,
    1.0,
    1.0,
    1.0,
    1.0,
    1.0,
    1.0,
    1.0,
    1.0,
    1.0,
    1.0,
    1.0,
    1.0,
    1.0,
    1.0,
    1.0,
    1.0,
    1.0,
    1.0,
    1.0,
    1.0,
    1.0,
    1.0,
    1.0,
    1.0,
    1.0,
    1.0,
    1.0,
    1.0,
    1.0,
    1.0,
    1.0,
    1.0,
    1.0,
    1.0,
    1.0,
    1.0,
    1.0,
    1.0,
    1.0,
    1.0,
    1.0,
    1.0,
    1.0,
    1.0,
    1.0
  ],
  "collision_rate_mean": 1.0,
  "collision_rate_std": 0.0,
  "similarity": [
    0.8340324743028702,
    0.8256390179620144,
    0.30811717015222745,
    0.175283412272117,
    0.9999179895581322,
    0.8320738492222908,
    0.8311042153559434,
    0.9311873467524117,
    0.8142509800735362,
    0.9973499805038499,
    0.709995753227625,
    0.9689162350603358,
    0.8401770166212709,
    0.8273676806996542,
    0.8462928127306826,
    0.9120367546919134,
    0.7400459020740909,
    0.5664312550604655,
    0.8238459747498015,
    0.8482429049611601,
    0.9943130436015293,
    0.9952180408585622,
    0.9097517268640061,
    0.4867411673561094,
    0.8583622763874572,
    0.997768586685233,
    0.9958566462957923,
    0.9039609673916968,
    0.9336336975096589,
    0.8151523976756476,
    0.9508057057498367,
    0.9998732743201517,
    0.9258973425544225,
    0.9937390895600474,
    0.8578378160816693,
    0.3912727888039521,
    0.7489558850207699,
    0.9410811191909048,
    0.7983061955956041,
    0.3935731417928388,
    0.9997917176901363,
    0.8983553775986416,
    0.9168088242945753,
    0.6930465684516581,
    0.31920865169063495,
    0.8585365567334537,
    0.9964388305861741,
    0.7939412237564915,
    0.8342424332454709,
    0.947579469123225
  ],
  "similarity_mean": 0.815647185769975,
  "similarity_std": 0.1987805075497484,
  "waypoint_distance": [
    3.004039768661847,
    2.310500226121634,
    1.6736673359815544,
    4.071827873529642,
    0.9818714425732076,
    2.5029020599876004,
    2.1999842651425223,
    1.2978236755334744,
    3.0166508523889206,
    1.0168130539240505,
    3.8308505454571464,
    1.736908008960905,
    2.242413992751911,
    2.4632951257992666,
    2.0318571001010866,
    1.2858770444994982,
    3.3248148201929335,
    5.565940815997182,
    2.6388141556987716,
    1.951777121238988,
    1.5351881804461667,
    0.6940961785907069,
    1.5519204887177915,
    1.140056790808915,
    1.9009935840110286,
    0.7797661620388141,
    0.8172667724312934,
    1.5414896754520258,
    1.464726801178882,
    2.24204153950353,
    1.7060026916266127,
    1.0108742037771856,
    1.2627408932112092,
    0.8780210606846554,
    2.539463071720611,
    7.756151692739239,
    3.526192704927115,
    0.8788024543521074,
    2.978536297044712,
    7.852850721651047,
    0.9634023378089509,
    1.5434625211286284,
    1.4711781330832987,
    3.8690046717301856,
    8.35457970904314,
    1.9748690469034285,
    0.6921500549173415,
    2.4629335572200826,
    2.287517232441995,
    0.940936482076785
  ],
  "waypoint_distance_mean": 2.3553168999161924,
  "waypoint_distance_std": 1.7439777839159067,
  "speed": [
    5.849459362652919,
    6.28932008383591,
    6.2737077877348035,
    7.47702170178504,
    0.9021886155821442,
    6.404040130524953,
    6.127583798334216,
    5.190559349740899,
    6.398555758319619,
    1.0720441182459273,
    6.852617006712252,
    1.3189793308653688,
    6.334797005655998,
    6.045998827549654,
    6.254313607417421,
    5.537577198774879,
    6.850569554772458,
    7.299055260226434,
    6.282566330860727,
    6.1011504198188256,
    1.0391971422084838,
    1.7897597879745448,
    5.595803289752231,
    5.6338843475646545,
    6.134599921777729,
    0.6589180506957734,
    0.798051104463974,
    5.639610485675021,
    5.640149735985937,
    6.153939040916671,
    0.7020572823895519,
    0.8005872556087081,
    5.297355913110191,
    1.6099174128436182,
    6.300526005660912,
    7.490966231555057,
    6.645674754668264,
    4.810586699262332,
    6.438258864012861,
    7.351314943851148,
    1.1078120220822982,
    5.743535844082656,
    5.752349115269491,
    6.821873079082415,
    7.38092958818104,
    6.161285109951763,
    1.790951512402461,
    6.321219697671025,
    6.3142134325079535,
    4.978690432294434
  ],
  "speed_mean": 4.995322467058274,
  "speed_std": 2.253336372653618,
  "total_reward": [
    513.1742820058871,
    580.488633092448,
    93.2870413277219,
    185.64922164339913,
    18.784606020886972,
    615.7127053648833,
    585.2617980091313,
    549.9966504982166,
    571.8098188935782,
    -1000.0,
    686.472244089394,
    -459.51352883579335,
    636.3408330776354,
    558.6988549600206,
    -354.06013386040865,
    586.4949782039039,
    671.842577008578,
    573.3778889800882,
    582.136189122948,
    108.78970552149212,
    -466.9226858286773,
    -1000.0,
    590.5714436092986,
    160.00252511435494,
    128.408959270178,
    -1000.0,
    -1000.0,
    608.6552826571278,
    637.939442534823,
    620.8007812628952,
    -478.48763670147525,
    -474.3968700419591,
    587.2824109355056,
    -1000.0,
    594.5021089498279,
    567.2812648705465,
    553.3148959882966,
    36.197868443269726,
    614.2223624976684,
    579.4641842904223,
    -464.6268750051224,
    606.4509437383176,
    633.6897775596643,
    621.1633132984963,
    590.3501410791908,
    649.1655396216124,
    -1000.0,
    632.246901795323,
    -321.16110297986097,
    68.51116012171406
  ],
  "total_reward_mean": 183.587410044109,
  "total_reward_std": 569.636849138427,
  "timesteps": [
    223,
    189,
    187,
    312,
    33,
    200,
    190,
    142,
    210,
    33,
    261,
    33,
    198,
    185,
    188,
    149,
    237,
    287,
    197,
    181,
    33,
    33,
    160,
    155,
    181,
    33,
    33,
    163,
    156,
    199,
    33,
    33,
    151,
    33,
    192,
    351,
    223,
    129,
    221,
    365,
    33,
    166,
    160,
    253,
    382,
    187,
    33,
    209,
    206,
    133
  ],
  "timesteps_mean": 165.48,
  "timesteps_std": 91.3536512680254
}