{
  "collision_rate": [
    1.0,
    1.0,
    1.0,
    1.0,
    1.0,
    1.0,
    1.0,
    1.0,
    1.0,
    1.0,
    1.0,
    1.0,
    1.0,
    1.0,
    1.0,
    1.0,
    1.0,
    1.0,
    1.0,
    1.0,
    1.0,
    1.0,
    1.0,
    1.0,
    1.0,
    1.0,
    1.0,
    1.0,
    1.0,
    1.0,
    1.0,
    1.0,
    1.0,
    1.0,
    1.0,
    1.0,
    1.0,
    1.0,
    1.0,
    1.0,
    1.0,
    1.0,
    1.0,
    1.0,
    1.0,
    1.0,
    1.0,
    1.0,
    1.0,
    1.0
  ],
  "collision_rate_mean": 1.0,
  "collision_rate_std": 0.0,
  "similarity": [
    0.91895136684367,
    0.9752265745182451,
    0.8600883971901606,
    0.8339113677775158,
    0.8240399508200258,
    0.7028669818477717,
    0.9914307084824179,
    0.9617118461690334,
    0.904441295473287,
    0.844805527521342,
    0.8900121846880463,
    0.8243866603707809,
    0.9958819644774406,
    0.840944106930542,
    0.4820974511506612,
    0.9758500712129994,
    0.7459244442022268,
    0.7291119366802232,
    0.9018413231275482,
    0.8289572452163888,
    0.9011136718868006,
    0.9329153704873026,
    0.9476867209302869,
    0.82080821519461,
    0.9599741641743627,
    0.95075842064446,
    0.7370329037849396,
    0.9587321563596689,
    0.9184895901666718,
    0.9109757476930153,
    0.8910880518024272,
    -0.8468022608680281,
    0.9685324364992527,
    0.8327484967289512,
    0.8229692030387503,
    0.7418056408595376,
    0.9082922771625724,
    0.9079441304108945,
    0.9618581338044175,
    0.9995105563812626,
    0.7555800040478714,
    0.979825692576698,
    0.8214455697365699,
    0.4641940945785988,
    0.8869275446296909,
    0.8334752851150871,
    0.9577881239462545,
    0.9010970134088921,
    0.8250287602080288,
    0.9076001699569862
  ],
  "similarity_mean": 0.8318375458009432,
  "similarity_std": 0.26401050302769763,
  "waypoint_distance": [
    1.6342331233084917,
    0.7930620952652218,
    2.784645997562779,
    5.4824309602978545,
    3.3578191773955783,
    4.392008952231138,
    0.13008122060290211,
    1.0182696457546807,
    4.254281636506403,
    2.8617017472148225,
    3.054186034433249,
    1.6141281071178388,
    0.7431597265532164,
    3.2520505604501087,
    16.024516705712784,
    0.8118739881424933,
    4.59566961616157,
    3.084667291298443,
    2.0070655820922205,
    2.848797739271236,
    2.328171591603091,
    1.3940455262737463,
    1.0367497886172399,
    3.249821292619353,
    0.9694988005255424,
    2.9976017877375765,
    3.5617485206353425,
    2.870447595261626,
    1.7076312924720833,
    4.134791728303508,
    2.123772359713565,
    17.97571523447332,
    1.0083644893219355,
    3.074066471652778,
    3.3256964800761986,
    3.5074611957131614,
    1.7927471184581503,
    2.0783802719886477,
    0.8640675015482718,
    0.40501910060542073,
    4.392724457101103,
    9.67503911121677,
    3.113252076486413,
    8.720385623676318,
    2.1653814881146705,
    4.255161883839112,
    0.9680695208985018,
    2.677446136356567,
    1.4963510608893198,
    4.218900030537603
  ],
  "waypoint_distance_mean": 3.3366631888817992,
  "waypoint_distance_std": 3.331635526302774,
  "speed": [
    6.257250064286815,
    5.176432737062215,
    7.645183570342181,
    7.469440419385663,
    7.093295171755735,
    7.522038144645717,
    0.23191988495016505,
    6.7449014542640215,
    7.024703844468295,
    7.506034774063243,
    7.215695422029834,
    7.559487135985426,
    2.0735632061769182,
    7.515577110099665,
    7.47185423069724,
    5.3339984240413445,
    7.537316889927764,
    7.606426701909029,
    7.021873482732391,
    7.494031519334562,
    7.068328408248626,
    6.432356861749748,
    6.422317791170982,
    7.605147135129158,
    5.936548550260818,
    6.232632853822822,
    7.555074329803049,
    6.1369008354486745,
    6.748352338137913,
    6.550601203140407,
    7.114847674846677,
    7.487406292022993,
    5.942310064878844,
    7.439385678695005,
    7.1264562563483755,
    7.490996945733659,
    6.7031072478834695,
    7.223960335778346,
    5.671514101969725,
    1.5305401499602904,
    7.568792961669634,
    5.674084062234672,
    7.509445074672513,
    8.133342512864493,
    7.114111522410367,
    7.546124832031444,
    5.622168091000289,
    6.909648814361368,
    7.5585755303286035,
    7.052531498100904
  ],
  "speed_mean": 6.612172682857242,
  "speed_std": 1.5235376848944664,
  "total_reward": [
    835.0346985223139,
    19.37717689286012,
    944.6942818836789,
    328.06516497026286,
    725.5077694245896,
    801.4607014037632,
    -1000.0,
    744.9669773774525,
    355.748519169066,
    747.5123721696899,
    381.9533648993179,
    1057.828581401755,
    -1000.0,
    689.3227078434671,
    12.996671924572325,
    51.19949031996612,
    901.2136657045899,
    581.3846118362046,
    779.3978866045234,
    682.2270932443705,
    628.9534606773223,
    686.3235493828222,
    627.2132900413422,
    774.0177180916819,
    677.5695871964356,
    336.7183162496067,
    810.1306445649152,
    336.4538776269714,
    734.9538243554673,
    352.98770329891715,
    749.9315807815926,
    -26.701565279745587,
    677.8503064770198,
    749.4021645456716,
    720.5865899152191,
    831.1239829266246,
    702.9881924639592,
    803.8289296683785,
    596.9554863456679,
    39.49241393151111,
    835.7750704097766,
    18.38985786310568,
    707.0744311147952,
    181.77587239665502,
    750.1666592622089,
    623.3656434753594,
    609.6461919883751,
    601.8071423709858,
    1081.1197083082136,
    351.6176603639947
  ],
  "total_reward_mean": 524.2282005281459,
  "total_reward_std": 417.1265623438138,
  "timesteps": [
    215,
    106,
    234,
    215,
    233,
    273,
    33,
    128,
    179,
    207,
    158,
    219,
    33,
    236,
    281,
    109,
    295,
    265,
    184,
    224,
    181,
    144,
    117,
    225,
    132,
    138,
    278,
    136,
    165,
    186,
    182,
    221,
    126,
    215,
    231,
    284,
    167,
    185,
    117,
    33,
    275,
    121,
    208,
    257,
    188,
    215,
    121,
    170,
    220,
    178
  ],
  "timesteps_mean": 184.86,
  "timesteps_std": 63.941226137758726
}