{
  "collision_rate": [
    1.0,
    1.0,
    1.0,
    1.0,
    1.0,
    1.0,
    1.0,
    1.0,
    1.0,
    1.0,
    0.0,
    1.0,
    1.0,
    1.0,
    1.0,
    1.0,
    1.0,
    1.0,
    1.0,
    1.0,
    1.0,
    1.0,
    1.0,
    1.0,
    1.0,
    1.0,
    1.0,
    0.0,
    1.0,
    1.0,
    0.0,
    1.0,
    1.0,
    1.0,
    1.0,
    1.0,
    0.0,
    1.0,
    1.0,
    1.0,
    1.0,
    1.0,
    1.0,
    1.0,
    0.0,
    1.0,
    1.0,
    1.0,
    1.0,
    1.0
  ],
  "collision_rate_mean": 0.9,
  "collision_rate_std": 0.3,
  "similarity": [
    0.9377683654365881,
    0.7966429895846554,
    0.6514832829263149,
    0.9282196460741553,
    -0.20960647779609481,
    -0.08673297556899627,
    -0.9624092702931005,
    0.9723141682114449,
    0.9887230574777611,
    0.9294890256558442,
    0.1487237578305694,
    0.7188291933877564,
    0.9561818858329848,
    0.9123509615122566,
    0.999604606662916,
    0.9110939120141771,
    0.9896102223370947,
    0.9835324778403375,
    0.9954521348327052,
    0.9860416926942596,
    0.9938418354708204,
    0.9391966925382763,
    0.9950806927454676,
    0.9858053898244109,
    0.9468696145438616,
    0.3443701158424081,
    0.9952067395543415,
    0.26906505742653264,
    -0.7042487408369578,
    0.9918956750642789,
    0.6438958060577724,
    0.9917992625411896,
    0.990390873676471,
    0.9811871988429564,
    0.7779301266764004,
    0.9975076367257347,
    0.17422385662728837,
    0.9894398683521817,
    0.9310935570311508,
    0.9907334836971358,
    0.5361548967156659,
    0.988087430292175,
    0.6724506725303362,
    0.9810949505391152,
    0.1294981470686634,
    0.924664552188125,
    0.871041079129581,
    0.9489160181015522,
    0.9850294603888934,
    0.9983986943131544
  ],
  "similarity_mean": 0.7361586660064522,
  "similarity_std": 0.4440476815397497,
  "waypoint_distance": [
    1.1238212964412018,
    3.057553884918413,
    4.597889320965287,
    0.8461016459489913,
    11.530460736516266,
    2.66487949432079,
    4.26043493708146,
    0.9599516157302753,
    0.5708838953861319,
    2.874247312095557,
    9.683521494659704,
    3.8539074473393233,
    1.027166769865765,
    1.328892336882379,
    0.38019298932291556,
    1.642507961859952,
    0.6365948420957634,
    0.6844901723241013,
    0.6849344408047572,
    0.6882997259665713,
    0.5283270388123584,
    1.4009122054481111,
    0.40167789168023754,
    0.6590189188332003,
    0.9856825440686623,
    5.724901812545071,
    0.5506997551228175,
    8.534200289604433,
    3.66605345482431,
    0.3261505600850658,
    6.729442700503828,
    0.6068458725032214,
    0.7652332773775906,
    0.7230903331261176,
    3.2522781066327395,
    0.5136523073094155,
    9.446898740490349,
    0.6519556657969745,
    1.5546820380274309,
    0.5435854177758821,
    5.599888447160535,
    0.626297462668418,
    4.394129117304154,
    0.7061384336445043,
    9.897074461738859,
    1.571337271360003,
    2.2893688645238925,
    4.430582468778802,
    6.074773804867604,
    0.12148454387376106
  ],
  "waypoint_distance_mean": 2.7274619225402783,
  "waypoint_distance_std": 2.937176991326482,
  "speed": [
    3.835285951492266,
    5.7332164529633936,
    6.569577859861793,
    4.549447387005265,
    15.988015375197216,
    2.7024198067017546,
    5.118700615026756,
    4.939048910578129,
    3.755071292327925,
    6.020892857364339,
    6.707199559939912,
    6.262184740188127,
    2.2707424348194145,
    5.25876058158346,
    0.9242975440307701,
    5.71945918082343,
    4.082240259808767,
    4.325953187096856,
    4.225676588934102,
    4.44781014984835,
    3.4787181869973973,
    5.590838261503763,
    1.6955667147137443,
    4.169149673837827,
    2.1776624601831536,
    6.83052972876799,
    3.584233534094703,
    6.446973424927498,
    9.525702358449156,
    1.4540502547482372,
    4.848266707100607,
    4.12052667136338,
    3.954003366051912,
    4.435097547632839,
    6.0434373976653335,
    1.8681783506321556,
    6.519973540027923,
    4.101382613958822,
    5.599563321587103,
    3.348106492481519,
    6.268882345164305,
    4.096711526987273,
    6.502823547717838,
    4.208788306913076,
    6.816621447883814,
    5.635282913059138,
    5.50157190744945,
    15.688126248133047,
    20.224069399822284,
    1.242943760656272
  ],
  "speed_mean": 5.388275654922071,
  "speed_std": 3.4884016026176368,
  "total_reward": [
    715.7558331485259,
    781.0788730431836,
    807.0079162946145,
    -77.20600708287446,
    -504.87326387836936,
    -1000.0,
    -648.3384743133004,
    140.68680329892754,
    -211.1401748154862,
    787.9153368210283,
    780.6596299378009,
    771.6783283909798,
    793.237063032815,
    641.9659908644684,
    -1000.0,
    779.8235481431988,
    -144.7266010663904,
    -87.87455352540479,
    -95.04135511070433,
    -44.127598751717414,
    -241.02481874028206,
    760.920742523869,
    -1000.0,
    -122.31595065958544,
    614.7980347245357,
    941.8140226070659,
    -235.8714672150441,
    863.9498928299698,
    -1000.0,
    36.65947731341819,
    1084.0935918153255,
    -111.43707047080665,
    -179.2277809121939,
    -61.28987703044771,
    788.1888763173548,
    -1000.0,
    747.7780694478254,
    -151.17774869979326,
    744.2675351777706,
    -271.6625500984717,
    860.7197864574551,
    -127.88594178915616,
    725.1903402301292,
    -124.91563601518811,
    764.1203929908447,
    751.7012039460988,
    780.9652202795047,
    -1000.0,
    -425.9027941280255,
    0.3506468932816631
  ],
  "total_reward_mean": 151.985749844535,
  "total_reward_std": 630.7616626424018,
  "timesteps": [
    233,
    266,
    325,
    104,
    33,
    33,
    137,
    137,
    80,
    267,
    512,
    293,
    409,
    165,
    33,
    195,
    90,
    99,
    98,
    106,
    77,
    174,
    33,
    94,
    338,
    492,
    76,
    512,
    33,
    33,
    512,
    97,
    84,
    103,
    271,
    33,
    512,
    88,
    180,
    71,
    387,
    94,
    298,
    93,
    512,
    183,
    227,
    33,
    33,
    33
  ],
  "timesteps_mean": 186.42,
  "timesteps_std": 154.38420774159513
}