{
  "collision_rate": [
    1.0,
    0.0,
    1.0,
    1.0,
    1.0,
    1.0,
    1.0,
    0.0,
    1.0,
    1.0,
    1.0,
    1.0,
    1.0,
    1.0,
    1.0,
    1.0,
    1.0,
    1.0,
    1.0,
    0.0,
    1.0,
    1.0,
    1.0,
    1.0,
    1.0,
    1.0,
    1.0,
    1.0,
    1.0,
    1.0,
    0.0,
    1.0,
    1.0,
    1.0,
    1.0,
    1.0,
    1.0,
    1.0,
    1.0,
    1.0,
    1.0,
    1.0,
    0.0,
    1.0,
    1.0,
    1.0,
    1.0,
    1.0,
    1.0,
    1.0
  ],
  "collision_rate_mean": 0.9,
  "collision_rate_std": 0.3,
  "similarity": [
    0.9489527019664276,
    0.8951463615602077,
    0.8228217608754818,
    0.9118402825123273,
    0.6251346309916396,
    0.8224911115833305,
    0.9451597845245933,
    0.8983777181672916,
    0.9420789348132086,
    0.6798338846473697,
    0.8919925182098196,
    0.9067838755944561,
    0.8890820704461225,
    0.9285924595605745,
    0.8713598914154527,
    0.5669035927127194,
    0.899527287303159,
    0.9189328813792482,
    0.9607154566231696,
    0.24761432376263462,
    0.9208910096228332,
    0.9389427892109824,
    0.8233648397087471,
    0.7453248396470651,
    0.7014068392020507,
    0.9321373184265067,
    0.9338703673323313,
    0.8294744271357001,
    0.9242507121870934,
    0.2740387415695316,
    0.3981242754804259,
    0.36442107110824107,
    0.9997924810377243,
    0.6154092714437573,
    0.9365498881257401,
    0.013520855191302496,
    0.9401143625162929,
    0.8451814673304776,
    0.95296531631749,
    0.7009894261429441,
    0.9441519122653503,
    0.9392819721160534,
    0.26296906558201233,
    0.9186545845269641,
    0.9446974511845668,
    0.8698332068951289,
    0.9069321649161505,
    0.9997890297194996,
    0.7418642772816183,
    0.9570684075124415
  ],
  "similarity_mean": 0.7969870779877253,
  "similarity_std": 0.22537595902241592,
  "waypoint_distance": [
    1.026826938467925,
    6.836630800841246,
    3.2926995537243156,
    1.691539435348474,
    6.15292751978602,
    3.0039174016515604,
    1.3593437650005995,
    6.63294513474594,
    1.3721400476712011,
    14.286412524384358,
    1.9909908180289495,
    1.8405957509056896,
    2.0860041291791243,
    1.5668140163374606,
    2.2776449170602353,
    6.987954685866439,
    1.9006921855714511,
    1.4580914811467798,
    1.369683384533138,
    10.918818444153533,
    1.675527589944746,
    1.367075655270865,
    3.0784293114594456,
    5.504428739764722,
    8.495074023285003,
    1.2631089922968897,
    1.4352422347406943,
    2.1572509890079155,
    2.7372062057462085,
    10.245542177176091,
    9.161664113383633,
    8.978465366154524,
    0.28553538028754155,
    6.320811824174993,
    1.3769356190751794,
    11.964506071775784,
    1.324198110780392,
    4.807354110424049,
    1.1867797900765358,
    5.266286653915866,
    1.3465167732911123,
    1.29371668679241,
    10.669453097269946,
    1.6979852866433458,
    1.2919344186755837,
    2.281379583046343,
    1.9589752331164996,
    0.3373496736777615,
    2.5879266523129774,
    1.2798917414066453
  ],
  "waypoint_distance_mean": 3.8285845007875627,
  "waypoint_distance_std": 3.4719163862344637,
  "speed": [
    4.477511869978873,
    6.678555559057858,
    6.731978010917934,
    5.9512732643784485,
    7.311585377244611,
    6.53149292106391,
    5.529448658246853,
    6.726827710951944,
    5.8363332408405935,
    7.43473819679927,
    6.064870925451624,
    6.331923334767424,
    5.987786370273011,
    6.021624160323365,
    5.97576512246741,
    7.088602781557427,
    6.3285606208169884,
    5.806582923289583,
    6.7134112818268905,
    7.217616523065231,
    6.088666888623929,
    5.763102214715617,
    6.55085668601609,
    6.853762480782028,
    7.264158284755636,
    4.485605002236205,
    5.826695907761171,
    5.804163527965556,
    7.389681329950279,
    7.1996402675276086,
    5.950222091853855,
    7.200960205910276,
    1.3010287223070964,
    6.940378362510582,
    5.665857168018264,
    5.754102165928589,
    5.602531613452004,
    6.9959510709652895,
    5.598255286744211,
    7.015643395541296,
    5.737108445052511,
    4.781164619472674,
    7.257502742351951,
    6.124119931880965,
    4.850146479916425,
    6.190627640965557,
    6.258428185583315,
    1.410588160407169,
    7.2361182661165575,
    5.821566463555516
  ],
  "speed_mean": 6.073302449243748,
  "speed_std": 1.215510586302989,
  "total_reward": [
    777.2281578086901,
    1215.8274896737162,
    842.5694906485837,
    732.3828646083289,
    811.5536377978624,
    776.4833990178297,
    677.9108146307361,
    1255.2619560583553,
    783.6062524597786,
    31.724150280059376,
    754.7322071946487,
    793.844854173135,
    792.130549861206,
    807.9138087278126,
    742.4913103422327,
    852.0502158904123,
    748.930560891742,
    736.2446507264522,
    1267.5846162180526,
    747.9071223138035,
    806.2974951599381,
    747.477582393527,
    776.3299170295203,
    778.6409008489336,
    878.3226295492822,
    668.7500099638349,
    778.5156208998288,
    630.583346550062,
    1781.830440695292,
    799.4512879863391,
    871.5195194356634,
    852.7042550942983,
    32.18729092411431,
    838.634044017987,
    715.7378030205809,
    -9.525267309009786,
    720.6579925264075,
    814.7122582310622,
    758.711319359258,
    792.59635662905,
    752.7513263953251,
    650.4818019116819,
    794.4570133215657,
    805.9436696225617,
    714.1396877522551,
    779.6546685479724,
    820.0803312775166,
    35.66102958339067,
    1580.8016017649743,
    827.6136687266434
  ],
  "total_reward_mean": 778.8819542246658,
  "total_reward_std": 307.39436542797824,
  "timesteps": [
    217,
    512,
    267,
    181,
    355,
    250,
    157,
    512,
    173,
    443,
    198,
    191,
    212,
    186,
    210,
    398,
    184,
    173,
    238,
    512,
    191,
    168,
    250,
    338,
    463,
    193,
    179,
    190,
    448,
    504,
    512,
    471,
    33,
    380,
    165,
    171,
    165,
    346,
    164,
    327,
    167,
    175,
    512,
    191,
    187,
    220,
    203,
    33,
    351,
    174
  ],
  "timesteps_mean": 268.8,
  "timesteps_std": 131.24983809513824
}