{
  "collision_rate": [
    1.0,
    1.0,
    1.0,
    1.0,
    1.0,
    1.0,
    1.0,
    1.0,
    1.0,
    1.0,
    1.0,
    1.0,
    1.0,
    1.0,
    1.0,
    1.0,
    1.0,
    1.0,
    1.0,
    1.0,
    1.0,
    1.0,
    1.0,
    1.0,
    1.0,
    1.0,
    1.0,
    1.0,
    1.0,
    1.0,
    1.0,
    1.0,
    1.0,
    1.0,
    1.0,
    1.0,
    1.0,
    1.0,
    1.0,
    1.0,
    1.0,
    1.0,
    1.0,
    1.0,
    1.0,
    1.0,
    1.0,
    1.0,
    1.0,
    1.0
  ],
  "collision_rate_mean": 1.0,
  "collision_rate_std": 0.0,
  "similarity": [
    0.8430264374219002,
    0.8741254678504164,
    0.18196763040985925,
    -0.03263955108989681,
    0.9404667157204858,
    0.96776865894765,
    0.6820517642144566,
    0.8862456321013112,
    0.8568135451285802,
    0.896657223843058,
    0.7802618059258569,
    0.8515413111050237,
    0.9311187724278951,
    0.9236271868528443,
    0.7553202480894788,
    0.8753634086257992,
    0.8592641428651345,
    0.6908218687195082,
    0.9041153232373004,
    0.937412318993415,
    0.9036445226114032,
    0.8971778882772005,
    0.9259806830566637,
    0.3483007254118425,
    0.9482193330423361,
    0.8774547457405829,
    0.8812033841737873,
    0.92202157319439,
    0.8827618010293848,
    0.8713765267423531,
    0.9977864136851569,
    0.9197940471498905,
    0.8691059540978695,
    0.999999924022357,
    0.8939310722967698,
    0.6867396357466758,
    0.9585132393513497,
    0.9626773878775648,
    0.855011432426678,
    0.6997064754970668,
    0.9434498562419877,
    0.869269979797101,
    0.9998122111758315,
    0.889771539429062,
    0.791515909828157,
    0.8684072243608562,
    0.9011576033367996,
    0.8302817128867162,
    0.8856162848284013,
    0.902833267358148
  ],
  "similarity_mean": 0.8357770453212892,
  "similarity_std": 0.18878407962577926,
  "waypoint_distance": [
    3.757582516751505,
    2.6918852461055756,
    1.9682444675519608,
    5.203693376469882,
    1.4733751357823142,
    2.7464482923150344,
    5.754362378391449,
    2.807563210406878,
    3.5492353254908533,
    2.866716383403743,
    3.9806892601425536,
    3.181349611358745,
    1.7566177713146167,
    0.9183119692469504,
    4.603595838464319,
    2.6442332278531557,
    2.641194398675325,
    5.68026135106541,
    2.5127553393874953,
    2.2573833667609104,
    2.5433193587791543,
    2.68932276596776,
    2.0028665812547812,
    1.5732290287762483,
    1.9015630322411035,
    2.8585984201254164,
    2.739832846770158,
    1.8813557112989054,
    2.8105524849216903,
    2.4999804270156054,
    1.2185561170283923,
    2.122323521067778,
    3.025700291957496,
    1.6870060717259976,
    2.9674182813457533,
    5.777638684528887,
    1.5866460485107545,
    1.0121626153784087,
    3.197572396488117,
    5.628431759634585,
    1.7730471967934058,
    2.9037094642467784,
    0.6807828852720952,
    2.294426488469973,
    3.98192112835969,
    2.6890407784575605,
    2.6521649436836947,
    3.1083392820830698,
    2.335341890904165,
    2.197040230932445
  ],
  "waypoint_distance_mean": 2.786707784019171,
  "waypoint_distance_std": 1.2202122799442459,
  "speed": [
    6.145156762569367,
    6.409988487677427,
    6.392407842359701,
    6.986130724873974,
    6.441831207723294,
    2.6390502653590815,
    7.183787308600739,
    6.522668021667499,
    6.526098934926378,
    6.562154921712119,
    6.63944494328755,
    6.626042853941145,
    6.284034558282234,
    1.7143799153252044,
    6.759112977013201,
    6.436243178639227,
    6.4430892749793385,
    6.946638934438397,
    6.4287326544276455,
    6.523223548434642,
    6.5842853936346915,
    6.177464588388742,
    6.2439812485957,
    6.236964748708465,
    6.366561456379857,
    6.3721201982427464,
    6.398433943691178,
    6.195768631819642,
    6.376320502574817,
    6.477161347191651,
    0.040925492972389656,
    6.3875514370035,
    6.537609382905185,
    1.9284086691221807e-06,
    6.571343883041179,
    6.997440082507261,
    6.327951504235901,
    5.755340690715305,
    6.645525116181054,
    7.016989905321577,
    6.47568544919415,
    6.67084292547758,
    1.2138800093922322,
    6.446516363614729,
    6.59398808465274,
    6.510888083544835,
    6.225364153737708,
    6.447171348732423,
    6.418632016871297,
    6.481523406015943
  ],
  "speed_mean": 5.956089012799826,
  "speed_std": 1.6602042953012754,
  "total_reward": [
    854.4576629739623,
    778.5282889451386,
    122.11417898831945,
    159.93242571478908,
    1109.0954183435033,
    -967.3483289322,
    892.4712849052318,
    1021.147626269058,
    875.1574814342613,
    906.0006398574916,
    906.8283735191412,
    753.4772465966669,
    898.114041545315,
    -1000.0,
    925.8311710851642,
    794.4296866080635,
    870.3945417607407,
    849.0150284793914,
    841.7183104828489,
    349.6192909946799,
    932.1657141528896,
    725.8869247598742,
    775.2737865994769,
    286.59948638591,
    409.47600305236415,
    778.6258697088582,
    771.8717759326775,
    780.923201837666,
    758.6432136647659,
    858.8113591954052,
    -1000.0,
    851.8841033271503,
    987.7975942760155,
    -1000.0,
    785.4612451183623,
    805.2893158772258,
    952.8728739231957,
    280.20809630976214,
    809.598327172062,
    836.1463313051132,
    1013.351373618431,
    865.4316728774099,
    29.367925836307297,
    944.229868093894,
    861.8232277049585,
    867.4670953965574,
    736.0014342027758,
    887.486635899365,
    846.3574325779455,
    407.5383707331532
  ],
  "total_reward_mean": 615.7514925822227,
  "total_reward_std": 530.2838141615614,
  "timesteps": [
    322,
    234,
    217,
    358,
    217,
    33,
    371,
    276,
    286,
    257,
    313,
    246,
    207,
    33,
    342,
    232,
    246,
    368,
    228,
    221,
    245,
    220,
    194,
    198,
    215,
    238,
    234,
    192,
    233,
    239,
    33,
    213,
    283,
    33,
    235,
    361,
    195,
    153,
    261,
    361,
    218,
    254,
    33,
    243,
    305,
    248,
    221,
    272,
    227,
    226
  ],
  "timesteps_mean": 231.8,
  "timesteps_std": 82.862054041642
}