{
  "collision_rate": [
    1.0,
    1.0,
    1.0,
    0.0,
    1.0,
    1.0,
    1.0,
    0.0,
    1.0,
    1.0,
    1.0,
    1.0,
    1.0,
    1.0,
    1.0,
    1.0,
    1.0,
    1.0,
    1.0,
    1.0,
    1.0,
    1.0,
    1.0,
    1.0,
    1.0,
    1.0,
    1.0,
    1.0,
    1.0,
    0.0,
    1.0,
    1.0,
    1.0,
    1.0,
    1.0,
    1.0,
    1.0,
    1.0,
    1.0,
    1.0,
    1.0,
    1.0,
    1.0,
    1.0,
    1.0,
    1.0,
    1.0,
    1.0,
    1.0,
    1.0
  ],
  "collision_rate_mean": 0.94,
  "collision_rate_std": 0.2374868417407584,
  "similarity": [
    0.4548455414829369,
    0.17582185951828566,
    0.5444623709329277,
    0.05825974067042427,
    0.6633036572600669,
    0.8920309914803703,
    0.59934746502246,
    0.4927372346707719,
    0.8723634809294889,
    0.17568746573980165,
    0.7575274385536132,
    0.9997496029840353,
    0.8277771634304849,
    0.6645345471669822,
    0.7114334196782168,
    0.8983723610931769,
    0.7129954054517204,
    0.9563953302757353,
    0.4245864590461345,
    0.4211082378627414,
    0.37427272191950756,
    0.6623825461248919,
    0.6947072184256007,
    0.594193559990942,
    0.6367360059972966,
    0.7667002991687342,
    0.7668195516695768,
    0.9190292038562989,
    0.8081486442667594,
    -0.0016986210817840726,
    0.8559759661972156,
    0.18331936702051024,
    0.8285469978922627,
    0.48348650434045914,
    0.6952094174964617,
    0.8464333045687709,
    0.7507641653081403,
    0.6372049559141552,
    0.7372693241855246,
    0.09610216221096402,
    0.6965093411796243,
    0.6548433152108224,
    0.7973135298394215,
    0.9316636455075384,
    0.22517010182550334,
    0.4352100145858869,
    0.8315232947888096,
    0.7357863742368326,
    0.8342869265499996,
    0.7400859792082985
  ],
  "similarity_mean": 0.630426711833108,
  "similarity_std": 0.2500400345739921,
  "waypoint_distance": [
    6.001073655547385,
    8.119456649431234,
    6.272032540701062,
    12.137921221910496,
    4.058599857401813,
    1.7653424283188137,
    4.306576044589048,
    5.164949691081631,
    1.9724195727290008,
    8.573036156020157,
    3.3222085149810394,
    0.299568076744852,
    2.759886740661937,
    16.11036938659925,
    4.1378457398331845,
    1.3428834178529974,
    3.260137433917419,
    0.8453155266724532,
    7.298650727970727,
    7.1782903286899,
    6.998742616973498,
    3.9368737617082954,
    3.980302161211703,
    4.378289291827353,
    5.016656334969515,
    2.1410774487192374,
    1.848429736618682,
    1.2454342276262096,
    2.9820346032243092,
    8.616933879264682,
    2.0178730997662986,
    7.966872569371191,
    2.4708110540256776,
    5.742186591192126,
    3.8886737195244887,
    2.3472411412367133,
    5.351461891957104,
    4.3571148760249985,
    3.348864710178738,
    11.364393589654563,
    3.752544967831828,
    5.035292089704539,
    1.9851316031040747,
    1.100267141383638,
    4.967605648446122,
    7.54665903477481,
    2.306967759285969,
    3.9299059984567926,
    3.2896969038931076,
    2.160729723911621
  ],
  "waypoint_distance_mean": 4.620032637750446,
  "waypoint_distance_std": 3.0724355622718336,
  "speed": [
    7.14473891016661,
    7.776673282009796,
    7.970989860329618,
    7.796095659214747,
    7.018316427128364,
    5.885996496411184,
    7.250098054523387,
    7.5463798097091885,
    5.627050868594035,
    7.72239560740584,
    6.537991054007109,
    1.2304542068282496,
    6.418531760265124,
    6.9794890134556224,
    6.760173433801585,
    5.195048668336931,
    6.936167319508221,
    4.556235921949817,
    7.365273983196531,
    7.399954581968792,
    7.514130455714327,
    7.30501700279751,
    7.156473337176326,
    7.314268484506891,
    6.937399122796162,
    6.656723649426324,
    6.2989864320807305,
    5.418685968704197,
    6.256825540109858,
    7.738421345974751,
    5.855462621990804,
    7.703879235993288,
    6.7121967146912,
    7.36526016803888,
    7.244133416206235,
    6.567205950535792,
    6.355947036560869,
    7.280396194595933,
    7.117658369263908,
    7.544726761408112,
    7.154307798360455,
    7.34797630918788,
    6.476350658296954,
    5.008262086440234,
    7.284171836640273,
    7.520909944694748,
    6.4649693372271475,
    6.810069754002228,
    6.6365251100849605,
    6.568255080507002
  ],
  "speed_mean": 6.734673012856495,
  "speed_std": 1.0886516078888484,
  "total_reward": [
    441.0501709819709,
    479.37414822506634,
    913.0434708406167,
    729.90000428441,
    442.6176732051876,
    718.9003420892307,
    454.9650820144508,
    507.88238667627076,
    585.7584533143007,
    446.94813816386943,
    417.5747930732292,
    29.307749829507944,
    423.10820867524234,
    8.377339147976073,
    368.47943326631736,
    569.2534633755877,
    461.62442195174845,
    525.1607975165484,
    626.4754741545336,
    594.0953844101205,
    378.73894509425344,
    673.8331818851159,
    472.79397739885326,
    462.23306267840394,
    696.9834687776378,
    812.3698344668143,
    741.2275668521202,
    599.1760278322791,
    376.45224442381976,
    786.9773090497025,
    620.6483285131987,
    377.4156883188784,
    666.8913632132447,
    408.13662877356296,
    497.1477080912553,
    726.6372792835385,
    347.59266920622576,
    438.6125551043225,
    609.6448930176051,
    538.8053835642941,
    560.3654194675954,
    747.104442210404,
    882.884955679026,
    554.5444355549898,
    199.6548973645387,
    703.505236393278,
    636.126918495834,
    374.86318458983936,
    410.68984188595573,
    744.2654193006598
  ],
  "total_reward_mean": 535.8043960336687,
  "total_reward_std": 184.73487929633856,
  "timesteps": [
    381,
    489,
    450,
    512,
    282,
    192,
    291,
    512,
    183,
    456,
    238,
    33,
    204,
    256,
    246,
    158,
    245,
    131,
    352,
    340,
    365,
    302,
    286,
    292,
    313,
    237,
    211,
    151,
    195,
    512,
    193,
    445,
    225,
    333,
    286,
    212,
    240,
    288,
    276,
    455,
    282,
    302,
    239,
    139,
    376,
    371,
    196,
    239,
    219,
    229
  ],
  "timesteps_mean": 287.2,
  "timesteps_std": 107.6052043351064
}