{
  "collision_rate": [
    1.0,
    1.0,
    1.0,
    1.0,
    1.0,
    1.0,
    1.0,
    1.0,
    1.0,
    1.0,
    1.0,
    1.0,
    1.0,
    1.0,
    1.0,
    1.0,
    1.0,
    1.0,
    1.0,
    1.0,
    1.0,
    1.0,
    1.0,
    1.0,
    1.0,
    1.0,
    1.0,
    1.0,
    1.0,
    1.0,
    1.0,
    1.0,
    1.0,
    1.0,
    1.0,
    1.0,
    1.0,
    1.0,
    1.0,
    1.0,
    0.0,
    1.0,
    1.0,
    1.0,
    1.0,
    1.0,
    1.0,
    1.0,
    1.0,
    1.0
  ],
  "collision_rate_mean": 0.98,
  "collision_rate_std": 0.13999999999999999,
  "similarity": [
    0.9000287310475983,
    0.6828996215450513,
    0.8616315951286992,
    0.7671185604113561,
    0.8031071104762108,
    0.9321251973742211,
    0.7980205540646067,
    0.6835589234412967,
    0.6918687049463513,
    0.7116905729300802,
    0.4271728115656696,
    0.9899082530383848,
    0.7074742521375302,
    0.7881634867048799,
    0.680958345233611,
    0.7510428574085022,
    0.7553313652123511,
    0.8115373366401807,
    0.7490560235160355,
    0.9998648243201026,
    0.6634060895229493,
    0.853255883691896,
    0.7817221275024699,
    0.6699909775484708,
    0.6857098747099476,
    0.7223808349227333,
    0.572201504389593,
    0.7356109506519618,
    0.7444842952520089,
    0.7670986823824721,
    0.7740651510730554,
    0.7821423795279676,
    0.9148037931065888,
    0.6680545655726294,
    0.8313762680534903,
    0.7782966647256422,
    0.7455458883957354,
    0.7304891288104388,
    0.7782986915644581,
    0.5040530223941634,
    0.3213717414571473,
    0.6962356240782,
    0.5537819417588636,
    0.7983146273089442,
    0.9988755581501043,
    0.7370149864712048,
    0.9850746982274802,
    0.6272612895927673,
    0.612442794463685,
    0.703626572317776
  ],
  "similarity_mean": 0.7445909146953512,
  "similarity_std": 0.13191483769962348,
  "waypoint_distance": [
    2.23180865335676,
    5.578783258877757,
    3.3120106714253215,
    4.022911769632854,
    6.007375571311349,
    2.7420131265834815,
    3.1325134478744325,
    4.577901144292252,
    5.464856112727743,
    4.776707487762509,
    8.951867589503529,
    0.8428196874374075,
    5.36033743239052,
    5.853221838359108,
    5.671121893443105,
    4.3343619312077175,
    4.223589249729297,
    6.307981927560765,
    4.408398112625574,
    0.26486566191670485,
    8.827403747926375,
    2.323847756246807,
    6.211451901082235,
    5.157681309341926,
    5.0012480004960445,
    4.738788817097346,
    12.948300569713263,
    4.544575105039612,
    4.762614944942196,
    3.801998580286711,
    3.5335795776819667,
    5.8455891425753155,
    1.3988561837261875,
    5.225668290989178,
    5.824891676478023,
    3.7014324899279423,
    4.182275593096405,
    4.756015238598172,
    6.409912305967813,
    7.428543404630045,
    10.272203764901862,
    5.582709841927074,
    6.907119332236813,
    4.126469703205204,
    0.36105364122163813,
    4.642919505476542,
    1.1884411291312853,
    5.018734118195417,
    6.741228012859173,
    4.809439959026191
  ],
  "waypoint_distance_mean": 4.886808804240859,
  "waypoint_distance_std": 2.314445427822813,
  "speed": [
    5.767633339657331,
    6.90769029376995,
    6.346939633909292,
    6.736691055739438,
    6.572508827346663,
    5.686212262274084,
    6.514980499297763,
    6.891300908903065,
    6.946993309477143,
    6.873586176420874,
    7.36949155710016,
    2.915849988135,
    6.9483421734199275,
    6.58120258458144,
    6.923968377218653,
    6.7322767853882794,
    6.707077552425636,
    6.699699135268157,
    6.686380038598202,
    1.4558075873718217,
    6.921513223875584,
    6.2634182546629225,
    6.621076086317397,
    6.984815351441886,
    6.93243271042056,
    6.870816269206682,
    6.868500379292102,
    6.669771340436846,
    6.927167734987111,
    6.560877736197803,
    6.56287673678548,
    6.454881354254355,
    5.818979964882459,
    6.892968655344258,
    6.6554309623748305,
    6.612141241704848,
    6.707233081324516,
    6.91852792331553,
    6.680407103104997,
    6.849600036350354,
    7.465917879740797,
    6.994899742390744,
    7.088143948701723,
    6.756863800926931,
    1.6421784530153747,
    6.8731560666113,
    4.091436563918085,
    7.087562102836703,
    7.054863916919368,
    6.967452693575759
  ],
  "speed_mean": 6.401210868024403,
  "speed_std": 1.226799486096829,
  "total_reward": [
    765.8329676809385,
    636.650008781231,
    417.8374680052711,
    655.4811997237556,
    353.1109582771548,
    318.5166640397231,
    620.9945230238312,
    439.9150215447576,
    657.6789588610696,
    611.3328114463242,
    419.5816060914941,
    145.89980949220973,
    676.9920942556753,
    344.06241200062493,
    654.9791952896567,
    657.5285323504974,
    649.7779525434136,
    365.50842495821473,
    654.3941087736252,
    37.31933833233685,
    358.9989857530523,
    627.3323475883886,
    348.7447021591321,
    406.09076018464583,
    420.80232747428727,
    622.9503625768783,
    14.078488806260005,
    631.6934572985936,
    705.5465276657692,
    618.6096388310201,
    612.6734034918474,
    353.5572963389446,
    110.50438203177521,
    420.88465688037746,
    372.25426932091983,
    639.7473259389819,
    630.3642114335826,
    663.4948083179656,
    354.0834043992002,
    346.0702890914106,
    475.7428841450824,
    698.8508976706104,
    410.9903180935952,
    803.7265257146988,
    -1000.0,
    657.8115589115629,
    251.25150850913292,
    552.5686297344818,
    627.0519159728452,
    426.3782718885406
  ],
  "total_reward_mean": 464.9249642339078,
  "total_reward_std": 279.30529361559843,
  "timesteps": [
    260,
    306,
    208,
    254,
    238,
    125,
    214,
    299,
    302,
    273,
    467,
    56,
    304,
    229,
    312,
    268,
    264,
    262,
    272,
    33,
    333,
    185,
    242,
    310,
    312,
    275,
    269,
    274,
    292,
    243,
    228,
    235,
    142,
    323,
    250,
    241,
    256,
    282,
    250,
    304,
    512,
    317,
    387,
    290,
    33,
    281,
    75,
    330,
    338,
    303
  ],
  "timesteps_mean": 261.16,
  "timesteps_std": 88.82980580863611
}