{
  "collision_rate": [
    1.0,
    1.0,
    1.0,
    1.0,
    1.0,
    1.0,
    1.0,
    1.0,
    1.0,
    1.0,
    1.0,
    1.0,
    1.0,
    1.0,
    1.0,
    1.0,
    1.0,
    1.0,
    1.0,
    1.0,
    1.0,
    1.0,
    1.0,
    1.0,
    1.0,
    1.0,
    1.0,
    1.0,
    1.0,
    1.0,
    1.0,
    1.0,
    1.0,
    1.0,
    1.0,
    1.0,
    1.0,
    1.0,
    1.0,
    1.0,
    1.0,
    1.0,
    1.0,
    1.0,
    1.0,
    1.0,
    1.0,
    1.0,
    1.0,
    1.0
  ],
  "collision_rate_mean": 1.0,
  "collision_rate_std": 0.0,
  "similarity": [
    0.9012230994086027,
    0.8913986154334901,
    0.9949585836496576,
    0.9967547505683748,
    0.9676289250282538,
    0.6642969939511122,
    0.8005577539549724,
    0.9481636621318066,
    0.8858440700143596,
    0.8103936322633929,
    0.8766171677901962,
    0.7878326073006288,
    0.8606584761063791,
    0.803756086161725,
    0.42215703386875525,
    0.811784265232219,
    0.6646558227867958,
    0.7109074742704938,
    0.8972855696187924,
    0.9403489263612279,
    0.8896600745314874,
    0.9317849098079208,
    0.9489827726205985,
    0.7869842819935616,
    0.9530239324711839,
    0.944522551885807,
    0.6806423158782153,
    0.9630300969943261,
    0.901272308278955,
    0.8976831195235572,
    0.8701880860097214,
    -0.7284259796682392,
    0.9671545003207845,
    0.8001880562578241,
    0.9563782900884559,
    0.9954272671719339,
    0.9792422396705599,
    0.9010448601486488,
    0.9620051586130803,
    0.9049205904805385,
    0.6953678718520996,
    0.955410400081095,
    0.7998206251883639,
    0.40506639531331523,
    0.9909979297784791,
    0.7971312663481417,
    0.9564691274773375,
    0.8915210045266857,
    0.7901610087949317,
    0.8878834210058533
  ],
  "similarity_mean": 0.8262552399869292,
  "similarity_std": 0.2560063130569002,
  "waypoint_distance": [
    1.686773748395245,
    1.95141487849844,
    0.4875092771153753,
    2.3162119629429507,
    0.9093312131443367,
    4.025053619016896,
    3.120457576629489,
    1.1038222242503646,
    4.401218380436595,
    2.977675765809594,
    3.2141594630341146,
    1.6420866503777833,
    2.315122767324822,
    3.5496470818683417,
    15.657405513666818,
    3.01857963047634,
    4.694362084699769,
    3.56553129305934,
    2.0055337317534834,
    2.6031715439330676,
    2.4453376611370103,
    1.401011924334154,
    1.1067837618838952,
    3.32905777759257,
    1.0379051236375387,
    3.196350033346919,
    3.4811322351611724,
    3.26400286917757,
    1.7951164038229686,
    4.3185886580300235,
    2.205523485601386,
    15.470205742883532,
    1.074913711447952,
    3.203897157708322,
    0.9610531861054562,
    1.6242303213215041,
    0.8409029381438877,
    2.001203764002859,
    0.9277337244462414,
    1.7732099972278013,
    4.365616293050411,
    9.971679084113946,
    3.2202087192467657,
    8.553250945865017,
    0.6627470612521352,
    4.1359157567486395,
    1.0266478051146175,
    2.640701228409582,
    1.379685942342864,
    4.3194308016009675
  ],
  "waypoint_distance_mean": 3.2195822504238176,
  "waypoint_distance_std": 3.076447832104258,
  "speed": [
    5.625380609075961,
    6.193553337678966,
    5.103817072105889,
    3.3995036919400903,
    5.324295923108655,
    7.158730740112879,
    6.684455568138574,
    6.16814020564516,
    6.358917651517156,
    6.672216566766914,
    6.528334733512278,
    6.759118186344956,
    6.268101689252269,
    6.642639395090538,
    6.89492756172207,
    6.714301540660598,
    6.995090000966328,
    7.052637589752779,
    6.573137347292136,
    5.675250647673479,
    6.501283885157039,
    5.821430189862338,
    6.211756775320029,
    6.802290655522776,
    5.4824748269832675,
    5.7217436789941845,
    7.060602813122155,
    5.84886440677508,
    6.108265511381187,
    5.744777519912728,
    6.248433810751125,
    5.104076751862291,
    5.605742889936188,
    6.713441602830719,
    5.397348708434412,
    4.464112328341497,
    5.525235193629324,
    6.409800739523828,
    5.352430289933952,
    6.115564569332908,
    6.898500073657631,
    5.883668190608011,
    6.73650890681299,
    7.355996881100911,
    5.0866280969160425,
    6.672986634567737,
    5.571896543295487,
    6.153705084473939,
    6.582747641399425,
    6.2306486257116465
  ],
  "speed_mean": 6.1241102776901695,
  "speed_std": 0.7448626640746688,
  "total_reward": [
    790.6130605338838,
    742.6752659930669,
    -357.18103199810497,
    -420.9386426481994,
    118.5904834159179,
    937.7747282962133,
    1003.6448838692983,
    643.1940564781635,
    350.3717689378552,
    725.475444481255,
    370.4259418500013,
    969.3129201322033,
    726.934018108241,
    654.1830688114738,
    10.520223108510113,
    910.1100340385084,
    738.652483804445,
    482.55415074612847,
    905.9329560227961,
    -120.42393839569905,
    643.9378954269001,
    710.0493529194451,
    653.1892144253683,
    775.3539948906246,
    640.6988078771427,
    342.6177160826161,
    751.8847364340602,
    353.2485666722762,
    728.2927063581283,
    362.8236489138433,
    730.0341793463746,
    -507.3418026144269,
    673.7852467941415,
    737.6624401517187,
    88.8292319895404,
    -203.59100476691066,
    217.73723517918222,
    877.6133784108277,
    603.8950975155727,
    734.21994991158,
    751.8919477094735,
    21.362595638317075,
    739.5685735022598,
    180.19459316237652,
    54.87466734837267,
    619.0807160802265,
    627.333135145731,
    613.5636326825254,
    1000.9695385875799,
    346.98274638591556
  ],
  "total_reward_mean": 501.0636922749348,
  "total_reward_std": 378.85986926166777,
  "timesteps": [
    226,
    187,
    33,
    33,
    124,
    303,
    281,
    125,
    183,
    223,
    169,
    234,
    199,
    252,
    291,
    264,
    287,
    304,
    211,
    152,
    199,
    158,
    126,
    244,
    136,
    152,
    289,
    161,
    181,
    206,
    199,
    122,
    132,
    230,
    121,
    95,
    135,
    213,
    125,
    180,
    283,
    141,
    231,
    275,
    112,
    231,
    125,
    187,
    245,
    188
  ],
  "timesteps_mean": 190.06,
  "timesteps_std": 65.94161356836818
}