{
  "collision_rate": [
    1.0,
    0.0,
    1.0,
    1.0,
    1.0,
    1.0,
    1.0,
    0.0,
    1.0,
    1.0,
    1.0,
    1.0,
    1.0,
    1.0,
    1.0,
    0.0,
    1.0,
    1.0,
    1.0,
    1.0,
    1.0,
    1.0,
    1.0,
    1.0,
    0.0,
    1.0,
    1.0,
    1.0,
    0.0,
    0.0,
    0.0,
    0.0,
    1.0,
    0.0,
    1.0,
    1.0,
    1.0,
    0.0,
    1.0,
    0.0,
    1.0,
    1.0,
    1.0,
    1.0,
    1.0,
    0.0,
    1.0,
    1.0,
    1.0,
    1.0
  ],
  "collision_rate_mean": 0.76,
  "collision_rate_std": 0.4270831300812525,
  "similarity": [
    0.949746364834731,
    0.9545920548125092,
    0.8215106838392738,
    0.9999693484219893,
    0.6722565520169289,
    0.8421842327976575,
    0.9558505547678191,
    0.9430825573654185,
    0.9368066840871421,
    0.4925794365905259,
    0.9198163382264689,
    0.9071345005811676,
    0.8931284294556291,
    0.9274611355062596,
    0.8876293198726736,
    0.5319137428653412,
    0.9141871428908974,
    0.912657170377843,
    0.967135885992983,
    0.5316763200763863,
    0.9301569034729565,
    0.9351168196752545,
    0.823825503533701,
    0.7839557259477317,
    0.704376106331381,
    0.9412606011256792,
    0.9332351193830924,
    0.8310499614430994,
    0.9495495828719652,
    0.5274961980669397,
    0.5604419794660696,
    0.611819590778719,
    0.9470137677337362,
    0.7211802247928597,
    0.9397448854800589,
    0.03242688238932022,
    0.9368394050186915,
    0.885278454033511,
    0.9464188950726027,
    0.4838994975417375,
    0.939766036744099,
    0.9324072373984758,
    0.8647565630672112,
    0.9252648387373301,
    0.943488736260139,
    0.6090684212928204,
    0.9082379517067619,
    0.9296636819878764,
    0.7541661513122159,
    0.952300200327396
  ],
  "similarity_mean": 0.8229104875674615,
  "similarity_std": 0.18533934379639738,
  "waypoint_distance": [
    1.2054806043360506,
    4.691697545055173,
    3.6500760778397825,
    0.2924960200253272,
    5.861455968105296,
    3.3114023342958085,
    1.3555982036807794,
    5.302465658899952,
    1.4597811425688885,
    12.320999885747922,
    2.058726075500782,
    1.9219871971167541,
    2.1236338910606705,
    1.6126029824970671,
    2.2141382035805326,
    8.590866435657212,
    1.85553906231169,
    1.5849371314490492,
    1.4303139311693935,
    8.429839864326906,
    1.7798877760593173,
    1.4124818163512758,
    3.443730759743781,
    5.834456734689539,
    8.741181135751109,
    1.395375065372809,
    1.4801903792190152,
    2.2238152164504528,
    1.8286030059369518,
    8.593455791611268,
    8.026646025632967,
    8.642483325880024,
    1.2457326805238593,
    8.3157434952768,
    1.4212345908031931,
    12.124966932479609,
    1.4029540406304095,
    5.897063843301374,
    1.280613015078391,
    9.237427081640234,
    1.405108208117325,
    1.390894163446671,
    2.8914918366243856,
    1.85424386213159,
    1.410310645472169,
    8.637797146601875,
    2.092056868534113,
    1.5522881396919217,
    2.4794115800743497,
    1.3689056666690644
  ],
  "waypoint_distance_mean": 3.8136917809004176,
  "waypoint_distance_std": 3.2097358027750906,
  "speed": [
    3.9146837884872947,
    6.820132840754322,
    5.797525874422898,
    1.1204034189917653,
    6.531282086708047,
    5.900567996789357,
    5.540794148976812,
    6.663244200070061,
    5.499021022257402,
    6.013978201810925,
    5.815889970177239,
    5.991765212388738,
    5.539247906820143,
    5.594003420378938,
    5.582474804353347,
    6.620719265669265,
    6.042908409720766,
    5.461408121142019,
    6.2222635886534485,
    6.510155399161465,
    5.780992126901245,
    5.359609458091797,
    5.775406731442057,
    6.098732904031528,
    6.655746166244498,
    4.236426414275279,
    5.439564533520283,
    5.405746209374687,
    7.016306730001798,
    6.571688932592776,
    5.7299492195910675,
    6.67786102221977,
    5.295825983123991,
    6.622200361397273,
    5.416252874511777,
    5.4238412538657,
    5.318454997070149,
    6.6400376477866025,
    5.301265121481037,
    6.694381195062437,
    5.406211109099845,
    4.45233164076459,
    5.691389613611291,
    5.863218468879214,
    4.525691581222474,
    6.639222818276022,
    5.816523951340857,
    5.5065734166209115,
    6.423180729985689,
    5.468186148586353
  ],
  "speed_mean": 5.7287057807741455,
  "speed_std": 0.9397880752402394,
  "total_reward": [
    737.9670504455428,
    1510.4657418581623,
    830.377050540569,
    26.248827312988368,
    875.2823975230056,
    823.2911282285813,
    864.4571520270747,
    1328.4278607395095,
    769.1961199082075,
    -479.31559498120185,
    938.6207140359872,
    773.1313620953249,
    724.4252165746959,
    774.8261931927261,
    708.8327931114503,
    849.2761251922366,
    796.9016885032323,
    722.3889195154538,
    1465.2895933926459,
    769.3194817302411,
    868.2384912425055,
    729.530155225693,
    729.7277670051739,
    803.0302024982452,
    746.8155865258755,
    743.3336678289136,
    749.3967634960201,
    618.8561286276328,
    2710.2980274540905,
    840.8026638240704,
    836.7695939572708,
    836.740599729156,
    732.2689051928669,
    798.1835650513564,
    749.1755270250833,
    -9.055691425733595,
    715.9683294916628,
    847.1983918609426,
    743.7108303521178,
    779.7110782220619,
    744.615383899208,
    624.7321157776795,
    796.0606515239374,
    864.2829266977303,
    706.3006327175701,
    821.6767648203016,
    792.9985833805983,
    753.8517363583122,
    1600.168277548793,
    808.9010077713795
  ],
  "total_reward_mean": 817.8739696925389,
  "total_reward_std": 414.24552788782955,
  "timesteps": [
    245,
    512,
    318,
    33,
    406,
    295,
    199,
    512,
    189,
    278,
    254,
    205,
    223,
    200,
    221,
    512,
    203,
    194,
    289,
    496,
    225,
    183,
    286,
    415,
    512,
    226,
    190,
    207,
    512,
    512,
    512,
    512,
    170,
    512,
    183,
    190,
    178,
    512,
    175,
    512,
    181,
    190,
    270,
    225,
    209,
    512,
    224,
    194,
    382,
    189
  ],
  "timesteps_mean": 301.68,
  "timesteps_std": 137.8308296427182
}