{
  "collision_rate": [
    1.0,
    1.0,
    1.0,
    1.0,
    0.0,
    1.0,
    1.0,
    1.0,
    1.0,
    1.0,
    1.0,
    1.0,
    0.0,
    1.0,
    1.0,
    1.0,
    0.0,
    1.0,
    1.0,
    1.0,
    1.0,
    1.0,
    0.0,
    1.0,
    1.0,
    1.0,
    1.0,
    1.0,
    1.0,
    1.0,
    1.0,
    0.0,
    1.0,
    1.0,
    1.0,
    1.0,
    1.0,
    0.0,
    1.0,
    1.0,
    1.0,
    1.0,
    1.0,
    1.0,
    1.0,
    1.0,
    1.0,
    1.0,
    1.0,
    1.0
  ],
  "collision_rate_mean": 0.88,
  "collision_rate_std": 0.32496153618543844,
  "similarity": [
    0.6405184014691789,
    0.7697838257549311,
    0.6802991282350538,
    0.7985970266623383,
    0.465643326459407,
    0.9140130274592131,
    0.8756430304328664,
    0.9158097188615085,
    0.8701560398373043,
    0.8993193919085605,
    0.8813386031067775,
    0.8555860945969086,
    0.48843089201101353,
    0.9609575394384622,
    0.583016456680008,
    0.9410869861235912,
    0.5276195501560931,
    0.704083443261918,
    0.7287352056608586,
    0.9580315343498773,
    0.686039964881688,
    0.9228303243168564,
    0.5156692516912581,
    0.8844923746308934,
    0.9571682341519713,
    0.8389412271177876,
    0.5310492687806269,
    0.999982498384523,
    0.6847615562571895,
    0.8008074760707748,
    0.5924284342904639,
    0.5598928242659471,
    0.8318391747421058,
    0.8371193737466472,
    0.8485613629046558,
    0.9341473340282501,
    0.6843583013005644,
    0.4241451242198409,
    0.9177551580683863,
    0.7343586638696801,
    0.9270135510444478,
    0.6804768027024309,
    0.6323826750992547,
    0.6134061563928266,
    0.8200593503689709,
    0.7179426959344208,
    0.6750820633747454,
    0.6764350350512706,
    0.7478722893085624,
    0.8576115816027424
  ],
  "similarity_mean": 0.759865987021313,
  "similarity_std": 0.15056763992611633,
  "waypoint_distance": [
    4.850773313791962,
    3.5064649360125957,
    3.8122991847611667,
    3.8895876613206726,
    9.411216413057247,
    2.3878276370592473,
    2.729555964538756,
    2.0623458059476354,
    2.796918366758171,
    2.0543020796698905,
    2.656581397563089,
    2.612072167260816,
    4.411931429530486,
    2.141742176175977,
    7.509061658534682,
    1.5307676813392186,
    6.997845420781906,
    3.9907544560832595,
    4.438690220528923,
    1.0729326988319252,
    4.3568081722739205,
    1.6536789627321389,
    8.530515492253347,
    2.4259364073580523,
    2.4826820088148764,
    3.425387749355143,
    12.118786017014289,
    0.3699380717200026,
    5.752074565538645,
    3.9918884168135924,
    5.781613898253605,
    8.193727743259027,
    2.7380193711787717,
    3.343646954712708,
    2.2491021815870074,
    2.6506530300706426,
    4.538896471277772,
    10.069636754941492,
    2.0644793630371363,
    5.0382683458161575,
    2.0987600789382284,
    4.774474198001245,
    5.210508523760782,
    5.208720585797323,
    3.24692216883173,
    5.31031852527564,
    3.3347325258129636,
    5.922556874813599,
    3.9596486303066656,
    2.9867893837855353
  ],
  "waypoint_distance_mean": 4.173856842857593,
  "waypoint_distance_std": 2.3796885375108348,
  "speed": [
    6.280862206513789,
    6.704500346559481,
    6.008653109765611,
    6.292297962081761,
    6.75970125410013,
    5.809202887481351,
    5.978161422700693,
    5.168162217137906,
    5.683103313405301,
    5.151788020251355,
    5.939804732060705,
    5.995130811064835,
    6.675319870617663,
    5.658337912784565,
    6.567644005902535,
    5.003181784748578,
    6.870646463281781,
    6.437707272427068,
    6.166903999324245,
    4.749542507516187,
    6.4404182578589255,
    5.018483759490247,
    6.582402277205098,
    5.748219634907297,
    5.963071179667976,
    6.206397736896033,
    6.625209669546461,
    1.2147771963500038,
    6.180553226132688,
    6.107795222811485,
    6.630984558591834,
    7.007339652403869,
    5.876209829829567,
    6.049744290661786,
    5.961560355193968,
    5.829086440144567,
    6.476245719255257,
    6.941944325211041,
    5.300214181275443,
    6.1267190192140255,
    5.203999636395614,
    6.460828550513931,
    6.373964471939209,
    6.697555685001043,
    6.182295047279045,
    6.413712428490994,
    6.3277529658721114,
    6.441755004754822,
    6.093097925852138,
    5.753135156367135
  ],
  "speed_mean": 6.002722510096784,
  "speed_std": 0.8635642144761708,
  "total_reward": [
    871.4358825606837,
    850.9737747528897,
    1047.602324052587,
    732.2754512706089,
    767.009668971441,
    858.3770321082653,
    815.935469095683,
    759.430106489114,
    809.4733434094959,
    732.8192688555646,
    797.1222571349534,
    764.1650688482729,
    946.6084525856872,
    1135.0272079602034,
    776.4738571232272,
    761.926538895116,
    663.2098149522865,
    869.0128190504561,
    558.7262139755711,
    671.1508278847266,
    822.2352857276843,
    668.7318068718945,
    810.0930317198361,
    797.1113777970194,
    949.6532711542702,
    854.9609569955489,
    362.2385075345272,
    29.186759547295566,
    839.2697781977447,
    811.8288230312809,
    666.7012662341134,
    1025.0128774206075,
    815.5494759803839,
    777.6922875226724,
    851.6135063054268,
    1180.5227756431063,
    789.0964344409915,
    730.2787481095812,
    777.1821272235978,
    818.9828469574021,
    808.220042234047,
    646.4008161722593,
    552.6550385357444,
    861.0971286732616,
    892.4863417951193,
    795.5116533339954,
    662.4583726579515,
    833.7189518518254,
    589.0199240882343,
    769.834646147932
  ],
  "total_reward_mean": 779.5620047976438,
  "total_reward_std": 174.0596823408036,
  "timesteps": [
    485,
    431,
    394,
    296,
    512,
    259,
    264,
    225,
    273,
    227,
    260,
    273,
    512,
    311,
    440,
    198,
    512,
    389,
    369,
    159,
    398,
    185,
    512,
    244,
    278,
    304,
    476,
    33,
    419,
    322,
    448,
    512,
    306,
    285,
    271,
    348,
    402,
    512,
    226,
    366,
    244,
    404,
    396,
    457,
    348,
    364,
    381,
    399,
    342,
    267
  ],
  "timesteps_mean": 344.76,
  "timesteps_std": 106.9354122823679
}