{
  "collision_rate": [
    1.0,
    1.0,
    1.0,
    1.0,
    1.0,
    1.0,
    1.0,
    1.0,
    1.0,
    1.0,
    1.0,
    1.0,
    1.0,
    1.0,
    1.0,
    1.0,
    1.0,
    1.0,
    1.0,
    1.0,
    1.0,
    1.0,
    1.0,
    1.0,
    1.0,
    1.0,
    1.0,
    1.0,
    1.0,
    1.0,
    1.0,
    1.0,
    1.0,
    1.0,
    1.0,
    1.0,
    1.0,
    1.0,
    1.0,
    1.0,
    1.0,
    1.0,
    0.0,
    1.0,
    1.0,
    1.0,
    1.0,
    1.0,
    1.0,
    1.0
  ],
  "collision_rate_mean": 0.98,
  "collision_rate_std": 0.13999999999999999,
  "similarity": [
    0.85780838833821,
    0.9867027975456019,
    0.8511249721195338,
    0.7446717354402664,
    0.7956156835600234,
    0.9375695360230962,
    0.845160012414189,
    0.94168195145355,
    0.6358941264000624,
    0.6225175125876908,
    0.5574099982098564,
    0.9940725238664377,
    0.9353440888264997,
    0.7683835888123451,
    0.870427629814214,
    0.7045656726328238,
    0.6906343068312873,
    0.769248339657493,
    0.7121266274715103,
    0.5801122880971158,
    0.7332604757595778,
    0.8586196957253622,
    0.9709230683235051,
    0.5547114941983611,
    0.9485844069622162,
    0.6493087737957963,
    0.20429089673126632,
    0.672948518563546,
    0.6542246620711777,
    0.9505283148073214,
    0.7676575679779195,
    0.7597511112064623,
    0.6504722973878739,
    0.9493358937852622,
    0.7705343397883143,
    0.7463992892242048,
    0.7006434436976894,
    0.654713540540705,
    0.7706859865329144,
    0.6270843840694604,
    0.384212011738657,
    0.5573622864296548,
    0.2228589266082253,
    0.6378569216358095,
    0.9989275855732321,
    0.6662772712528889,
    0.89686435276578,
    0.4484948067235905,
    0.4355507705802267,
    0.6067600658490104
  ],
  "similarity_mean": 0.7250182988081564,
  "similarity_std": 0.1834450647287932,
  "waypoint_distance": [
    2.0604627977734404,
    0.6899762768296608,
    3.3460540111394974,
    3.6180366381444085,
    5.967685826094676,
    3.0384908453672788,
    13.405832464448626,
    0.6397920962848854,
    4.715309249541353,
    4.782652847761309,
    4.997742540562494,
    1.1249597462883931,
    1.3174276567829957,
    5.961535189686839,
    2.2206001020477437,
    4.02240921169402,
    4.153478532290461,
    6.113421078502229,
    3.961108360839749,
    5.277708605648857,
    6.426282931901216,
    2.2653486274533874,
    2.224698019463162,
    4.787325092040288,
    3.146045933367844,
    4.558937415849517,
    11.181242965564358,
    4.334927263366161,
    4.555533622722433,
    1.2772685158316854,
    3.407059372712404,
    5.98649925672072,
    4.533013545363114,
    3.157054030879114,
    5.857614316730877,
    3.5732869948281745,
    4.034584601887247,
    4.292294823541402,
    6.268474149252944,
    7.76000238252756,
    5.666251694673577,
    5.419874002607626,
    7.738548568700247,
    4.693133810796132,
    0.09200122337353338,
    4.423132959749353,
    1.7760758732842215,
    4.953706156933769,
    6.5198394979017955,
    4.409189305854096
  ],
  "waypoint_distance_mean": 4.414678620672137,
  "waypoint_distance_std": 2.4102005946542815,
  "speed": [
    5.152123761911358,
    3.7421274479739925,
    5.846667446668451,
    6.171410583218156,
    6.062053286865889,
    5.269377803196116,
    13.376716642438916,
    2.0020299627263975,
    6.271496932410857,
    6.222203207147493,
    6.392167681690194,
    3.458534518035035,
    5.377088347910725,
    5.968385874056589,
    5.812428993379945,
    6.130638447710004,
    6.081845829166335,
    6.070760231729702,
    6.083837960686177,
    6.3948435978891895,
    6.32160001346001,
    5.748917068387949,
    4.779519332386032,
    6.358116140036057,
    5.588364070145074,
    6.209505326444282,
    5.636909655877283,
    6.169617568086627,
    6.329493034337399,
    5.713524090824617,
    6.065450680162804,
    5.933874748425823,
    6.303761673098357,
    5.693136441353541,
    5.929424267985227,
    6.048397338838379,
    6.170070291014209,
    6.362751443167276,
    6.131919031240582,
    6.386465026005079,
    6.521324227539516,
    6.4015519861171795,
    6.482515181337221,
    6.273500133453534,
    0.1398441093097611,
    6.298327051600213,
    1.1113702065378817,
    6.508976587548561,
    6.467943511558828,
    6.451441023356852
  ],
  "speed_mean": 5.808486996328953,
  "speed_std": 1.7026759445562536,
  "total_reward": [
    791.0201152909069,
    -209.12905854188796,
    423.1818659752562,
    855.6360735425901,
    377.509284984596,
    329.5519366594865,
    -991.4898739205256,
    -89.42182563705899,
    -242.60345006250293,
    677.8603816363051,
    424.6384871979663,
    219.2972639673377,
    183.91278073526325,
    353.1627339763821,
    255.5610102276031,
    784.9662262537563,
    714.6794440462122,
    372.3982114151827,
    243.60749101905753,
    705.897465381978,
    382.0825630516656,
    662.0701718197848,
    -170.1789760581068,
    500.22066448101145,
    -112.31848568657574,
    711.0743278687996,
    -493.9242327172025,
    755.5567875659575,
    767.4152991958481,
    437.71759455830306,
    757.6107859130002,
    360.6738298174402,
    758.0298621307074,
    -93.84634348260414,
    355.5759060110331,
    748.5164542902697,
    727.6005796340551,
    894.2258600953022,
    370.6120363677776,
    345.7999016775061,
    793.9956380300567,
    797.7664937987932,
    503.48954334834553,
    783.1258448552329,
    -1000.0,
    790.6779066106382,
    -1000.0,
    767.099161191627,
    865.5651858171791,
    526.9629337701818
  ],
  "total_reward_mean": 373.4686771620787,
  "total_reward_std": 480.71101899670566,
  "timesteps": [
    269,
    81,
    230,
    300,
    286,
    148,
    33,
    33,
    323,
    312,
    346,
    73,
    159,
    263,
    218,
    304,
    298,
    288,
    289,
    331,
    304,
    205,
    124,
    369,
    178,
    310,
    185,
    312,
    318,
    199,
    267,
    267,
    315,
    184,
    263,
    276,
    290,
    333,
    288,
    319,
    450,
    358,
    512,
    327,
    33,
    318,
    33,
    395,
    415,
    354
  ],
  "timesteps_mean": 261.7,
  "timesteps_std": 107.01892356027507
}