{
  "collision_rate": [
    1.0,
    1.0,
    0.0,
    1.0,
    1.0,
    1.0,
    1.0,
    1.0,
    1.0,
    1.0,
    1.0,
    1.0,
    1.0,
    1.0,
    1.0,
    1.0,
    1.0,
    1.0,
    1.0,
    1.0,
    1.0,
    1.0,
    1.0,
    1.0,
    1.0,
    1.0,
    1.0,
    1.0,
    1.0,
    1.0,
    1.0,
    1.0,
    1.0,
    1.0,
    1.0,
    1.0,
    1.0,
    1.0,
    1.0,
    1.0,
    1.0,
    1.0,
    1.0,
    1.0,
    1.0,
    1.0,
    1.0,
    1.0,
    1.0,
    1.0
  ],
  "collision_rate_mean": 0.98,
  "collision_rate_std": 0.13999999999999999,
  "similarity": [
    0.8516290267964678,
    0.9834911454587792,
    0.04533732281940358,
    0.705048813029362,
    0.7605453154748302,
    0.9361130151158515,
    0.7766136991566349,
    0.9995531824559157,
    0.6070503451937685,
    0.6850514153994304,
    0.5918037213479149,
    0.9929767572265992,
    0.6023917356205117,
    0.7818923475889672,
    0.5429669790187167,
    0.7126656317050427,
    0.680150100243597,
    0.7326205973367876,
    0.6862455097615647,
    0.6259304161938976,
    0.7608806636447751,
    0.8464845459920306,
    0.712162353538523,
    0.5491854380977651,
    0.6222265716955613,
    0.6824187658546679,
    0.5129282098782603,
    0.6991008539936019,
    0.9106266779454748,
    0.9560833486891203,
    0.16484700563149077,
    0.9527058334162989,
    0.644410192445965,
    0.6050196962951563,
    0.7450918292348844,
    0.7076566925997338,
    0.6754082808444241,
    0.6669968785657265,
    0.7298307041713243,
    0.9834207413078604,
    0.4638151374730699,
    0.5531956633689372,
    0.460383433478846,
    0.6504543466460494,
    0.5418567299806737,
    0.9918545505940123,
    0.9990977969758853,
    0.5229917113619292,
    0.5303244683375334,
    0.6127715504451312
  ],
  "similarity_mean": 0.6950861549889751,
  "similarity_std": 0.1945081153210926,
  "waypoint_distance": [
    1.795825927187312,
    0.7056898548431598,
    11.82832455145617,
    3.4302079461945896,
    5.453701392077522,
    2.6974806745318114,
    2.692149244137104,
    0.5114788179790498,
    4.6672209769224695,
    3.945438056368562,
    4.986560624679147,
    0.9543166165907644,
    4.621932018418797,
    5.512199912272537,
    5.1101393655813325,
    3.4884179832701023,
    3.5793159307198947,
    5.652726978062551,
    3.570392380313264,
    4.580846582541782,
    5.470069519260726,
    2.0533015813874336,
    5.446592062287615,
    5.303924470153271,
    4.742405155731691,
    3.974135183191696,
    12.48917644197631,
    3.745185158134634,
    1.4523653232204747,
    1.3982230328022784,
    20.281304408542542,
    0.7777676045601478,
    4.124975948563761,
    4.8976417967391095,
    5.268240321661019,
    3.33005262131198,
    3.644383689070389,
    3.7743562254179936,
    5.772105632128635,
    2.343154257121081,
    5.702008673631871,
    5.10381701671817,
    6.5431250694590455,
    4.276804225501289,
    5.358505588776094,
    0.5365988472169336,
    1.7921428951935576,
    4.664039894766326,
    5.907738170279587,
    4.784580989463674
  ],
  "waypoint_distance_mean": 4.494861752768345,
  "waypoint_distance_std": 3.2100516143821802,
  "speed": [
    5.5487779732364455,
    3.8024735312633475,
    8.046536776516103,
    6.6962244487898674,
    6.580952245335898,
    5.0214356205513475,
    6.383168244525938,
    1.4565651967690538,
    7.084650823906822,
    7.137575209907031,
    7.207753417972514,
    2.8283908879360817,
    7.019560895643058,
    6.760871908942725,
    7.094229926606478,
    6.877536587029906,
    6.704179699171205,
    6.627832711207395,
    6.697917231031396,
    7.193899179354492,
    6.822763320492737,
    6.027010302516035,
    6.5980919987531745,
    7.042022073461444,
    7.263322646578508,
    7.067463683027976,
    6.925982884996507,
    6.9163638420848725,
    5.37552178812505,
    0.2353449166951418,
    54.3526973388364,
    4.197995887694941,
    6.851317544997149,
    7.287225192752367,
    6.4970673133155,
    6.500803350130813,
    6.704152007678357,
    6.817715763103215,
    6.65025092022239,
    4.8863628777383905,
    7.304131801878583,
    7.121470254332117,
    7.569913595493113,
    6.962989743492536,
    7.143331768924145,
    4.540269141817376,
    1.3737316467940868,
    7.369595674679907,
    7.372501947031346,
    7.218153485782916
  ],
  "speed_mean": 7.155321944582485,
  "speed_std": 6.941146393496648,
  "total_reward": [
    659.5579558690313,
    -201.9872124292312,
    376.46489967229644,
    680.3307384191098,
    348.7510633638323,
    328.2398683421676,
    668.8993784009995,
    -952.5824679034941,
    709.5952559673138,
    843.8989746342778,
    390.6378922652389,
    150.22604105809603,
    681.8830972911882,
    355.97300227651357,
    639.9010496303897,
    799.3338389966415,
    639.8226401677706,
    343.87758607156337,
    164.00722286854761,
    793.2942724380038,
    363.02722197958724,
    682.1164590757544,
    342.18252809033766,
    358.79397625559153,
    419.8603552448551,
    846.4133892352463,
    12.40673381974483,
    836.7744530738671,
    103.70156983688969,
    -1000.0,
    -1000.0,
    -84.56571190353104,
    704.5714730548174,
    421.3722532050823,
    339.74611899933956,
    637.1333295976419,
    655.9280736305077,
    -326.67179732205125,
    347.9801915179475,
    -182.55886181460744,
    448.3522233712726,
    666.8179872802981,
    419.9731972820006,
    785.5572188842992,
    349.3276472366151,
    -1.833585123899752,
    -1000.0,
    561.8606576171226,
    802.6872447928972,
    395.0536030187433
  ],
  "total_reward_mean": 326.52266094673257,
  "total_reward_std": 480.96422431291575,
  "timesteps": [
    223,
    82,
    512,
    243,
    232,
    144,
    217,
    33,
    288,
    284,
    298,
    59,
    284,
    239,
    288,
    263,
    243,
    236,
    244,
    294,
    243,
    192,
    232,
    291,
    304,
    286,
    270,
    280,
    151,
    33,
    33,
    33,
    276,
    310,
    224,
    235,
    250,
    255,
    241,
    116,
    348,
    293,
    373,
    287,
    285,
    112,
    33,
    315,
    336,
    288
  ],
  "timesteps_mean": 232.62,
  "timesteps_std": 98.22258192493211
}