{
  "collision_rate": [
    1.0,
    1.0,
    1.0,
    1.0,
    1.0,
    1.0,
    1.0,
    1.0,
    1.0,
    1.0,
    1.0,
    1.0,
    1.0,
    1.0,
    1.0,
    1.0,
    1.0,
    1.0,
    1.0,
    1.0,
    1.0,
    1.0,
    1.0,
    1.0,
    1.0,
    1.0,
    1.0,
    1.0,
    1.0,
    1.0,
    1.0,
    1.0,
    1.0,
    1.0,
    1.0,
    1.0,
    1.0,
    1.0,
    1.0,
    1.0,
    1.0,
    1.0,
    1.0,
    1.0,
    0.0,
    1.0,
    1.0,
    1.0,
    1.0,
    1.0
  ],
  "collision_rate_mean": 0.98,
  "collision_rate_std": 0.13999999999999999,
  "similarity": [
    0.8371596642753205,
    0.848807111275614,
    0.40954656457207955,
    0.09421729833546166,
    0.8252499243164284,
    0.9101626374177979,
    0.8029641066488675,
    0.9127112078481407,
    0.8519571833986131,
    0.8328324536416815,
    0.722840882042443,
    0.8221389934977035,
    0.8411259654905974,
    0.8964073949914227,
    0.7393355757214335,
    0.8666540840027633,
    0.7311579401219428,
    0.6260269299168458,
    0.8803997224150583,
    0.9113098100512366,
    0.881703560135812,
    0.8778260642572331,
    0.5740618048612391,
    0.3599084865588468,
    0.9180400012048711,
    0.8620136922488014,
    0.8590870925332084,
    0.9334647994956472,
    0.9999452160737898,
    0.8366690130514142,
    0.7065225436265034,
    0.8068629223504411,
    0.937575889332473,
    0.9999516266035019,
    0.8622728226430858,
    0.6042244997127828,
    0.6269931267097485,
    0.37916340303314977,
    0.8021250653632804,
    0.5989116662315749,
    0.8149687772288964,
    0.9267950156447751,
    0.9299349681578589,
    0.7097279672934115,
    0.25617263290168063,
    0.8346834883122515,
    0.9999668292809182,
    0.7920814195961235,
    0.7179663237579735,
    0.9379627322384885
  ],
  "similarity_mean": 0.7742117780084247,
  "similarity_std": 0.19126467575193998,
  "waypoint_distance": [
    3.110380880005004,
    2.500954656662122,
    1.5058929047221492,
    4.1505793016938926,
    2.4986682871633494,
    1.8293417167680925,
    3.156330527846927,
    1.7632718190127357,
    2.7702404493140604,
    3.0682667954844356,
    3.869904530234893,
    2.878174416961523,
    2.488366011326297,
    2.0503419665371116,
    3.774800791294777,
    2.279038412029282,
    3.569898567054758,
    5.618638311886553,
    2.3928178617826292,
    3.59710132296732,
    2.270874634067982,
    2.5329273852376386,
    6.467825364438995,
    1.4637759787087874,
    1.7323491719021558,
    2.4508660762918075,
    2.4783096905589725,
    1.422407739716304,
    0.540971971841509,
    2.4555279290784577,
    3.222928155454499,
    3.116481333508934,
    1.4662606657505861,
    1.1194835553178162,
    2.8266266215184643,
    5.806074804744234,
    5.624126855073457,
    8.790412628043232,
    3.184658240097088,
    5.868577414927769,
    2.9981322518295475,
    1.4845244570067955,
    1.5541574485585448,
    4.010381476631159,
    10.575446094386892,
    2.5719591084080466,
    1.1324200460200529,
    2.8941896315098345,
    3.9534969631103043,
    1.2961416435280633
  ],
  "waypoint_distance_mean": 3.123706497360317,
  "waypoint_distance_std": 1.8773387008199502,
  "speed": [
    5.576799164888126,
    6.207745028012917,
    5.663009820674467,
    6.828449879450683,
    6.070089029884432,
    5.870993896099465,
    6.429233978482636,
    5.821820204855899,
    6.042356040080517,
    6.165839352832215,
    6.558023579144362,
    6.23164138676073,
    6.19354608416148,
    5.922583656914738,
    6.43716899560053,
    6.284192991818598,
    6.346310569182426,
    6.8787958230578665,
    6.244996694103586,
    6.440036742150311,
    6.041356293015932,
    5.9359398964011865,
    6.756314167747379,
    6.099294878655345,
    6.097405547175821,
    6.0861823108917275,
    5.994227152275532,
    5.725888460558691,
    1.304440900610665,
    6.0833711770653025,
    5.980922648115425,
    6.130852731349958,
    5.874176521177135,
    1.2564446885270146,
    6.113950880723681,
    6.878451493100746,
    6.668748708247481,
    6.7575325146372025,
    6.280361423739175,
    6.821016041722378,
    6.142851247501849,
    5.677692133262478,
    5.8049629037872,
    6.474028517018654,
    6.317033484393656,
    6.17081751449623,
    1.171894563034604,
    6.387323359388374,
    6.349331768946799,
    5.847632842964262
  ],
  "speed_mean": 5.908881593773758,
  "speed_std": 1.221889913319284,
  "total_reward": [
    650.2034167106119,
    712.0195616980506,
    250.3008425436601,
    119.64860915751115,
    792.2825407292502,
    685.2960979096348,
    915.6608536985506,
    649.2449717511546,
    -349.45928422712973,
    661.7337320506417,
    835.1603533735318,
    669.39122124191,
    724.4752960971041,
    679.1623501880674,
    822.9048344523165,
    840.3372113424472,
    757.3527558002129,
    726.2015639905576,
    801.582003950312,
    835.2674921295609,
    699.8968873931672,
    655.6354640585116,
    720.7323626357683,
    305.31810170084975,
    843.333702983151,
    666.799368573817,
    678.566088311502,
    702.4744121769743,
    32.394084107562946,
    815.8940271374445,
    641.3262704596932,
    712.6231562912908,
    772.0753636799872,
    -1000.0,
    688.4726310111786,
    715.8120063919719,
    677.9079159755196,
    737.0534260256029,
    737.08132400413,
    709.913813003639,
    681.692238470258,
    678.2279865333719,
    704.5390293710207,
    783.3955150434566,
    755.423139558568,
    801.3539439632747,
    -1000.0,
    841.3101771985719,
    763.1212741551585,
    756.2833520149954
  ],
  "total_reward_mean": 601.1484697363678,
  "total_reward_std": 394.5005617430284,
  "timesteps": [
    260,
    218,
    163,
    334,
    232,
    182,
    281,
    169,
    213,
    227,
    296,
    224,
    218,
    180,
    290,
    229,
    269,
    336,
    222,
    303,
    198,
    205,
    369,
    203,
    203,
    206,
    211,
    162,
    33,
    236,
    235,
    245,
    178,
    33,
    220,
    338,
    328,
    451,
    249,
    340,
    233,
    169,
    171,
    291,
    512,
    238,
    33,
    256,
    287,
    166
  ],
  "timesteps_mean": 236.9,
  "timesteps_std": 87.21244177294889
}