{
  "collision_rate": [
    1.0,
    0.0,
    1.0,
    0.0,
    1.0,
    1.0,
    1.0,
    0.0,
    1.0,
    1.0,
    1.0,
    1.0,
    1.0,
    1.0,
    1.0,
    1.0,
    1.0,
    1.0,
    1.0,
    1.0,
    1.0,
    1.0,
    1.0,
    1.0,
    1.0,
    1.0,
    1.0,
    1.0,
    1.0,
    0.0,
    1.0,
    0.0,
    1.0,
    1.0,
    1.0,
    1.0,
    1.0,
    1.0,
    1.0,
    0.0,
    1.0,
    1.0,
    1.0,
    1.0,
    1.0,
    1.0,
    1.0,
    1.0,
    1.0,
    1.0
  ],
  "collision_rate_mean": 0.88,
  "collision_rate_std": 0.3249615361854384,
  "similarity": [
    0.5849263009809065,
    0.41628391299778084,
    0.9799919200911426,
    0.16757259600740124,
    0.7387639134660864,
    0.9011543762589781,
    0.6256953113483513,
    0.4518393543035617,
    0.8869403705346016,
    0.43472443817751266,
    0.8222933020565365,
    0.8887403686541154,
    0.8030130902863375,
    0.6252560550541518,
    0.7931440037517539,
    0.9304288224968335,
    0.7270768896643174,
    0.9590139413843256,
    0.36929109883265365,
    0.567581232405065,
    0.5661751512082196,
    0.7408290981071477,
    0.7377491988656539,
    0.7266688605219619,
    0.5311796803363674,
    0.8447372626963358,
    0.8475223998126183,
    0.9468030726627861,
    0.8673041358186664,
    0.31088788259891276,
    0.9444574153244486,
    0.3375322014765841,
    0.8568867298235894,
    0.633305536111648,
    0.7905539624410021,
    0.8700423755301694,
    0.8362311658683654,
    0.7273609661437913,
    0.6611444856832532,
    0.4280734215368316,
    0.7487307176210304,
    0.7266152350108681,
    0.8341748996260294,
    0.6790959354847336,
    -0.02054313348141408,
    0.5423252508358649,
    0.8824497641810434,
    0.7970363069973205,
    0.8448473967427942,
    0.8486548880449871
  ],
  "similarity_mean": 0.6952512712476805,
  "similarity_std": 0.215815255404772,
  "waypoint_distance": [
    4.8328325561243615,
    5.733547114907768,
    4.782053413513649,
    10.59070264332706,
    3.899428239689899,
    2.1294140438846827,
    4.695708725840741,
    5.027915159826338,
    2.4056764816631433,
    4.812334893065427,
    2.9446719857010955,
    2.363483668707872,
    2.231255356804579,
    18.6916912705847,
    3.6452541533403338,
    1.6525403714253502,
    3.7321252280710424,
    1.0698136103358655,
    9.700894943071566,
    7.157505202086095,
    5.588316743258851,
    3.5671803366076573,
    3.9004642239760208,
    3.606232404874705,
    7.412504009492156,
    2.1569665487908027,
    1.9012990198413589,
    1.496963684027885,
    2.5353049078069607,
    6.386808087048771,
    1.296140404099533,
    6.65371576955377,
    2.4695277860516125,
    4.875623987775412,
    3.369912195982399,
    2.66562102416958,
    6.234779882354648,
    4.024280725207196,
    4.50537838649948,
    8.808636335213322,
    3.766927210181619,
    5.230427057667603,
    2.3594255399380875,
    5.712838644825507,
    6.499268502914999,
    7.420293239428812,
    2.5420046594387444,
    3.6602449693526915,
    3.199140362113737,
    2.151593032817275
  ],
  "waypoint_distance_mean": 4.561933374865656,
  "waypoint_distance_std": 2.951679469249568,
  "speed": [
    7.1008216691181065,
    7.630925738423526,
    6.050554003408959,
    7.548901466556257,
    6.782647452622098,
    5.69205413212011,
    7.212526836419603,
    7.299516144362066,
    5.838056041425507,
    7.604760642259751,
    6.4512334360091605,
    5.990280680563016,
    6.670457791406459,
    6.838366709179427,
    6.630226905921199,
    5.746046230230541,
    6.965501514886053,
    5.371630331807917,
    7.575165111465609,
    7.2472075280346555,
    7.465836335240279,
    7.09627246976458,
    7.119456831858665,
    7.252465558614012,
    7.391048356352364,
    6.778223613147411,
    6.388338173063,
    6.1357232232945895,
    6.424470374697489,
    7.678189207646629,
    5.519839321783604,
    7.610158965066888,
    6.658448408705108,
    7.174025395824097,
    7.088140236795834,
    6.552725425036288,
    6.221537788036571,
    6.989734737298686,
    7.139024436469173,
    7.40849408097006,
    6.897385501429085,
    6.994218283430054,
    6.630345741528539,
    6.85224823991952,
    7.068131427518614,
    7.559716548648988,
    6.5638998644077775,
    6.779449008222373,
    6.567306793758015,
    6.774741678761247
  ],
  "speed_mean": 6.820529527870191,
  "speed_std": 0.5815681498075274,
  "total_reward": [
    885.4009243162811,
    1107.5981245650855,
    157.86879857248906,
    808.1761068572583,
    752.2624980883946,
    765.9362528849258,
    848.3090531959268,
    450.18321619301815,
    703.7033588957322,
    879.353748700045,
    806.0101861469193,
    804.0393261689269,
    1028.95103561108,
    4.740788853765892,
    580.6247764502111,
    774.6532344028896,
    893.756470628941,
    689.9381489140364,
    888.413826228866,
    819.787818334499,
    814.9413320434843,
    949.2657504494913,
    891.0118670951565,
    977.3954911002029,
    1099.6608447992196,
    1121.8247002450487,
    1094.792864910368,
    821.5194282311359,
    765.1085250403687,
    1243.9393542082594,
    686.9347848310545,
    846.5853008153492,
    837.7973817372892,
    798.1617127862007,
    947.3754078920757,
    804.8300327605432,
    371.04578593970984,
    826.1000608057917,
    821.0496655205485,
    1096.6649655960207,
    788.1401015451939,
    895.9304840461515,
    1271.739254886714,
    870.1782376709812,
    212.7276904498178,
    1077.0831733914654,
    859.3705342361413,
    604.4144513882642,
    579.9985550831723,
    1144.7435265708477
  ],
  "total_reward_mean": 815.4007792017072,
  "total_reward_std": 250.16014299836687,
  "timesteps": [
    442,
    512,
    166,
    512,
    325,
    215,
    380,
    512,
    217,
    471,
    291,
    235,
    298,
    312,
    300,
    191,
    349,
    147,
    493,
    404,
    419,
    362,
    361,
    377,
    478,
    272,
    258,
    182,
    243,
    512,
    156,
    512,
    250,
    387,
    345,
    237,
    288,
    347,
    368,
    512,
    315,
    354,
    320,
    385,
    451,
    451,
    241,
    302,
    267,
    276
  ],
  "timesteps_mean": 340.0,
  "timesteps_std": 105.14066767906698
}