{
  "collision_rate": [
    1.0,
    0.0,
    1.0,
    0.0,
    1.0,
    1.0,
    1.0,
    0.0,
    1.0,
    0.0,
    1.0,
    1.0,
    1.0,
    1.0,
    1.0,
    1.0,
    1.0,
    1.0,
    1.0,
    1.0,
    1.0,
    1.0,
    1.0,
    1.0,
    1.0,
    1.0,
    1.0,
    1.0,
    1.0,
    0.0,
    1.0,
    0.0,
    1.0,
    1.0,
    1.0,
    1.0,
    1.0,
    1.0,
    1.0,
    0.0,
    1.0,
    1.0,
    1.0,
    1.0,
    1.0,
    1.0,
    1.0,
    1.0,
    1.0,
    1.0
  ],
  "collision_rate_mean": 0.86,
  "collision_rate_std": 0.3469870314579494,
  "similarity": [
    0.39078587705680956,
    0.17941717742158092,
    0.970489796840457,
    0.0991731902147859,
    0.6767456849546525,
    0.9087228127481902,
    0.6287788480208157,
    0.5370693260765762,
    0.883417262119964,
    0.13625008054902132,
    0.7874925821595956,
    0.8671904267712149,
    0.7443591467899013,
    0.6431617196790501,
    0.7722619157902472,
    0.9082657415444896,
    0.6802770132334167,
    0.9572472449484342,
    0.38378677704992736,
    0.38410635172548574,
    0.33430329416934484,
    0.6574411585183728,
    0.6561333481011077,
    0.6253184392445069,
    0.6002409162812198,
    0.8110159386218312,
    0.8236902653997383,
    0.9300878046382617,
    0.8419971778340917,
    0.0740875834106183,
    0.9376519799293742,
    0.19201934413117602,
    0.8417010045445319,
    0.4623134690330078,
    0.707345776141154,
    0.8738478407465723,
    0.7882987886456061,
    0.6502911508258865,
    0.5678750874466456,
    0.20756146093656636,
    0.6965668606673913,
    0.649858661862863,
    0.8167232194306483,
    0.9581662226823365,
    0.23016300478784574,
    0.3694992620316397,
    0.8653799430491254,
    0.7828736599812817,
    0.8374125765110183,
    0.8058552807404769
  ],
  "similarity_mean": 0.6426943899207771,
  "similarity_std": 0.2543100121189335,
  "waypoint_distance": [
    6.2246593647152855,
    7.159052910977407,
    4.755957951474017,
    10.651903452825692,
    3.868135947780611,
    1.7863297298371184,
    4.016886432762989,
    4.551512920371104,
    2.162991817482698,
    8.22581944547844,
    3.1180883429129698,
    2.1431651897699164,
    2.886853887180337,
    17.04811013533693,
    3.5628890629780483,
    1.5800637558391801,
    3.622167172238747,
    1.0482659266287973,
    7.685499650219485,
    7.695789642207018,
    7.085333171108422,
    3.9341657935986665,
    4.161641319698174,
    4.127150174370011,
    5.295407835358003,
    2.0435250038160437,
    1.742896578535723,
    1.3984907995239837,
    2.762497647100215,
    7.075647993531871,
    1.3157902828591481,
    7.216268556901667,
    2.4228514523065634,
    5.714125524032366,
    3.686276607387461,
    2.236951223787536,
    5.9151678531420275,
    4.139531795672698,
    4.714333741181615,
    10.249144664230965,
    3.6736586802463296,
    4.861694885965407,
    2.042508793394581,
    1.0485268708801179,
    5.674621169308542,
    7.997890124342337,
    2.316295297557362,
    3.6629673738131254,
    3.393636820175071,
    2.0562261732441067
  ],
  "waypoint_distance_mean": 4.555187338921738,
  "waypoint_distance_std": 2.950536158675244,
  "speed": [
    6.627357083438956,
    7.31692342504668,
    5.673302754846988,
    7.36837880400815,
    6.8488770952459275,
    5.7910307174420135,
    7.158113039490355,
    6.883326543175696,
    5.539427835645743,
    7.203990010653981,
    6.466953387011211,
    5.574932303460387,
    6.744276067328766,
    6.8497835650676695,
    6.93549824944123,
    5.109544136341239,
    7.063360095464822,
    4.894280185724192,
    7.071425932874768,
    7.093667775615615,
    7.036883232680873,
    7.103185501388191,
    7.107684496314104,
    7.173643622893368,
    6.833781456444455,
    6.7251886148185065,
    6.261890280559322,
    5.5191789920361325,
    6.145881440726998,
    7.114010878131423,
    5.205664221383144,
    7.366488010582236,
    6.509629808962196,
    7.180202370682658,
    7.092466644009646,
    6.531878475160965,
    6.274508179164043,
    7.096503640429246,
    7.2615499407169795,
    6.999706697639016,
    6.998218828992816,
    7.147503552871759,
    6.49239869049888,
    5.020153557987386,
    6.677398603169162,
    7.054897534400362,
    6.364676663391841,
    6.769309381734771,
    6.451606589227222,
    6.7067320307214935
  ],
  "speed_mean": 6.608745418900871,
  "speed_std": 0.6611731994934783,
  "total_reward": [
    713.7131011942373,
    634.5324644965372,
    163.92940259632883,
    808.2006181753096,
    589.9517601250718,
    886.870968332086,
    679.9212075484827,
    596.5843409661494,
    707.5223585255861,
    680.4180339844594,
    537.5332338705051,
    717.4716417202992,
    554.584129553888,
    6.670937905378725,
    588.7420358499555,
    685.0537848645488,
    731.1587076576187,
    633.8604057054413,
    778.6100574341997,
    786.5582662268228,
    503.13467746098,
    823.7532875802384,
    684.1709652352148,
    819.5172638610693,
    854.6977070713665,
    961.480524985493,
    910.7156054979993,
    723.7183123393899,
    509.4855556922199,
    959.1579568838353,
    716.244805698438,
    656.9397067617955,
    727.2175503032466,
    516.2805587160333,
    718.1396243289436,
    887.3090352247367,
    359.2376096578881,
    635.5117934517216,
    807.0359017671906,
    862.905322161408,
    705.1166839798058,
    909.5030715319238,
    1004.8784766897637,
    662.7128822816853,
    238.73595051190304,
    858.1907465687555,
    806.0615346626518,
    437.40167104618786,
    423.81359222919804,
    944.6368374670616
  ],
  "total_reward_mean": 682.1918533676211,
  "total_reward_std": 201.91318918436735,
  "timesteps": [
    457,
    512,
    181,
    512,
    306,
    225,
    311,
    512,
    215,
    512,
    260,
    222,
    264,
    283,
    288,
    188,
    301,
    145,
    407,
    407,
    426,
    331,
    328,
    340,
    356,
    255,
    229,
    174,
    225,
    512,
    170,
    512,
    236,
    366,
    311,
    239,
    267,
    317,
    365,
    512,
    298,
    332,
    268,
    148,
    434,
    426,
    228,
    258,
    229,
    252
  ],
  "timesteps_mean": 317.04,
  "timesteps_std": 107.68378893779695
}