{
  "collision_rate": [
    1.0,
    1.0,
    1.0,
    1.0,
    1.0,
    1.0,
    1.0,
    1.0,
    1.0,
    1.0,
    1.0,
    1.0,
    1.0,
    1.0,
    1.0,
    1.0,
    1.0,
    1.0,
    1.0,
    1.0,
    1.0,
    1.0,
    1.0,
    1.0,
    1.0,
    1.0,
    1.0,
    1.0,
    1.0,
    1.0,
    1.0,
    1.0,
    1.0,
    1.0,
    1.0,
    1.0,
    1.0,
    1.0,
    1.0,
    1.0,
    1.0,
    1.0,
    1.0,
    1.0,
    1.0,
    1.0,
    1.0,
    1.0,
    1.0,
    1.0
  ],
  "collision_rate_mean": 1.0,
  "collision_rate_std": 0.0,
  "similarity": [
    0.8823858583082469,
    0.9391366355131328,
    0.7555009155532486,
    0.2855404223804113,
    0.9127261874049832,
    0.893594003626167,
    0.8388362536877411,
    0.9082053705629284,
    0.8316494069169044,
    0.28362973913288714,
    0.9409788813368909,
    0.8707936737866678,
    0.9306890113480039,
    0.9349735832053229,
    0.605756273917943,
    0.8600101992854555,
    0.8563349842647884,
    0.9219846549470275,
    0.94033924848099,
    0.7463464976406099,
    0.9413307557417502,
    0.9997863901156592,
    0.7630175441466683,
    0.75894088712076,
    0.8669439258590702,
    0.8330334986767695,
    0.8676432756788374,
    0.89099736318255,
    0.7284643868776051,
    0.9410892228403317,
    0.8712186380716875,
    0.927890937706527,
    0.7440280278215506,
    0.6575951774949558,
    0.7295747059310129,
    0.9124413080130994,
    0.8293927722376838,
    0.9311060548743171,
    0.8622535292540711,
    0.8829325866042612,
    0.8618997184148905,
    0.7458941883100109,
    0.8768882471954742,
    0.9155402379792819,
    0.9212064235445685,
    0.8835014302082882,
    0.8481429059449673,
    0.860771789702269,
    0.8609229243180594,
    0.8494023030224513
  ],
  "similarity_mean": 0.8340652591637956,
  "similarity_std": 0.13687450236177595,
  "waypoint_distance": [
    2.8715478643098398,
    1.4218832569350124,
    4.732740252882846,
    1.7610748238765068,
    1.8577858242695675,
    2.511227347401071,
    2.588512311511077,
    1.8498348421988249,
    2.665692362128698,
    1.6818571001070108,
    1.5280116763724043,
    2.433492132315959,
    1.440395849084294,
    1.451558069507529,
    6.625544664458947,
    2.395403879584719,
    2.6191152331374314,
    1.4902241091552675,
    1.449704774255613,
    4.845899946806509,
    1.5543138382424515,
    0.2796841578104327,
    4.330329540314405,
    4.26580377701007,
    2.444400180435518,
    3.1457287414285373,
    2.3960220556240994,
    1.7493567776903531,
    4.80972506308581,
    1.4320906281831318,
    2.460578839821488,
    1.4615391212883415,
    4.834867299556215,
    3.133179130502974,
    4.97172021439428,
    2.011963720176302,
    3.0890465479379237,
    1.408485878168026,
    2.378399124051563,
    2.51988047520475,
    2.4001638833977914,
    4.4641897161512984,
    2.4087558453302207,
    1.8274014823035312,
    1.6994974864865464,
    2.3507502754332155,
    3.028782157529147,
    2.609572433361956,
    2.3702394851699204,
    2.3678302975524312
  ],
  "waypoint_distance_mean": 2.6085160898788375,
  "waypoint_distance_std": 1.2291324620296504,
  "speed": [
    6.144557468883583,
    5.664277213065886,
    7.081592304769862,
    6.292778143389489,
    6.052169806876187,
    6.613202743092159,
    6.458873411712249,
    6.640087282003093,
    6.427343566477824,
    6.592405498565215,
    5.571918277757888,
    6.24391779367373,
    5.815772625058113,
    5.674270064879345,
    7.310514344026514,
    6.538512275454873,
    6.447170970682455,
    5.955306459953963,
    5.70642207249177,
    6.853622310482246,
    5.688626739376098,
    1.409052696756573,
    6.975025448452165,
    6.923571033260699,
    6.3416423360033765,
    6.511870737781091,
    6.281814737160377,
    6.149737890185461,
    6.8446898472014395,
    5.738403871647019,
    6.191273909165135,
    5.8476552464408,
    7.149089695988917,
    6.134619910914893,
    6.9166606510346345,
    6.086112897936378,
    6.305215257367209,
    5.787130554308066,
    6.4843971909587586,
    6.554920172172137,
    6.263938281105987,
    6.725184851408825,
    6.296086528657014,
    5.962333555426884,
    6.219043658769779,
    6.761575915031856,
    6.846678977983325,
    6.312827625646595,
    6.3552567320400435,
    6.589255736883657
  ],
  "speed_mean": 6.254768146407233,
  "speed_std": 0.8105702322300385,
  "total_reward": [
    792.2477364451757,
    715.3571107974819,
    762.701793530271,
    270.463357812505,
    681.3312143981395,
    892.6461917008224,
    790.8623630846757,
    1025.1759635905028,
    787.3610361302834,
    345.38090394622054,
    669.0742008738653,
    757.1795797211392,
    690.958090739733,
    706.2083129112374,
    789.946165053945,
    889.7532831505168,
    743.7848769892059,
    739.4937330844464,
    743.6579416360221,
    746.0338820858375,
    690.4116711998009,
    35.52044549662146,
    861.8391707415053,
    796.5488279646668,
    816.6209105934727,
    668.115172413864,
    730.2795066368868,
    785.1932320472515,
    677.9980720012618,
    729.468716165317,
    729.3967142147924,
    742.8508413990539,
    825.2278445776143,
    536.9918244179146,
    768.8597556523199,
    745.398047666515,
    649.7706599505914,
    732.8408355874632,
    863.2756283370862,
    835.1031523777966,
    762.3635889975122,
    775.461204210286,
    747.284681244745,
    692.5167450497297,
    910.7244875926784,
    936.027637600475,
    813.8800786060419,
    706.4319811856247,
    743.8367461670193,
    828.2510420448662
  ],
  "total_reward_mean": 733.562139196456,
  "total_reward_std": 156.62490547563505,
  "timesteps": [
    270,
    163,
    299,
    217,
    173,
    238,
    231,
    235,
    235,
    240,
    158,
    220,
    161,
    163,
    364,
    242,
    221,
    172,
    170,
    307,
    161,
    33,
    311,
    290,
    232,
    228,
    212,
    193,
    294,
    167,
    214,
    169,
    314,
    210,
    313,
    191,
    224,
    165,
    235,
    229,
    217,
    296,
    213,
    177,
    207,
    241,
    248,
    214,
    210,
    223
  ],
  "timesteps_mean": 222.2,
  "timesteps_std": 55.49378343562457
}