{
  "collision_rate": [
    1.0,
    1.0,
    1.0,
    1.0,
    1.0,
    1.0,
    1.0,
    1.0,
    1.0,
    1.0,
    1.0,
    1.0,
    1.0,
    1.0,
    1.0,
    1.0,
    1.0,
    1.0,
    1.0,
    1.0,
    1.0,
    1.0,
    1.0,
    1.0,
    1.0,
    1.0,
    1.0,
    1.0,
    1.0,
    1.0,
    1.0,
    0.0,
    1.0,
    1.0,
    1.0,
    1.0,
    1.0,
    1.0,
    1.0,
    1.0,
    1.0,
    1.0,
    1.0,
    1.0,
    1.0,
    1.0,
    1.0,
    1.0,
    1.0,
    1.0
  ],
  "collision_rate_mean": 0.98,
  "collision_rate_std": 0.13999999999999999,
  "similarity": [
    0.8930855069976094,
    0.9760835884039607,
    -0.11786715257597624,
    0.5469879724908754,
    0.7880026242932348,
    0.628968731787081,
    0.821746145367809,
    0.9444236882445451,
    0.8852360103258532,
    0.940627598552467,
    0.9090680150935726,
    0.7718048217926575,
    0.959127403230181,
    0.7942613759007626,
    0.3820518756100112,
    0.9888179693754979,
    0.655034056585545,
    0.6830932630124624,
    0.8957398139152833,
    0.7715615652866995,
    0.8754191303138823,
    0.9338204160394313,
    0.9487685903015335,
    0.7705878284679294,
    0.9470152028774947,
    0.9348949124115392,
    0.6631693932682625,
    0.9625153395469359,
    0.8992978546241697,
    0.8897323000335782,
    0.8745251305363895,
    -0.5405371651989006,
    0.9628681350150853,
    0.7818001596295706,
    0.9503109940554705,
    0.6701757641344002,
    0.9153935987638331,
    0.9525471453223211,
    0.9630978613991803,
    0.9041201118270848,
    0.6784018581833232,
    0.9598023690043985,
    0.7829222340791698,
    0.3715578061734768,
    0.8756035640640483,
    0.7793795318517224,
    0.9520586654435325,
    0.8845459095634645,
    0.9994637097700467,
    0.8912079829605312
  ],
  "similarity_mean": 0.7910464241630608,
  "similarity_std": 0.27254465844509995,
  "waypoint_distance": [
    1.7041182142685432,
    0.8422913235547358,
    3.673894318467477,
    1.519514278317138,
    3.3322428338727974,
    4.384167779835408,
    2.7640614314490426,
    1.127022752459582,
    4.421482719490727,
    1.2927638792067624,
    2.990525847260005,
    1.6568751053359356,
    0.9632005547337846,
    3.521830552422199,
    15.737531092583916,
    0.7275695541969657,
    4.547378970983909,
    3.463785091081045,
    2.0136678052505674,
    2.9829990212745585,
    2.639497987348068,
    1.4220294136767562,
    1.1351872558950988,
    3.3145455280205525,
    1.1102261271371507,
    3.2447607745106435,
    3.4118452256496834,
    3.4385921546677585,
    1.8571268079552559,
    4.385265028243656,
    2.2416199058489634,
    19.057329460651403,
    1.0982758354427344,
    3.280689846391609,
    1.033300929862101,
    3.330944022385834,
    1.7345542614023934,
    1.2606174161710055,
    0.9624653974488916,
    1.810382285896841,
    4.367790940624341,
    9.931045818242252,
    3.2721254296144773,
    8.710524396497174,
    2.242101250410085,
    4.300236014070743,
    1.0530614963635163,
    2.684941461542762,
    0.12396672610954569,
    4.3766127353466375
  ],
  "waypoint_distance_mean": 3.3299717011894607,
  "waypoint_distance_std": 3.405549071591231,
  "speed": [
    4.978018533974151,
    4.769213375235636,
    10.667236612944189,
    0.8337068742498284,
    5.7879241821694345,
    6.341337172207957,
    5.879714872349906,
    5.742044506002193,
    5.728929712553612,
    5.326232642057811,
    6.574737663012703,
    6.035103719472923,
    4.851440748156666,
    6.1299507647237155,
    6.383337827021181,
    4.8795311702254605,
    6.392433518484069,
    6.425198385183271,
    5.890118977818506,
    6.024076946536459,
    5.766134384459499,
    5.513365623947295,
    5.775363336679415,
    6.114652354075615,
    5.195759154726559,
    5.346397679681688,
    6.410841386588133,
    5.602029508401761,
    5.7288880803699325,
    5.054450859597549,
    5.8089192370445355,
    6.9150808892507305,
    5.1433294074821,
    5.976295365668632,
    4.938059584472044,
    6.351525284624366,
    5.738375995650403,
    5.449675227672685,
    5.0769839781416595,
    5.666162381724508,
    6.375657056963702,
    5.3102263252775135,
    6.010279394602839,
    6.877325480726999,
    5.930549655832941,
    6.004582182356317,
    5.02587305376925,
    5.6846095751711,
    1.553591002940696,
    5.740199365920616
  ],
  "speed_mean": 5.674509420364015,
  "speed_std": 1.257929685575149,
  "total_reward": [
    785.936358757365,
    52.14741672657283,
    -613.6896557277312,
    -25.77791386399524,
    817.6475451859753,
    747.4372202779402,
    953.7629198359441,
    635.2024017375433,
    353.0166337456553,
    196.55755281628672,
    554.5608873844485,
    963.7521902654431,
    62.84421756623976,
    679.6795577376134,
    8.931669990381792,
    84.61751218379584,
    792.1684162108977,
    459.59494245694606,
    913.5258949183915,
    576.7717615338682,
    498.79955446746374,
    735.7331247589559,
    659.3286214297674,
    792.1626894660571,
    618.7638767486739,
    343.8305833944236,
    747.4613807925319,
    345.6078335584041,
    719.3595041496375,
    361.1345143443086,
    759.1403566763638,
    -19.992011314372423,
    659.221299920069,
    729.5577666320468,
    87.91968069496306,
    769.0079191148615,
    915.0558636020293,
    272.6761156223114,
    628.8748950874864,
    737.595158566272,
    755.6765774031538,
    21.899065932238333,
    741.7688462122279,
    166.18320973657023,
    870.9431198842698,
    622.1630360624605,
    605.400157012637,
    609.7504027858431,
    40.395523523613754,
    354.7575296039044
  ],
  "total_reward_mean": 502.97727451217514,
  "total_reward_std": 334.710233663657,
  "timesteps": [
    250,
    121,
    33,
    33,
    291,
    309,
    284,
    132,
    203,
    161,
    208,
    268,
    126,
    281,
    306,
    123,
    323,
    319,
    235,
    269,
    207,
    174,
    136,
    274,
    140,
    162,
    316,
    166,
    193,
    230,
    218,
    512,
    141,
    258,
    134,
    323,
    227,
    168,
    137,
    196,
    306,
    157,
    260,
    289,
    239,
    259,
    135,
    201,
    33,
    206
  ],
  "timesteps_mean": 213.44,
  "timesteps_std": 87.22640884502812
}