{
  "collision_rate": [
    1.0,
    1.0,
    1.0,
    1.0,
    1.0,
    1.0,
    1.0,
    1.0,
    1.0,
    1.0,
    1.0,
    1.0,
    1.0,
    1.0,
    1.0,
    1.0,
    1.0,
    1.0,
    1.0,
    1.0,
    1.0,
    1.0,
    1.0,
    1.0,
    1.0,
    1.0,
    1.0,
    1.0,
    1.0,
    1.0,
    1.0,
    1.0,
    1.0,
    1.0,
    1.0,
    1.0,
    1.0,
    1.0,
    1.0,
    1.0,
    1.0,
    1.0,
    1.0,
    1.0,
    1.0,
    1.0,
    1.0,
    1.0,
    1.0,
    1.0
  ],
  "collision_rate_mean": 1.0,
  "collision_rate_std": 0.0,
  "similarity": [
    0.8628882612532202,
    0.8471671075241162,
    0.44471800712066234,
    0.16573158121121143,
    0.8556304429940003,
    0.8992098483040246,
    0.8142736125230561,
    0.8713700119903764,
    0.8292659454647607,
    0.8356865559689389,
    0.7317710294037862,
    0.8557242134787287,
    0.8597074140206894,
    0.9633699340455779,
    0.2842789066467232,
    0.8680863507864649,
    0.8127031483350716,
    0.5687626461496795,
    0.8717068194144774,
    0.9336913089175308,
    0.8868417783340887,
    0.8906001631572745,
    0.5139140746039058,
    0.41827620824027567,
    0.9377041898545203,
    0.8844699317106154,
    0.863207106552421,
    0.9281122690178877,
    0.9366034845098661,
    0.8496092954519292,
    0.7653111437340192,
    0.8475109413045654,
    0.9414915026843376,
    0.892528800040826,
    0.858879869334827,
    0.5852120562720422,
    0.9336952404887319,
    0.965657205580191,
    0.997840752978647,
    0.589904322571575,
    0.8459353072284143,
    0.9292231546014034,
    0.9305908931747727,
    0.8441087899089654,
    0.27811166900833184,
    0.8516781742195094,
    0.8779801071259069,
    0.8093243469860298,
    0.7489564433146826,
    0.9323862668709811
  ],
  "similarity_mean": 0.7942281726882928,
  "similarity_std": 0.1896833361915682,
  "waypoint_distance": [
    2.7410019862512893,
    2.5073454625387983,
    1.1854826668547302,
    4.075351404974621,
    2.231862765986643,
    1.8971589405684797,
    2.9599438841249186,
    2.3406551555965813,
    3.0647720367763838,
    2.9853470215936264,
    3.666022978848568,
    2.63022888736828,
    2.323573734678893,
    1.1262179857517172,
    8.933181716809043,
    2.2431882330168325,
    2.6297847699315833,
    5.774793755401929,
    2.4735251417533304,
    1.8420158677286051,
    2.2210512754020924,
    2.3880317018227455,
    6.4365733308927755,
    1.3749251608985078,
    1.8506255558804992,
    2.3256067985210995,
    2.4005609428309187,
    1.4632227294807958,
    1.5958238941404193,
    2.2540011843228966,
    2.4058008470860357,
    2.7227832946876083,
    1.356634814733227,
    2.358545509645337,
    2.801584696755132,
    5.574272914670921,
    1.696370085690791,
    0.8856131487422316,
    1.008403872765526,
    5.5452618307215635,
    2.737555053285216,
    1.4928741251514455,
    1.5479020237906826,
    2.32004301909393,
    8.974561824189431,
    2.394273378372012,
    2.48725137599067,
    2.7392804032845435,
    3.527496550739525,
    1.3968684409088588
  ],
  "waypoint_distance_mean": 2.7983050836210457,
  "waypoint_distance_std": 1.7215329121479162,
  "speed": [
    5.82353158155562,
    6.120603932837776,
    5.565396376893439,
    7.224959543785939,
    6.284069426138168,
    5.678282103624506,
    6.6939800062513575,
    6.116899364818839,
    6.359325803404095,
    6.183400132700803,
    6.862015316004323,
    6.471493085605596,
    6.293298985616508,
    1.9665957332817747,
    6.909299861716153,
    6.28667870611209,
    6.394577022162987,
    7.244586825227174,
    6.177397508761216,
    6.3600280033047865,
    5.942448610138962,
    10.754658905549364,
    6.994321107234551,
    5.9530627299533405,
    6.455925558469291,
    6.44865824434326,
    5.975658371651177,
    5.538808749981725,
    5.431210097446746,
    6.264288574493451,
    1.9720334045237458,
    6.408414474943757,
    5.4592257154203905,
    6.084432787302558,
    6.034560067820514,
    7.122665262133474,
    5.734854658814605,
    5.100867331053792,
    1.1814624416499162,
    7.106692544129993,
    6.425672453992461,
    5.58506695541659,
    5.563001129579179,
    6.234267916589023,
    6.956486101133298,
    6.321288937831894,
    5.943142078368874,
    6.50971040215401,
    6.909766363225336,
    5.774539448825242
  ],
  "speed_mean": 6.064072214879474,
  "speed_std": 1.3646721706673268,
  "total_reward": [
    735.3050247770531,
    709.3765970428316,
    215.8950188076923,
    181.92890584662666,
    863.6385244545296,
    678.9399463190115,
    879.8835263318756,
    728.8901037795026,
    675.8747465854902,
    647.8366238546092,
    895.3176142212557,
    790.5082485454991,
    780.0887818284297,
    -439.3622836048702,
    812.1701630784004,
    787.7867161540902,
    764.4261817119774,
    851.7088318916404,
    735.832925344298,
    431.46375292519747,
    738.6463367411752,
    -1000.0,
    772.8393214173022,
    328.4961092237734,
    456.04262180040746,
    872.4128453199769,
    675.9356834663743,
    702.8682349988029,
    663.2290747261959,
    797.3518245512222,
    -1000.0,
    772.4651431510813,
    731.9351149267968,
    725.5400995800795,
    634.4826936094523,
    701.8064256145137,
    286.6546289934471,
    178.67946320244187,
    -1000.0,
    781.5603036580884,
    765.2618819252023,
    716.4005318669836,
    721.667622224905,
    -212.89018288957254,
    813.1926441489157,
    803.9693515049041,
    637.3518771451411,
    814.2604751541246,
    776.6347348948789,
    821.6113343505253
  ],
  "total_reward_mean": 544.1183229040456,
  "total_reward_std": 471.1731637393712,
  "timesteps": [
    262,
    219,
    166,
    324,
    237,
    187,
    267,
    212,
    230,
    224,
    293,
    238,
    223,
    33,
    461,
    221,
    233,
    352,
    218,
    224,
    206,
    33,
    370,
    206,
    227,
    234,
    208,
    167,
    165,
    226,
    33,
    239,
    173,
    209,
    211,
    319,
    189,
    142,
    33,
    337,
    237,
    173,
    178,
    224,
    459,
    232,
    199,
    247,
    265,
    188
  ],
  "timesteps_mean": 223.06,
  "timesteps_std": 85.81944068799329
}