{
  "collision_rate": [
    1.0,
    1.0,
    1.0,
    1.0,
    1.0,
    1.0,
    1.0,
    1.0,
    1.0,
    1.0,
    1.0,
    1.0,
    1.0,
    1.0,
    1.0,
    1.0,
    1.0,
    1.0,
    1.0,
    1.0,
    1.0,
    1.0,
    1.0,
    1.0,
    1.0,
    1.0,
    1.0,
    1.0,
    1.0,
    1.0,
    1.0,
    1.0,
    1.0,
    1.0,
    1.0,
    1.0,
    1.0,
    1.0,
    1.0,
    1.0,
    1.0,
    1.0,
    1.0,
    1.0,
    1.0,
    1.0,
    1.0,
    1.0,
    1.0,
    1.0
  ],
  "collision_rate_mean": 1.0,
  "collision_rate_std": 0.0,
  "similarity": [
    0.9606286561025329,
    0.9894803456100852,
    0.9915315333666356,
    0.7883599984794885,
    0.9901156415745154,
    0.9419938387740895,
    0.5909090606745605,
    0.9787356519824171,
    0.941383789644141,
    0.8885988560798531,
    0.9142808623506561,
    0.9058865965651997,
    0.975565697976102,
    0.9177971128155148,
    0.6744780358208966,
    0.8857645706191106,
    0.94516886914727,
    0.8439757435825991,
    0.9193925952360794,
    0.9083567188144649,
    0.9267724107372324,
    0.9535449786506308,
    0.9635752566167013,
    0.8773921408391486,
    0.9610260306262093,
    0.9683596146855995,
    0.884788367595045,
    0.9688820590968948,
    0.9524807108680295,
    0.9494560393807626,
    0.940502870097215,
    -0.5350223307625005,
    0.9799357779740627,
    0.9347224276208673,
    0.9687107090304025,
    0.8807360605879005,
    0.9300399747538174,
    0.9596298406286041,
    0.9723317980484794,
    0.9355640938407291,
    0.8458815658315425,
    0.9832545293079346,
    0.9241673927535462,
    0.604156930049599,
    0.98440068486654,
    0.900645435630983,
    0.9617904012435256,
    0.9402819369338641,
    0.9161189224823952,
    0.9881582297096592
  ],
  "similarity_mean": 0.8874937806988327,
  "similarity_std": 0.220497900979873,
  "waypoint_distance": [
    1.9663712561620086,
    0.6697480396637885,
    21.810244076564235,
    1.2911981615162764,
    1.0395259073135081,
    2.123291957143978,
    0.585181396335763,
    1.0373040117188437,
    4.971147045124106,
    2.7202483899675407,
    3.028190090877036,
    2.269608320104158,
    0.8529783106289376,
    2.754256525992114,
    18.06684046542111,
    2.5779440347243967,
    4.085562347700287,
    3.946168457978912,
    2.0790238265008614,
    2.5169750472884753,
    2.144140522788967,
    1.4398053614581865,
    1.2202243774826556,
    2.801485744074152,
    1.236796100752845,
    3.7953797401178875,
    2.958207909370542,
    3.7241231689691623,
    1.999695992354963,
    4.900875421017277,
    2.165352061414665,
    13.314283960792098,
    1.0469409088945387,
    3.077635391893067,
    1.9336992300667215,
    3.044894601592012,
    2.095386886700596,
    2.1378679107270746,
    0.9842174384541488,
    1.7839568980649714,
    3.84427289401914,
    10.03195048458505,
    3.3834803147736245,
    9.109415717238944,
    0.7297180711549871,
    4.74707179635566,
    1.0879328714890366,
    3.693749909616658,
    2.1163662202615434,
    1.835640759125582
  ],
  "waypoint_distance_mean": 3.5755275266866624,
  "waypoint_distance_std": 4.0914588620011605,
  "speed": [
    7.812817176995987,
    5.8415793114017225,
    48.41590601039987,
    5.4922561348107655,
    7.360753601116481,
    10.298359111462629,
    1.8789852712689865,
    8.197032906375163,
    8.250898818577108,
    8.663482850130242,
    7.734034021131602,
    8.909619601075015,
    6.208565370471091,
    9.805520104555443,
    10.176572368404228,
    8.380816468349408,
    9.283027843493192,
    9.562465036986273,
    8.10759970854659,
    9.017927001931882,
    8.545943620032297,
    7.480909614364369,
    7.559141332545081,
    9.333973003571014,
    7.129106790501509,
    7.211652781303435,
    9.512148506614814,
    8.359506894130224,
    7.915004343764928,
    7.519050657688838,
    8.628274927133235,
    10.306691392128641,
    7.326018334714753,
    9.287630479191762,
    9.146888486683432,
    9.608521339534361,
    8.574598486287508,
    7.951118201246834,
    7.039552102225684,
    7.92250559244667,
    9.572977980977877,
    6.436409747203193,
    8.623058467808452,
    10.078318980509533,
    5.535711177909298,
    9.01728915921152,
    6.791083820707116,
    8.593730960373371,
    9.381348923857905,
    5.9198718053648145
  ],
  "speed_mean": 8.914125132550321,
  "speed_std": 5.844796340712598,
  "total_reward": [
    1307.782767105048,
    21.0588999223379,
    -1000.0,
    -450.97732939497047,
    1060.8849457336041,
    1900.8675299049114,
    -68.03852379828916,
    1242.2068647989665,
    402.5997352225888,
    984.4715679719557,
    617.3864194157005,
    1276.644582517127,
    99.78765374310512,
    1042.5952616405582,
    23.898770235356103,
    955.5900053615051,
    1904.901687550634,
    800.6091695894983,
    956.8315935361775,
    1325.271318957038,
    1006.2198756610013,
    945.8182827788097,
    931.078421196179,
    1078.7068942674994,
    843.4238546982923,
    372.05663407034797,
    1264.1116696665108,
    375.7081524988838,
    1232.2509119280908,
    409.2936559832344,
    1168.610794525947,
    -1000.0,
    1046.995141725265,
    1345.3468959402803,
    1343.3027544598162,
    1317.767362312022,
    1033.0635759440327,
    1443.7123867336866,
    841.3935466910071,
    1000.1083097346019,
    1077.08085722056,
    23.911383914424654,
    1149.1216169090594,
    213.21566688985337,
    -13.842917470941586,
    682.4294978538916,
    792.110177492296,
    678.0605590913478,
    1536.369481449364,
    -212.3845611390734
  ],
  "total_reward_mean": 766.588276060783,
  "total_reward_std": 636.9041515391166,
  "timesteps": [
    290,
    92,
    33,
    33,
    231,
    362,
    33,
    169,
    222,
    218,
    181,
    258,
    101,
    237,
    321,
    209,
    476,
    259,
    188,
    263,
    193,
    162,
    148,
    221,
    138,
    164,
    304,
    145,
    240,
    245,
    220,
    33,
    153,
    285,
    218,
    306,
    194,
    288,
    131,
    183,
    257,
    138,
    289,
    260,
    91,
    227,
    130,
    190,
    258,
    72
  ],
  "timesteps_mean": 201.18,
  "timesteps_std": 88.43657388207664
}