{
  "collision_rate": [
    0.0,
    1.0,
    1.0,
    1.0,
    1.0,
    1.0,
    1.0,
    0.0,
    1.0,
    1.0,
    0.0,
    1.0,
    1.0,
    0.0,
    1.0,
    1.0,
    1.0,
    0.0,
    1.0,
    1.0,
    0.0,
    1.0,
    1.0,
    1.0,
    0.0,
    1.0,
    1.0,
    1.0,
    1.0,
    1.0,
    1.0,
    0.0,
    0.0,
    1.0,
    1.0,
    1.0,
    1.0,
    0.0,
    0.0,
    0.0,
    0.0,
    0.0,
    0.0,
    1.0,
    1.0,
    0.0,
    0.0,
    1.0,
    0.0,
    1.0
  ],
  "collision_rate_mean": 0.64,
  "collision_rate_std": 0.48,
  "similarity": [
    0.9958798964756949,
    0.9814164432458516,
    0.9892099475775376,
    0.9836837833675853,
    0.8846737122566745,
    0.9670088418453642,
    0.9907628086920547,
    0.9988969429779645,
    0.9862894575170243,
    0.9702965536052826,
    0.9884890052710061,
    0.9898389591209245,
    0.9336998107495523,
    0.962327734865626,
    0.9644239925031813,
    0.9815810638598694,
    0.3880275375158607,
    0.8467123485802721,
    0.9680011680601562,
    0.9880280017114994,
    0.9590521489301181,
    0.9627378082106384,
    0.9732274080888708,
    0.9820522515547845,
    0.9848885181138974,
    0.9706196832426129,
    0.9546220723431597,
    0.18714152200206066,
    0.9778786890769195,
    0.9587495309965819,
    0.9900846412344622,
    0.9945639754284871,
    0.9282087422527279,
    0.9796390056805859,
    0.9714576902219362,
    0.9898441805382573,
    0.915898439032866,
    0.9557969565622126,
    0.9759025630774776,
    0.9911061135407514,
    0.9008773026422364,
    0.9847682453219527,
    0.9783411967998605,
    0.9783839927466773,
    0.7890323826563795,
    0.9680800099129402,
    0.8964712691576612,
    0.850540857457536,
    -0.2989841599827386,
    0.9752400608181953
  ],
  "similarity_mean": 0.9077094221491818,
  "similarity_std": 0.22186832712573587,
  "waypoint_distance": [
    0.7134224039853089,
    2.3987186511256984,
    4.755560754673484,
    4.28094429812842,
    3.1472987617196155,
    6.172366967141504,
    1.2430371748386562,
    0.7514153066934538,
    2.3026549243481798,
    1.8510126015698594,
    1.143645040310236,
    1.1392214061744532,
    4.327922184583717,
    3.4171249529069283,
    2.722236765456609,
    6.516040072687363,
    2.265627197061693,
    4.406524923822917,
    2.438466850577766,
    3.040184323192486,
    3.301658168557921,
    2.431991517085927,
    1.2279820033548998,
    1.816065470108545,
    4.696560547102096,
    2.2466775642361942,
    5.324235363948031,
    28.233748836949218,
    1.7497622613196742,
    3.525692795236607,
    5.338378864096953,
    1.8777590221560134,
    2.1438613582568906,
    5.971522896398443,
    2.856114669039955,
    7.674877416301174,
    5.620020093324818,
    3.864327367067416,
    2.2008441263552854,
    4.078422165558418,
    1.9028546583475605,
    6.036485360735247,
    4.404542615388679,
    1.6329776154103313,
    3.5762080215865972,
    6.178750449357278,
    2.7257754589485033,
    5.3648068979960355,
    31.649710211777986,
    1.912357686370323
  ],
  "waypoint_distance_mean": 4.411967940867427,
  "waypoint_distance_std": 5.490186241416235,
  "speed": [
    9.080948060538683,
    11.117227958167778,
    10.023579895506913,
    10.188967994385232,
    8.963780058894827,
    8.841130460516137,
    8.415063193263551,
    7.740205095555897,
    9.816030264461748,
    9.948672974246417,
    9.25186469848213,
    9.468461182357887,
    10.01781945434591,
    8.890101237608816,
    10.021414481994315,
    10.682941575014897,
    9.642055193719193,
    9.595193349156542,
    10.193932113797905,
    10.061234484643693,
    11.081164739033715,
    8.993211984286965,
    8.100109487247522,
    9.688731074375179,
    9.833636620342546,
    9.921788417669788,
    10.468306594036621,
    10.334046519060712,
    9.93993149359768,
    9.969017290062235,
    9.241499291207903,
    8.561681173156748,
    9.66175062135814,
    9.709288956491047,
    10.414769032161702,
    9.77362996642374,
    10.585058851753137,
    8.94550750562838,
    8.370364447525859,
    8.208491760040793,
    8.412211317406864,
    9.100162779993617,
    10.347698908847502,
    10.198338384049167,
    10.703381229612363,
    10.233839470145226,
    9.30839331852357,
    10.704818242338657,
    10.368266048755729,
    9.86471178305622
  ],
  "speed_mean": 9.660088620696957,
  "speed_std": 0.788823972695244,
  "total_reward": [
    4598.642549596013,
    2804.3764656294557,
    474.0574546433573,
    2345.4571979158513,
    2510.8294164643244,
    695.9788175262955,
    2663.2231320583296,
    3958.08292492366,
    2787.9545279578,
    2608.980791763742,
    4607.471055842156,
    2411.3182154275105,
    1640.1753502172196,
    1947.725359206302,
    2616.0183133883384,
    547.9159804756599,
    1732.1579856192604,
    2798.4615204457355,
    1828.7800705740563,
    2195.9418836892664,
    2342.44276917895,
    2752.055662784589,
    1173.8423474430178,
    2677.969168189645,
    1131.7942835522203,
    2495.184820986032,
    773.6884650943258,
    -3.8635195890262297,
    2427.902452021844,
    1791.2468401429096,
    522.7375902405688,
    3202.5658836039397,
    3784.9872253203885,
    967.635197972849,
    2522.0001909983866,
    371.3531307281286,
    1700.0788915953476,
    2340.968328954173,
    2967.412095512491,
    1112.9774389551173,
    3238.467384670497,
    754.3485820515289,
    1546.5294228072216,
    2750.107808273676,
    2308.097413081286,
    843.2435613969376,
    3325.8021335036174,
    2769.610262564802,
    -11.871697057059563,
    2426.544247966224
  ],
  "total_reward_mean": 2095.5881479261793,
  "total_reward_std": 1096.8505412055385,
  "timesteps": [
    512,
    370,
    223,
    438,
    464,
    509,
    356,
    512,
    459,
    354,
    512,
    287,
    379,
    512,
    414,
    324,
    362,
    512,
    311,
    419,
    512,
    469,
    165,
    340,
    512,
    370,
    382,
    511,
    319,
    451,
    284,
    512,
    512,
    412,
    459,
    258,
    419,
    512,
    512,
    512,
    512,
    512,
    512,
    337,
    370,
    512,
    512,
    497,
    512,
    339
  ],
  "timesteps_mean": 425.34,
  "timesteps_std": 91.83411348730928
}