{
  "collision_rate": [
    1.0,
    0.0,
    0.0,
    0.0,
    0.0,
    0.0,
    0.0,
    0.0,
    0.0,
    0.0,
    0.0,
    0.0,
    0.0,
    1.0,
    0.0,
    0.0,
    1.0,
    0.0,
    0.0,
    0.0,
    1.0,
    0.0,
    0.0,
    0.0,
    1.0,
    1.0,
    0.0,
    0.0,
    0.0,
    0.0,
    1.0,
    1.0,
    0.0,
    0.0,
    0.0,
    0.0,
    1.0,
    0.0,
    0.0,
    0.0,
    0.0,
    0.0,
    1.0,
    1.0,
    0.0,
    0.0,
    1.0,
    1.0,
    0.0,
    0.0
  ],
  "collision_rate_mean": 0.26,
  "collision_rate_std": 0.4386342439892262,
  "similarity": [
    0.9902148822237435,
    0.8529372986215983,
    0.9881537890365971,
    0.9948246603501497,
    0.9946323956620509,
    0.953057478016855,
    0.9946736451540892,
    0.8932807936837367,
    0.9920825008821005,
    0.9847750870051574,
    0.9940525958921197,
    0.9820878695531107,
    0.9832096949349828,
    0.8450273428707523,
    0.9726819756784594,
    0.9849812458024231,
    0.9928639852405142,
    0.9839404593178002,
    0.9885356685881767,
    0.9947055070094378,
    0.9867586367273877,
    0.9843644272405946,
    0.9960470549821744,
    0.9897162199678218,
    0.9303772682269865,
    0.9919740732382103,
    0.9821649899503969,
    0.9467614915230113,
    0.9950263095404808,
    0.9936062558509441,
    0.989497821216655,
    0.9942794484044863,
    0.9870247257198486,
    0.9836240142921105,
    0.9363488432876023,
    0.9367499110946612,
    0.9874934417762602,
    0.9917293818327365,
    0.8857372417408569,
    0.9904912218889486,
    0.8100384123790192,
    0.9829479539111995,
    0.9765602149871115,
    0.9910905480609897,
    0.9796667044176812,
    0.9941285939906401,
    0.9938381746551453,
    0.9895408918715214,
    0.9914139245700454,
    0.9884877653194594
  ],
  "similarity_mean": 0.970764096763777,
  "similarity_std": 0.04187427117667585,
  "waypoint_distance": [
    4.939099289239608,
    14.097043438080108,
    3.658691220994896,
    0.9958785330163515,
    0.9838803121837356,
    2.3383911052198276,
    1.0124849748579157,
    4.202432963673433,
    1.1553619024066861,
    1.2196287106876382,
    0.9078802072106291,
    5.877951855872327,
    1.3535078946867425,
    3.9129684643165636,
    1.7817181298357154,
    1.317675950918942,
    6.076328455285693,
    8.912637583772371,
    5.886840157421181,
    0.8831769325584922,
    6.8881915283842865,
    1.2826182098762784,
    1.0130106703103252,
    1.0190934661187072,
    4.93474085341901,
    0.9281365553531209,
    16.46572476217198,
    6.117299604988945,
    1.1944098048138225,
    0.9315819500483219,
    6.58438971258755,
    0.8758238451197548,
    3.759616245986158,
    1.2974560110116744,
    6.457647936540397,
    5.094543623666305,
    6.280573355538455,
    1.0983313593775308,
    4.465390414974196,
    0.9502989547929086,
    5.199145547969722,
    7.925669102032291,
    6.999174560610135,
    5.902285786941996,
    6.45587163414092,
    0.8840138218257406,
    7.875794093687339,
    1.2661112939968433,
    5.533652768161123,
    3.1614538834476407
  ],
  "waypoint_distance_mean": 4.007112588802647,
  "waypoint_distance_std": 3.3719179096659913,
  "speed": [
    8.008368845871125,
    10.19456323280905,
    9.251521570429759,
    8.46912390451423,
    8.513786482334366,
    7.789338282675183,
    7.906953920165257,
    9.04516644071265,
    9.14897267467197,
    8.393720518942512,
    8.345028749755024,
    8.955204509314623,
    7.948048963716973,
    7.664574399805982,
    9.460680849047781,
    8.626696907461804,
    10.306150850378913,
    9.643504280829369,
    8.74961030632144,
    8.479271131416997,
    8.73038645873146,
    8.629491280918248,
    8.1208549245254,
    8.61019119220363,
    7.567432817147815,
    6.996115420332253,
    8.084137435314771,
    9.394741848095894,
    8.233084761221134,
    7.9885260318105065,
    10.599871429670209,
    7.315261429432166,
    8.788056515486437,
    8.655386233634006,
    9.196800473250091,
    9.725102807276896,
    8.438645401896007,
    8.23531806988192,
    9.563653939038346,
    7.9759673989335775,
    8.593122933364311,
    9.084871393741475,
    8.357585788096703,
    8.659693886029359,
    9.081614579008649,
    8.48209211952113,
    8.11470667313655,
    8.100250882043278,
    8.815170311871496,
    9.966556403488726
  ],
  "speed_mean": 8.66009955320555,
  "speed_std": 0.7501014350117549,
  "total_reward": [
    753.6299289092456,
    409.71474117017914,
    1568.5722389332334,
    4310.446842338278,
    4332.103002389643,
    2660.448266863945,
    4023.9072566449386,
    2372.9223986455745,
    4589.226498186078,
    3669.886341028728,
    4242.858712743675,
    848.2281576490161,
    3385.433765148375,
    1556.5271112731887,
    3637.354933076353,
    3683.758784311608,
    863.906791494429,
    675.9234634789245,
    844.654923652302,
    4314.397177996002,
    775.0785946611616,
    3729.645079061096,
    4133.241307259215,
    4131.308329120873,
    461.01897250832883,
    2094.8016204311557,
    395.3488938926171,
    908.5109320776585,
    4189.8995470207365,
    4059.620316917605,
    844.3807549020107,
    2477.6982834817054,
    1424.9226985389826,
    3689.8193372043147,
    866.6402892328086,
    1901.7055820497494,
    695.6362611796407,
    3802.670449308945,
    2449.0501979311666,
    3826.916560968008,
    2016.6755304453436,
    708.7795358930525,
    715.6307862695647,
    715.6314769384335,
    801.9849733462459,
    4312.849383325138,
    427.13548243279143,
    3459.102175519978,
    890.6836122295563,
    2697.188932165705
  ],
  "total_reward_mean": 2326.9495446449464,
  "total_reward_std": 1476.216022040663,
  "timesteps": [
    394,
    512,
    512,
    512,
    512,
    512,
    512,
    512,
    512,
    512,
    512,
    512,
    512,
    405,
    512,
    512,
    419,
    512,
    512,
    512,
    486,
    512,
    512,
    512,
    285,
    305,
    512,
    512,
    512,
    512,
    429,
    343,
    512,
    512,
    512,
    512,
    422,
    512,
    512,
    512,
    512,
    512,
    477,
    399,
    512,
    512,
    405,
    488,
    512,
    512
  ],
  "timesteps_mean": 484.02,
  "timesteps_std": 56.48025849799202
}