{
  "collision_rate": [
    1.0,
    1.0,
    1.0,
    1.0,
    0.0,
    1.0,
    1.0,
    1.0,
    1.0,
    1.0,
    1.0,
    1.0,
    1.0,
    1.0,
    1.0,
    1.0,
    1.0,
    0.0,
    1.0,
    1.0,
    1.0,
    1.0,
    0.0,
    1.0,
    1.0,
    1.0,
    1.0,
    1.0,
    1.0,
    1.0,
    1.0,
    1.0,
    1.0,
    1.0,
    1.0,
    0.0,
    1.0,
    1.0,
    1.0,
    1.0,
    1.0,
    0.0,
    0.0,
    1.0,
    1.0,
    1.0,
    0.0,
    1.0,
    1.0,
    1.0
  ],
  "collision_rate_mean": 0.86,
  "collision_rate_std": 0.3469870314579494,
  "similarity": [
    0.9851637065624036,
    0.9838707184644159,
    0.9250791494096383,
    -0.3141939562714138,
    0.9786214241749821,
    0.9965368742375108,
    0.9080762472983273,
    0.9920107172257505,
    0.9895004959184855,
    0.9957621697470626,
    0.9837179260184468,
    0.8975393686013503,
    0.9940956979358285,
    0.968206704137253,
    0.8914643594426146,
    0.9961188821501958,
    0.9062108458668088,
    0.9795169605225044,
    0.9847151507392251,
    0.8481435951768864,
    0.9595470472369872,
    0.9875586795170721,
    0.991549006748082,
    0.9950419821735197,
    0.8585227599105041,
    0.9973712490822092,
    0.997346137165312,
    0.9162935291486317,
    0.9111306498085788,
    0.9978223497215806,
    0.9998210446360097,
    0.9899251997996164,
    0.995457019164599,
    0.99451045728459,
    0.9848440087153681,
    0.9967679675826543,
    0.9935064562461736,
    0.9861600035224106,
    0.9954420336598704,
    0.9778790310900656,
    0.9918523119588161,
    0.9898227764322046,
    0.9650399180568069,
    0.9962202375576239,
    0.9964763170442031,
    0.9909612976589725,
    0.9265963895558171,
    0.8472576830538491,
    0.8641541300962468,
    0.979853974198295
  ],
  "similarity_mean": 0.9392977737036987,
  "similarity_std": 0.18445744963018698,
  "waypoint_distance": [
    1.2814800204180492,
    1.2949818336854935,
    0.9785999657854751,
    8.8816321713987,
    3.0716056847618693,
    0.7487442462846916,
    1.3872634940269881,
    1.0398402179164128,
    0.9783855300874871,
    0.8791127618016107,
    0.8794604397871134,
    2.3173584620365695,
    0.7146929214616405,
    1.0733801568073111,
    3.01892852218945,
    0.6487059129506473,
    1.5608380301392892,
    5.108891662855154,
    0.8852614456459783,
    2.3251304255614627,
    0.7183320944257227,
    0.8768503764261567,
    2.580669244960794,
    0.7346298743370168,
    2.408960243688962,
    0.6066482559080671,
    0.5987500600764457,
    5.789501782303105,
    1.8720173974228185,
    0.697118899120749,
    0.6134097991480127,
    1.7577910023302243,
    0.6170041275074195,
    0.8891439528590954,
    1.172148091638187,
    1.4204851045743931,
    0.8360104153141448,
    2.1975489490257316,
    0.7519988141687325,
    2.9924673307287746,
    0.8403856223300143,
    3.478746082476134,
    3.4447626400342872,
    0.7684367448904326,
    0.667603050754095,
    0.835688410419716,
    1.3443239807741023,
    1.4838451650449451,
    2.617915935845103,
    1.4418482097736687
  ],
  "waypoint_distance_mean": 1.7225867112781692,
  "waypoint_distance_std": 1.5267286626112389,
  "speed": [
    8.49054773784586,
    10.71781010604992,
    8.040459675147195,
    9.02703419082499,
    10.648279573952184,
    9.094637864472064,
    8.981851640818986,
    8.40954275388942,
    9.070711153456756,
    2.2779536534765863,
    10.492256000114219,
    1.4793630937593343,
    8.58176285978013,
    8.91703281408192,
    10.802102238095847,
    10.083667225928744,
    11.970473335020918,
    10.298906315702155,
    9.784380021411604,
    8.267561242292484,
    3.0147060224228297,
    7.6691951953466395,
    9.787674490716123,
    9.558162260437443,
    8.293764011286612,
    6.768933808374154,
    6.831199975599355,
    10.11967709982896,
    8.919496172089357,
    2.275745344763486,
    2.5083020405881418,
    1.3999943896983646,
    9.330702833413369,
    9.14135001890202,
    9.248276124603143,
    10.168629493251721,
    9.812676066542691,
    8.899021008933289,
    8.87390602476591,
    9.809105179625377,
    9.747263080027745,
    10.408102861928375,
    10.279370714012371,
    8.649677987899087,
    9.369956446438906,
    9.21926938286751,
    9.776713226368477,
    11.091148867677436,
    10.586737184464209,
    9.059959873140357
  ],
  "speed_mean": 8.521101013642696,
  "speed_std": 2.553230455365811,
  "total_reward": [
    2533.2051799907504,
    3751.91247253958,
    2410.039502855681,
    650.3012316002572,
    3109.80165311531,
    1390.4601566682136,
    3291.4409727774446,
    3079.1580356773493,
    2639.5081543114134,
    -1000.0,
    2568.424484708572,
    -465.1567075437173,
    2221.1622408822373,
    1917.7222167027196,
    2097.2250948089336,
    1524.981894289938,
    4886.134293609901,
    1524.5812650448393,
    1514.3864017330172,
    1461.036219172295,
    -406.59940335979707,
    1938.8816347909158,
    2817.3022405629536,
    2087.8709989541753,
    1448.512919501526,
    327.9099882446344,
    329.0035043281647,
    2100.6604491533362,
    2075.0236873117533,
    -1000.0,
    -421.0862940115411,
    -964.9360786260911,
    1629.137709812209,
    3207.787119234565,
    2531.601410915276,
    5181.716007713791,
    2383.0411590712847,
    2613.4591333001035,
    2172.7802842210335,
    1363.250099816868,
    1351.802952056241,
    2001.7802161138113,
    2896.104198259766,
    1676.0089620049496,
    1039.1007842675554,
    1865.1726479895378,
    4403.082979271156,
    2989.9161389643646,
    3543.252881655241,
    2032.7780505128842
  ],
  "total_reward_mean": 1926.4128228995082,
  "total_reward_std": 1379.0536356922273,
  "timesteps": [
    332,
    380,
    417,
    427,
    512,
    210,
    443,
    376,
    297,
    33,
    255,
    33,
    263,
    229,
    331,
    203,
    480,
    512,
    214,
    277,
    33,
    259,
    512,
    222,
    275,
    124,
    123,
    488,
    321,
    33,
    34,
    33,
    178,
    355,
    301,
    512,
    247,
    443,
    304,
    301,
    193,
    512,
    512,
    197,
    166,
    261,
    512,
    342,
    469,
    275
  ],
  "timesteps_mean": 295.22,
  "timesteps_std": 147.75131674540162
}