{
  "collision_rate": [
    1.0,
    1.0,
    0.0,
    0.0,
    0.0,
    1.0,
    1.0,
    1.0,
    1.0,
    1.0,
    0.0,
    1.0,
    0.0,
    1.0,
    0.0,
    0.0,
    0.0,
    0.0,
    1.0,
    1.0,
    0.0,
    0.0,
    0.0,
    0.0,
    1.0,
    1.0,
    0.0,
    1.0,
    1.0,
    0.0,
    1.0,
    1.0,
    1.0,
    1.0,
    1.0,
    1.0,
    0.0,
    1.0,
    0.0,
    0.0,
    0.0,
    0.0,
    0.0,
    0.0,
    1.0,
    0.0,
    1.0,
    0.0,
    1.0,
    1.0
  ],
  "collision_rate_mean": 0.52,
  "collision_rate_std": 0.49959983987187184,
  "similarity": [
    0.9996541790044691,
    0.9899403407341694,
    0.9938510647893388,
    0.9947917120084696,
    0.9252963692320122,
    0.9981123141455809,
    0.9881129159274104,
    0.992076586003742,
    0.9866895520026748,
    0.11806200797534117,
    0.9680403343462572,
    0.9980130860678696,
    0.6429558101337042,
    0.9480080132748302,
    0.9313845077695196,
    0.9990094878638326,
    0.9797223127518013,
    0.8715808062202255,
    0.9222131935237116,
    0.89154907709617,
    0.8677539953288074,
    0.9947102756687969,
    0.9948081073083137,
    0.7730481514497464,
    0.9982022753607428,
    0.996504768668274,
    0.9906957346251298,
    0.9021022707103363,
    0.9337773021562618,
    0.9800915442500484,
    0.9979670311815966,
    0.9954488503035405,
    0.9808230006909932,
    0.9127589363783974,
    0.8401011682293426,
    -0.4142179152563591,
    0.9958431123613993,
    0.7472741921108058,
    0.840906113015202,
    0.9960661129838698,
    0.9876929082381731,
    0.9942154499542062,
    0.9964913716643101,
    0.5719665647605854,
    0.9979832019497277,
    0.8808467562258663,
    0.9975822000110114,
    0.9931480602267034,
    0.9439054653683655,
    0.9900080192302676
  ],
  "similarity_mean": 0.8963513739205118,
  "similarity_std": 0.2376827581428633,
  "waypoint_distance": [
    0.31541506010603926,
    0.6395228653655162,
    1.1563047387601615,
    0.8369858921624811,
    1.358919773157472,
    0.7130912905163969,
    0.8769433129940898,
    0.6387005326918059,
    1.6482807171260632,
    14.926429343144891,
    1.0657723514879935,
    0.9137872569666081,
    6.758336619296679,
    0.6898338933385589,
    3.877333456084619,
    0.6635569728039883,
    1.2389384182786103,
    2.135977407666564,
    2.3111359917638388,
    1.30936091134488,
    5.767930865602026,
    0.9434608613529724,
    0.8432888286482406,
    7.457942162972119,
    0.7492960280535398,
    0.5182886609031953,
    1.3269488306469137,
    3.525599184359934,
    1.1666228188623249,
    2.79026170127794,
    0.6249970887589502,
    0.9658481726791482,
    1.1115123053145923,
    2.965929005462322,
    3.4569039839263622,
    12.242307744728684,
    1.2873748499083442,
    7.922514333136671,
    2.396553835821788,
    0.8065316899990822,
    1.285966972668041,
    1.0260190466164012,
    0.8148395462321255,
    3.59039785781269,
    0.6586245033045445,
    2.053270967812041,
    0.8181879315226522,
    0.9709596997925842,
    1.1943429013722513,
    1.7523965722932766
  ],
  "waypoint_distance_mean": 2.34219491513798,
  "waypoint_distance_std": 2.8973265083295496,
  "speed": [
    4.842116235180268,
    6.783183954315938,
    9.748541487322155,
    9.625567092169716,
    9.281545719151323,
    10.347438050672952,
    7.378324654390215,
    7.614679688422448,
    9.530518223605743,
    8.166929015895631,
    9.517980950731022,
    8.84718107159609,
    10.015756721646774,
    7.70904572773287,
    10.128098521984056,
    9.141589302712852,
    9.64778859493517,
    10.835566017012827,
    7.878477656797982,
    10.755613668799898,
    9.585720958220493,
    9.288232523635289,
    9.571949640624505,
    10.340536670901518,
    9.063660933211688,
    5.619682684863436,
    9.398810078068388,
    9.179760134516401,
    7.829482283283165,
    9.15245552521965,
    9.523683630297121,
    10.300924887087243,
    9.47194558579584,
    10.587124383654556,
    9.882021480252217,
    6.833422679961429,
    9.481479335911235,
    10.901991779287597,
    10.932610500521745,
    9.407120956962878,
    9.101285735913725,
    8.6039979976463,
    9.540886427128157,
    9.180438710914752,
    9.267916210502557,
    9.766801175438522,
    9.717192321445484,
    9.614550611798013,
    7.410952768032386,
    8.496696057293502
  ],
  "speed_mean": 9.096985540469314,
  "speed_std": 1.2714788699943897,
  "total_reward": [
    770.7047935269853,
    456.80855471549194,
    4510.810502848387,
    4899.046266253087,
    4096.96443636219,
    2660.5645100363477,
    1328.431219910519,
    636.2722450924899,
    3919.33871000296,
    -4.346179419451264,
    4362.417913115998,
    3172.7228090460007,
    2457.4132697199775,
    1702.5553774152982,
    2941.128938605773,
    2599.733887658815,
    4345.621123324721,
    4375.0947998904085,
    950.8232542641066,
    3180.435572281377,
    2107.4911726273353,
    4514.66032200884,
    4873.684788328507,
    2387.5381048305903,
    2483.857396636594,
    708.4395344503508,
    4159.301270474095,
    1372.6226918984994,
    1318.026797014609,
    3079.00828226956,
    1520.0923523385718,
    2359.610178854703,
    4641.0052984394,
    2552.6080049827333,
    2483.918535384867,
    -20.75637087980364,
    4670.016529158431,
    2143.2825316406484,
    4224.301978759686,
    4795.770384069575,
    3980.491349126451,
    3980.2985858840084,
    4859.244550869378,
    2611.3364838755733,
    2362.4778791569697,
    3807.413923813832,
    2409.033163114524,
    4631.036410390323,
    708.2146057599758,
    2903.93805512524
  ],
  "total_reward_mean": 2839.810135901111,
  "total_reward_std": 1448.364605643989,
  "timesteps": [
    163,
    71,
    512,
    512,
    512,
    260,
    185,
    87,
    510,
    253,
    512,
    361,
    512,
    245,
    512,
    285,
    512,
    512,
    209,
    357,
    512,
    512,
    512,
    512,
    277,
    130,
    512,
    300,
    200,
    512,
    214,
    238,
    511,
    376,
    415,
    153,
    512,
    478,
    512,
    512,
    512,
    512,
    512,
    512,
    258,
    512,
    251,
    512,
    118,
    412
  ],
  "timesteps_mean": 381.86,
  "timesteps_std": 149.14355634756737
}