{
  "collision_rate": [
    0.0,
    0.0,
    1.0,
    1.0,
    1.0,
    1.0,
    1.0,
    1.0,
    1.0,
    1.0,
    1.0,
    1.0,
    1.0,
    0.0,
    1.0,
    1.0,
    1.0,
    1.0,
    1.0,
    1.0,
    1.0,
    1.0,
    1.0,
    1.0,
    1.0,
    1.0,
    0.0,
    0.0,
    1.0,
    1.0,
    1.0,
    1.0,
    1.0,
    1.0,
    0.0,
    0.0,
    0.0,
    0.0,
    1.0,
    1.0,
    0.0,
    1.0,
    1.0,
    0.0,
    0.0,
    0.0,
    1.0,
    0.0,
    0.0,
    0.0
  ],
  "collision_rate_mean": 0.68,
  "collision_rate_std": 0.46647615158762407,
  "similarity": [
    0.9957373498950102,
    0.991424977428378,
    0.9310056682233073,
    0.997785278398785,
    0.9908830355993443,
    0.9131752288751813,
    0.8996956121267927,
    0.9669964050070357,
    0.9283076601190283,
    0.9915227586352943,
    0.8219767934219628,
    0.9253504266369421,
    0.9399209001245474,
    0.9959040002935977,
    0.9327018898121484,
    0.9943167969341892,
    0.9945054043369016,
    0.9888374927597042,
    0.9999663788098672,
    0.6250702347527984,
    0.7991053378665379,
    0.9998947045955253,
    0.9947485536536317,
    0.9988132515952385,
    0.9081383372719218,
    0.9884980648552733,
    0.8892992193286418,
    0.9961875960348158,
    0.9431313436059844,
    0.9999704444726516,
    0.901519150674642,
    0.9941159320298393,
    0.9857374935705225,
    0.8359138273908768,
    0.911876098651272,
    0.5952727060712092,
    0.9942261982928081,
    0.9956428449581916,
    0.9985112865111803,
    0.9984034944299718,
    0.9896074648071881,
    0.9979425300126834,
    0.9887029492506868,
    0.7147944414395979,
    0.9944785483303004,
    0.6848963316820066,
    0.9523804231016602,
    0.9920881301189596,
    0.9885256694210329,
    0.8856041183164838
  ],
  "similarity_mean": 0.934862215690643,
  "similarity_std": 0.09718787771503863,
  "waypoint_distance": [
    0.9156447562183694,
    1.0403420418545115,
    1.9481166975838777,
    1.0157881572903185,
    0.8227319404086098,
    1.9054243417113021,
    2.483983450273743,
    2.1131572192744206,
    2.025777577521245,
    2.47612995315308,
    3.032049891733825,
    1.6620618621636152,
    1.4804584191614496,
    0.7688565681908339,
    2.2816526593207866,
    1.6621270027209276,
    0.9256342992533053,
    2.001277876628183,
    0.8908579991470982,
    3.649599435684109,
    2.928406824200268,
    0.31699831614547785,
    0.8569339754127379,
    0.6646123582122525,
    1.2267456699698882,
    1.7621896246439208,
    2.1386501265098996,
    0.8849624344693444,
    1.3628286675888406,
    0.4116268026281036,
    1.8194983970020904,
    1.477167983056653,
    0.7447875388518728,
    2.5391162716630062,
    2.328018792465658,
    6.461052525904944,
    1.1407704740458255,
    0.867702432813364,
    0.8935585291055127,
    0.7022255225861834,
    1.3022529921432617,
    0.6657130234084783,
    0.939848835254651,
    4.529730491184335,
    0.8611808148397718,
    7.680647363476982,
    1.1943453529254304,
    1.3824927629741528,
    1.3152622590648695,
    3.0352629485745726
  ],
  "waypoint_distance_mean": 1.790725245208319,
  "waypoint_distance_std": 1.3833279723142304,
  "speed": [
    8.86421302311614,
    7.660395701785038,
    8.656701610765435,
    7.953229719091393,
    7.044886612246419,
    9.947691406927447,
    9.79068479111369,
    9.659374349018698,
    10.390543238587131,
    8.621056654456966,
    9.280874299914746,
    9.88978890815053,
    7.048701688381205,
    10.479270147573,
    9.906203199117773,
    8.832065680607954,
    10.299966993058703,
    8.320995142180665,
    1.6357621494547527,
    10.0947867029837,
    9.470110643511088,
    1.7459201284358077,
    9.742428839530156,
    8.74640849223397,
    8.3758474411844,
    8.515625082207288,
    8.802432053475904,
    8.107118080640841,
    8.892362607792876,
    2.164662271616612,
    9.784239185805532,
    9.01834320808332,
    9.450040733107281,
    7.157198625386881,
    10.501192164046117,
    10.9583880111053,
    9.199026890715944,
    9.404997573042168,
    9.952387428538424,
    10.257995223959465,
    10.733737218076593,
    9.71266360509322,
    7.0818554237351785,
    9.971391266991626,
    9.412120450396902,
    11.355713473982423,
    9.554661951471132,
    9.162567779373324,
    10.778790907831905,
    9.155657743365285
  ],
  "speed_mean": 8.830861530465368,
  "speed_std": 2.0336051608073724,
  "total_reward": [
    4508.0603162635,
    3659.4866077662004,
    2755.6373549206846,
    3368.1567234063655,
    1519.0587920809626,
    2182.1875065558024,
    2659.898362980003,
    2014.011673124282,
    3437.008872475951,
    2584.127912523672,
    2950.13622520796,
    3488.6012302707404,
    1242.6833695320968,
    5344.303131778994,
    2923.6263743358236,
    2445.946779141201,
    3301.0472443902977,
    2070.321658221076,
    42.99440254079234,
    2630.7486179749676,
    2951.6917500831037,
    46.51265892221091,
    2809.339450185119,
    2407.7318746019746,
    2674.1179427922625,
    2862.5182283095173,
    3377.224035839794,
    4133.894309631302,
    2893.900531915081,
    60.10019719819774,
    3590.4045727976613,
    2471.413469100784,
    4519.025849051497,
    788.0044992045046,
    3383.1401296955214,
    2931.6883828833293,
    4353.665104462183,
    4792.9395345298,
    2578.295166926063,
    2669.611355703148,
    4746.8461442956,
    2379.2345689478857,
    1563.7758533053682,
    3001.932368270492,
    4790.397156876964,
    2866.880763105449,
    4071.200264130756,
    4065.512421137014,
    4776.248633168957,
    3270.3774232850774
  ],
  "total_reward_mean": 2939.11335591696,
  "total_reward_std": 1207.2570023746648,
  "timesteps": [
    512,
    512,
    428,
    427,
    221,
    299,
    484,
    308,
    432,
    512,
    475,
    451,
    227,
    512,
    406,
    343,
    325,
    365,
    33,
    413,
    461,
    33,
    295,
    278,
    374,
    400,
    512,
    512,
    390,
    33,
    457,
    319,
    487,
    210,
    512,
    512,
    512,
    512,
    262,
    263,
    512,
    248,
    227,
    512,
    512,
    512,
    484,
    512,
    512,
    512
  ],
  "timesteps_mean": 391.24,
  "timesteps_std": 134.46360994707825
}