{
  "collision_rate": [
    1.0,
    1.0,
    1.0,
    0.0,
    0.0,
    1.0,
    0.0,
    1.0,
    0.0,
    1.0,
    1.0,
    1.0,
    1.0,
    0.0,
    0.0,
    1.0,
    0.0,
    0.0,
    1.0,
    1.0,
    0.0,
    1.0,
    1.0,
    0.0,
    0.0,
    1.0,
    0.0,
    0.0,
    1.0,
    1.0,
    0.0,
    0.0,
    1.0,
    1.0,
    1.0,
    1.0,
    1.0,
    1.0,
    0.0,
    0.0,
    0.0,
    1.0,
    1.0,
    1.0,
    1.0,
    1.0,
    0.0,
    0.0,
    0.0,
    1.0
  ],
  "collision_rate_mean": 0.58,
  "collision_rate_std": 0.4935585071701226,
  "similarity": [
    0.9787622878619189,
    0.9959516407340859,
    0.9884484262783649,
    0.8289228496029881,
    0.9380683006798278,
    0.963226096286905,
    0.9922326117075252,
    0.8678641153199885,
    0.9516328576759906,
    0.9886373214081932,
    0.9585791018199942,
    0.7561781478196566,
    0.9791318157581377,
    0.8719081247301652,
    0.945200097319029,
    0.9487229260184202,
    0.9950536831222385,
    0.9038994239063,
    0.8464858885856898,
    0.9779440076817414,
    0.9839553490607534,
    0.9579492109228378,
    0.9986277257216607,
    0.9965872257660549,
    0.996859965606539,
    0.9756300431476872,
    -0.36855193704953465,
    0.9746599601187214,
    0.9777193915295628,
    0.8521959001105506,
    0.6622465611687454,
    0.80993446782357,
    0.9826005879584868,
    0.959297394603226,
    0.760913300781588,
    0.9590297965780833,
    0.9472163729778655,
    0.9668489212930644,
    0.9981026307090622,
    0.9057647179778274,
    0.9877181441103232,
    0.7787723818425502,
    0.9344200829006961,
    0.9405422259938871,
    0.9798887518720705,
    0.809701345336861,
    0.9689337572200574,
    0.9928437914742639,
    0.9599187256246574,
    0.9848076830108272
  ],
  "similarity_mean": 0.9062396840101943,
  "similarity_std": 0.197544012285498,
  "waypoint_distance": [
    2.0634393252888135,
    0.6675105679966323,
    6.304505941854276,
    5.12766201786293,
    4.252997856337603,
    2.8930641731360205,
    1.7530211234948003,
    7.362753577859532,
    2.3283336345494097,
    2.2827968156470733,
    4.404774875948727,
    8.36249881581229,
    1.1369657300429534,
    8.432269153656662,
    2.12825941598872,
    4.139389824923892,
    1.4537752240758617,
    2.47061224811136,
    4.430035799934759,
    1.411765393633779,
    2.465333895793078,
    1.587118141439875,
    0.7780151157049701,
    2.3019704345091827,
    2.2554894693704903,
    1.4111931443083168,
    32.21176845768362,
    1.129363312799576,
    1.1214396603620713,
    5.423996337579006,
    9.325721561389688,
    4.221425577918769,
    0.8946260400127664,
    4.945173293982959,
    5.362096810954465,
    2.418531188206205,
    3.147657656933052,
    1.3322225031650967,
    3.962945425885621,
    2.5144646704510163,
    3.5140397398299346,
    2.9691547749472393,
    2.3745446310208034,
    2.800263017755816,
    5.304564531023299,
    2.619101989290843,
    3.4491440209983857,
    3.8133112964227602,
    1.4911693870591176,
    5.127778157378979
  ],
  "waypoint_distance_mean": 3.913601115206662,
  "waypoint_distance_std": 4.531261422544087,
  "speed": [
    9.044625948657588,
    8.643118836109172,
    11.083214788190993,
    11.1973754121637,
    10.69177312124107,
    9.62012507120517,
    10.606916751304013,
    10.398611477410045,
    10.372057531200104,
    8.22474571229893,
    9.528777350369825,
    11.670379165324182,
    8.730545076918784,
    10.462790297729708,
    10.468942853928054,
    10.549166121421734,
    11.003850431492674,
    10.141671203002396,
    10.763469985079702,
    8.944635713486438,
    10.136204797100698,
    10.166838836280535,
    3.525976761809827,
    10.957331558018137,
    10.788287828828802,
    8.037464924690234,
    12.33925412346661,
    9.075013753201551,
    9.826413611942401,
    9.867775246781743,
    11.574666523047949,
    10.182282422096044,
    9.770822681276531,
    9.612506727934186,
    10.664730031059037,
    9.61080880763579,
    9.300539696245028,
    9.703373568527395,
    10.771128716826428,
    10.01788781506962,
    9.2274597059496,
    10.187086848108386,
    9.796807675824,
    10.577495024050569,
    9.17235457824566,
    10.270504388543348,
    10.703715021536535,
    9.356729392756765,
    9.955811379680902,
    10.145925552451978
  ],
  "speed_mean": 9.949399816950411,
  "speed_std": 1.2542645306407563,
  "total_reward": [
    2514.2679008729215,
    795.3233987386946,
    917.2273549322717,
    3025.3010545029447,
    1490.3438264009292,
    2306.951055423915,
    3033.0526296984604,
    712.0193942853335,
    4071.852208995462,
    2590.584777995581,
    582.7018522485797,
    854.8762331294789,
    1654.0816911762188,
    636.2370913977484,
    4317.176068561979,
    1855.5983565545498,
    5033.464988040632,
    2894.0945707837354,
    2118.465657167326,
    1925.5440430834576,
    3251.4976230903394,
    1822.4357838566482,
    -1000.0,
    4476.228890371611,
    4146.774169443588,
    1910.4114610226002,
    -10.665941292764787,
    4201.497600519586,
    2019.984853493848,
    1842.3552043184395,
    2201.979751910659,
    2329.972933399595,
    1801.1600393579652,
    671.0071694516561,
    1049.7828155269572,
    2313.429381645519,
    2069.3993557660024,
    1732.8924701748845,
    1425.618196834862,
    3021.687256929637,
    1835.478203882485,
    2465.41020832086,
    3276.089025049849,
    2508.6153156967566,
    723.9523048563209,
    3123.771090455495,
    2761.320241018987,
    1497.2956347510874,
    4350.995326581617,
    913.7889887900687
  ],
  "total_reward_mean": 2161.2665901843075,
  "total_reward_std": 1251.3959685947427,
  "timesteps": [
    422,
    210,
    443,
    512,
    512,
    453,
    368,
    409,
    512,
    502,
    249,
    455,
    211,
    512,
    512,
    370,
    512,
    512,
    372,
    258,
    512,
    235,
    33,
    512,
    512,
    288,
    512,
    512,
    236,
    443,
    512,
    512,
    197,
    313,
    473,
    362,
    388,
    216,
    512,
    512,
    512,
    375,
    503,
    364,
    407,
    459,
    512,
    512,
    512,
    440
  ],
  "timesteps_mean": 413.88,
  "timesteps_std": 117.28659599459777
}