{
  "collision_rate": [
    0.0,
    0.0,
    0.0,
    1.0,
    1.0,
    1.0,
    0.0,
    0.0,
    1.0,
    1.0,
    0.0,
    1.0,
    0.0,
    0.0,
    0.0,
    0.0,
    1.0,
    0.0,
    0.0,
    0.0,
    0.0,
    1.0,
    0.0,
    0.0,
    1.0,
    1.0,
    1.0,
    1.0,
    0.0,
    0.0,
    1.0,
    1.0,
    0.0,
    1.0,
    0.0,
    1.0,
    1.0,
    0.0,
    0.0,
    0.0,
    0.0,
    0.0,
    0.0,
    0.0,
    0.0,
    1.0,
    1.0,
    0.0,
    0.0,
    0.0
  ],
  "collision_rate_mean": 0.38,
  "collision_rate_std": 0.4853864439804639,
  "similarity": [
    0.9776073996578468,
    0.9847028484645749,
    0.9774488568251544,
    0.9919595346753279,
    0.98423492624015,
    0.9807293849696418,
    0.9570907790942877,
    0.9532701378033452,
    0.9995035700862368,
    0.9979553202996871,
    0.9854256653606253,
    0.7564969246345195,
    0.7015427014295884,
    0.8899144242373437,
    0.915474833204483,
    0.8919272760079348,
    0.9986651676156649,
    0.9244417010477066,
    0.9159848001590716,
    0.9811686164678072,
    0.9786163559978873,
    0.9637440802042698,
    0.9741595462969209,
    0.984290744195229,
    0.9935521091105685,
    0.983313529350591,
    0.23942537727198573,
    0.9944584628099924,
    0.9799457351353159,
    0.9304426812893546,
    0.9161512730609388,
    0.9997869446402345,
    0.9966566057414904,
    0.9963855846143077,
    0.7845088881192376,
    0.940020172876752,
    0.9945830499339501,
    0.8060390887686222,
    0.9870697717235376,
    -0.03065232434458188,
    0.9190660272970124,
    0.633719419220814,
    0.9687271274896077,
    0.9966066892063548,
    0.9208641368873042,
    0.992023669008511,
    0.9946740443139929,
    0.9243220760241904,
    0.8953814608480319,
    0.9830483640001254
  ],
  "similarity_mean": 0.908129511187471,
  "similarity_std": 0.18360367064123093,
  "waypoint_distance": [
    1.762662874436713,
    1.5010911223278836,
    4.482270894526841,
    1.532492011651896,
    2.007177364395379,
    5.0148319658595835,
    3.2243520685874736,
    4.969100485359896,
    0.41826657602206735,
    0.6440790512193612,
    2.5150865588187985,
    11.108056443294101,
    4.574507148927307,
    4.8755640197590875,
    3.82092044283568,
    4.278372924868974,
    0.5199142807717057,
    7.309608147669902,
    3.2586376866557742,
    1.566282491785848,
    4.381927404401287,
    2.1461617186572206,
    5.578692008526096,
    2.7924710129252626,
    3.156014799575434,
    1.9725428328029257,
    20.767213803961862,
    0.7435773883019826,
    2.194356435789314,
    1.7155609461970414,
    1.4698914723311796,
    0.24046204347968295,
    1.4834285017579,
    3.5671091223774485,
    5.942829176746699,
    2.9055036113499835,
    0.7558797363278764,
    4.538453231122526,
    4.556404323512163,
    4.084235753556633,
    3.4049998576912506,
    7.854325256088604,
    2.2964198101229782,
    1.4543896950731854,
    3.401204463863215,
    0.9013620989717668,
    3.7739859470985704,
    3.441606152274922,
    4.704704379528269,
    2.6219726201458537
  ],
  "waypoint_distance_mean": 3.564619203286668,
  "waypoint_distance_std": 3.2101348337262436,
  "speed": [
    7.61748454735428,
    8.343152235829635,
    8.34615272099768,
    8.924901127849598,
    8.443352169506502,
    8.950063946356229,
    8.718921733857137,
    8.307343476069594,
    2.6173148758532645,
    7.926811662094556,
    9.210454021305567,
    10.081903785949262,
    9.223469054418567,
    8.386322953510861,
    8.964138856374731,
    9.158081592401315,
    6.103528045798044,
    9.16177277268781,
    8.311114737125665,
    8.496878960108923,
    8.332996060987126,
    8.805988190097999,
    8.382376357371397,
    8.029345802964581,
    8.054208370328094,
    8.339300748214425,
    9.028529805261266,
    7.539690190827813,
    7.599197626281133,
    9.439651287153783,
    2.569051198103861,
    2.5346730249205995,
    7.83359660568769,
    7.9729928951401225,
    8.484972553612616,
    8.87474698005639,
    7.826793189474603,
    8.986964417733546,
    8.416291575135741,
    9.18685763897415,
    9.160939084214753,
    9.607878320269814,
    9.562551038980903,
    8.07920690245952,
    9.125474196313048,
    8.380818289796547,
    9.236161412565133,
    9.340431687290655,
    9.01592305333443,
    8.358496708143859
  ],
  "speed_mean": 8.227985369742894,
  "speed_std": 1.5755794336831859,
  "total_reward": [
    2834.216319581081,
    3493.922840415467,
    1118.357452590983,
    2191.059274813378,
    1240.8103278918309,
    538.6888365702289,
    3007.0102926679597,
    915.4766310811797,
    -415.43214370443224,
    1160.221788632413,
    2821.5651761328845,
    125.89083860589574,
    2630.8052231338283,
    1173.7577174841595,
    2670.5001786180906,
    2658.4332694238888,
    173.87760933811512,
    733.6646124847612,
    2571.6582615833736,
    3460.234385007285,
    1223.6434315959234,
    2792.3477032770984,
    804.6774326942909,
    2260.956733508656,
    1291.4648965009599,
    1382.9715174604094,
    -2.2502507375367022,
    787.4907492984635,
    2782.197907191202,
    3918.5700347797538,
    -1000.0,
    73.02690010366459,
    3765.6467747780916,
    433.7151372360579,
    1318.7316170616875,
    2598.9833743690465,
    875.4782231471777,
    2535.4390328002914,
    1046.9811770586632,
    -93.31216191102665,
    2087.683105027968,
    2060.216945124272,
    3397.806988825604,
    3925.3708714513245,
    2146.9918243512666,
    1260.789177192678,
    -1000.0,
    2120.981065784178,
    2360.0628574568727,
    2532.3117410825585
  ],
  "total_reward_mean": 1695.8738739772398,
  "total_reward_std": 1257.817145977074,
  "timesteps": [
    512,
    512,
    512,
    375,
    291,
    297,
    512,
    512,
    33,
    211,
    512,
    501,
    512,
    512,
    512,
    512,
    112,
    512,
    512,
    512,
    512,
    441,
    512,
    512,
    466,
    313,
    359,
    173,
    512,
    512,
    33,
    33,
    512,
    362,
    512,
    451,
    178,
    512,
    512,
    512,
    512,
    512,
    512,
    512,
    512,
    285,
    33,
    512,
    512,
    512
  ],
  "timesteps_mean": 416.38,
  "timesteps_std": 154.89065691641957
}