{
  "collision_rate": [
    1.0,
    1.0,
    0.0,
    1.0,
    0.0,
    0.0,
    1.0,
    0.0,
    0.0,
    1.0,
    0.0,
    0.0,
    0.0,
    0.0,
    0.0,
    0.0,
    1.0,
    0.0,
    1.0,
    1.0,
    1.0,
    1.0,
    1.0,
    1.0,
    0.0,
    0.0,
    0.0,
    0.0,
    0.0,
    1.0,
    0.0,
    1.0,
    1.0,
    1.0,
    1.0,
    0.0,
    0.0,
    1.0,
    1.0,
    1.0,
    1.0,
    1.0,
    0.0,
    0.0,
    1.0,
    0.0,
    0.0,
    1.0,
    0.0,
    0.0
  ],
  "collision_rate_mean": 0.48,
  "collision_rate_std": 0.49959983987187184,
  "similarity": [
    0.9904986546051792,
    0.9931760638336907,
    0.5782493499944481,
    0.8046034924341314,
    0.9849045977371852,
    0.9845002677742307,
    0.9933678855589497,
    0.9610279821647115,
    0.995749484214559,
    0.9782682364558997,
    0.9894282140212292,
    0.9931300584073053,
    0.9297801688892144,
    -0.011770616424836143,
    0.9898544201334596,
    0.9958295683168383,
    0.9823920596531042,
    0.9897674331408518,
    0.9835328847941025,
    0.9784662746084897,
    0.985037547925199,
    0.9824853713675745,
    0.9831613348516176,
    0.9851943425399917,
    0.9740608126112038,
    0.8917064336711897,
    0.9938180177817362,
    0.992621366957421,
    0.985691840120899,
    0.986198374018208,
    0.991567450138167,
    0.9686540444828168,
    0.917541207441573,
    0.9913053518477636,
    0.9924429271115462,
    0.9946111303968509,
    0.983430266943442,
    0.9792493705483211,
    0.9747719642239314,
    0.9415825651397458,
    0.9725487676716825,
    0.9930513875539453,
    0.9968436004814542,
    0.9952160223459697,
    0.9667411436733738,
    0.989897543274664,
    0.9908361953213471,
    0.9716827102376798,
    0.9643692698979823,
    0.888501423327515
  ],
  "similarity_mean": 0.9461915252843511,
  "similarity_std": 0.15147965583441922,
  "waypoint_distance": [
    3.397107012526754,
    3.586629215087252,
    18.553476702478896,
    3.789419557439946,
    7.643821789679437,
    2.6531286897348516,
    4.378202401933411,
    3.0654292750596923,
    1.2109908956275783,
    6.399874245570183,
    5.112505215534073,
    1.6623244275162326,
    10.0627664523215,
    31.47572792899033,
    7.639201448603052,
    0.7110073710240994,
    7.900375567508643,
    2.355248826714627,
    1.9960371543431146,
    3.1781595743571605,
    3.89884104143037,
    7.184496836998649,
    7.812844461039301,
    6.206347679174854,
    4.086140316557733,
    9.086733844135283,
    4.522760654044958,
    1.8003920894022325,
    5.708657351123826,
    5.474885563109124,
    1.831367638963556,
    8.949257166770366,
    8.962376956846986,
    4.781203073067992,
    4.132677094117036,
    1.3435976956569549,
    2.4052983137702997,
    6.798668117069224,
    6.536691123284994,
    4.768915293839901,
    5.403261307041376,
    0.9485100499196458,
    3.6563335861972694,
    1.165486784469177,
    3.1167943831920697,
    1.7066893273301793,
    2.025057378388806,
    8.561788104417857,
    9.626596786775481,
    9.36952243326538
  ],
  "waypoint_distance_mean": 5.572872524069035,
  "waypoint_distance_std": 4.936812730307323,
  "speed": [
    7.295671065213408,
    7.640259137398928,
    8.847610975785628,
    9.508498229655531,
    9.748655047486986,
    9.427365398566948,
    8.522302962106675,
    9.817761720031276,
    10.026934886701728,
    8.039776059315178,
    8.754143965423227,
    9.225056538750973,
    10.504933024702693,
    8.962675098930397,
    11.138022492612832,
    10.319906919448481,
    11.169411505500266,
    9.250774634289726,
    9.22944756183,
    9.72581755813164,
    9.518675014562389,
    10.91839196251409,
    9.516425878519616,
    9.553323180259376,
    10.033118511735935,
    9.989915407766716,
    9.136237466116828,
    9.219306313278842,
    8.911488634640426,
    8.55106309785619,
    9.4459736394647,
    10.007292907070747,
    8.806422017095054,
    8.013247727345274,
    8.197163168096212,
    10.25321654977348,
    8.837683131540723,
    9.14054845432039,
    8.900476297705694,
    9.318033017513558,
    8.771905987757789,
    9.275466863564851,
    9.174239481985797,
    10.168729837705175,
    9.43333685341096,
    8.54554962850895,
    9.083150886808076,
    9.724689170668912,
    9.782001693844844,
    10.302533256583745
  ],
  "speed_mean": 9.353692616397955,
  "speed_std": 0.807929936142131,
  "total_reward": [
    519.8781045153153,
    415.8898953855993,
    103.24190348503184,
    1642.7615881209947,
    723.2912939393431,
    2790.5680173739743,
    541.3714059667153,
    2429.3652617771854,
    5042.12228046147,
    559.3795543158421,
    886.5486038113014,
    3485.6356934610776,
    615.8992117796347,
    2.07265680737299,
    801.2763580798465,
    5260.5689475663785,
    683.6898806374287,
    2881.101487656034,
    2497.9222308553317,
    1836.6177669969243,
    418.6782474552993,
    625.3630027819402,
    646.134565763843,
    603.5056333842242,
    2209.203855497284,
    751.6164139304458,
    1088.3569974463194,
    3353.8510196949346,
    794.6685934647974,
    55.0611532779526,
    3974.0957133728252,
    588.3538159024711,
    446.55899235308226,
    618.6241600976011,
    516.558080149504,
    4724.17320964751,
    2989.7680692747467,
    596.4029560550109,
    532.8597317119952,
    1823.0354336790858,
    467.0705248305538,
    1977.866470006984,
    1400.546813160686,
    5068.275475933667,
    2304.892495089221,
    3258.9896872807426,
    3087.3984410107823,
    600.0513540960218,
    582.8593016086376,
    753.9945090849421
  ],
  "total_reward_mean": 1611.5603372007183,
  "total_reward_std": 1443.1287957452732,
  "timesteps": [
    252,
    175,
    512,
    337,
    512,
    512,
    236,
    512,
    512,
    369,
    512,
    512,
    512,
    512,
    512,
    512,
    381,
    512,
    405,
    384,
    157,
    332,
    428,
    310,
    512,
    512,
    512,
    512,
    512,
    290,
    512,
    498,
    362,
    311,
    229,
    512,
    512,
    365,
    328,
    464,
    252,
    220,
    512,
    512,
    493,
    512,
    512,
    482,
    512,
    512
  ],
  "timesteps_mean": 427.44,
  "timesteps_std": 110.14012166327036
}