{
  "collision_rate": [
    1.0,
    1.0,
    1.0,
    0.0,
    1.0,
    1.0,
    0.0,
    1.0,
    1.0,
    1.0,
    0.0,
    1.0,
    1.0,
    1.0,
    1.0,
    1.0,
    1.0,
    1.0,
    1.0,
    1.0,
    1.0,
    1.0,
    1.0,
    1.0,
    1.0,
    1.0,
    1.0,
    0.0,
    1.0,
    1.0,
    1.0,
    1.0,
    1.0,
    1.0,
    1.0,
    1.0,
    1.0,
    1.0,
    1.0,
    1.0,
    1.0,
    1.0,
    1.0,
    1.0,
    0.0,
    1.0,
    1.0,
    1.0,
    1.0,
    1.0
  ],
  "collision_rate_mean": 0.9,
  "collision_rate_std": 0.3,
  "similarity": [
    0.9910066275968024,
    0.9360676753577222,
    0.9986604286129701,
    0.9918093320671617,
    0.998060989970099,
    0.9922992435239097,
    0.9967113530072511,
    0.9966011958019386,
    0.9974242935018349,
    0.9790862694335667,
    0.9707933933538643,
    0.9959604161541112,
    0.07534095792510447,
    -0.3895644747964857,
    0.9618180037178732,
    0.9837419063684244,
    0.9770408659349307,
    0.9663659548732145,
    0.9438587284865487,
    0.9857004919487381,
    0.9777289486688836,
    0.9512371681701574,
    0.9753275932533885,
    0.5052028076583789,
    0.9877010738937098,
    0.9571437700305001,
    0.9794258909830906,
    0.9978377508591081,
    0.9540738508312654,
    0.9518996005284555,
    0.9794896436512736,
    0.3996429659957086,
    0.9603132807729634,
    0.9701011410482547,
    0.9835848252607191,
    0.9999000748330692,
    0.9824869354346463,
    0.9710497743782819,
    0.945340342851112,
    0.8723555920874976,
    0.9981793861543523,
    0.9413184766491717,
    0.9548676554957906,
    0.9977901859152736,
    0.9926385353216222,
    0.9795350899952472,
    0.937659688696507,
    0.9702617545187086,
    0.9459832404415184,
    0.9765910849590036
  ],
  "similarity_mean": 0.9069090356435449,
  "similarity_std": 0.24569562954948082,
  "waypoint_distance": [
    1.442081692147168,
    3.227327660457182,
    0.348844857082037,
    2.298980976854567,
    0.918766732350066,
    1.0217141548172912,
    0.8013706054257218,
    0.6801621012594083,
    0.41641854585230353,
    1.5528271118156782,
    3.661584369728781,
    0.823742210384313,
    42.84337998973443,
    2.8820449318097996,
    1.8961787153642387,
    0.6928553433660601,
    1.6866644322770998,
    2.2491278289390615,
    4.853904734109253,
    3.920816885876333,
    1.737418573885339,
    1.5238872665164214,
    3.749856058697293,
    2.019358429243372,
    1.3338146265817057,
    3.156495609967106,
    2.3489248074991442,
    0.5767998902715507,
    2.232210878492546,
    2.9784625962269775,
    1.6462034854511767,
    2.4370652765431497,
    2.6062485724657622,
    2.1795382577987765,
    2.2704571473680724,
    0.38502037978855963,
    1.4206897333657893,
    1.7578352856250632,
    2.480925434288529,
    2.9413341039306413,
    0.8676670356619578,
    5.734302443802311,
    2.823627233373618,
    0.7181980562575376,
    1.8694004585195203,
    1.501338563076022,
    3.1776972420318144,
    1.4521243901459797,
    2.8524831642844366,
    1.155768426454323
  ],
  "waypoint_distance_mean": 2.843078946145306,
  "waypoint_distance_std": 5.827645211705437,
  "speed": [
    9.006516859080412,
    9.743910790339209,
    3.099205248341884,
    9.801177911200176,
    8.355921766866814,
    8.958025559026492,
    8.684317384103334,
    7.933250524512016,
    2.73226033040455,
    9.051705366925242,
    8.659245739977196,
    7.823892406484613,
    72.37924538991777,
    4.39720349474305,
    9.513731985437193,
    7.368294846253819,
    8.569560867197012,
    9.005308746404433,
    10.043036849862274,
    8.200437979733485,
    8.958159330531116,
    8.5135638272268,
    9.71674411625273,
    1.77906847064653,
    8.785324151914297,
    9.641010778026159,
    8.44103186388331,
    8.241961795451115,
    9.671107894139784,
    8.302520203478894,
    8.189157894104385,
    9.795114348448532,
    8.491997563120592,
    8.25178948752257,
    9.30116077497096,
    2.2137525412409658,
    8.55803900264515,
    8.639858770855145,
    8.893693618455426,
    11.611110333752324,
    2.9057038532939887,
    10.137532505056651,
    9.373567844557343,
    8.842373689974961,
    8.460758448606983,
    8.594234797866681,
    8.858829013147842,
    8.101248413717506,
    9.164980351377926,
    7.636647241216548
  ],
  "speed_mean": 9.427965859445885,
  "speed_std": 9.235366297562733,
  "total_reward": [
    2866.866519414316,
    -1000.0,
    80.29961120271003,
    3157.2812473204476,
    1190.6627742860283,
    2026.169430453026,
    4431.529485599081,
    1592.1295677985324,
    -911.3024822487156,
    1813.9079932879904,
    2272.850717192782,
    462.5347300680744,
    -1000.0,
    -480.0,
    2042.324067136266,
    357.55344748193545,
    1719.3109922965816,
    1359.000177602919,
    2005.517923133335,
    -1000.0,
    1565.7570125236352,
    1602.0191786535845,
    2204.2811833561045,
    -1000.0,
    903.9260200168135,
    1906.5610293413686,
    2322.2674602667294,
    4210.24607566236,
    1942.4423705617758,
    1877.7802836107876,
    1277.9070397351422,
    1842.39484934227,
    2030.6682734274877,
    1367.7984351474513,
    2489.068113264085,
    62.273291473349445,
    2155.7219164357616,
    1274.3447130291404,
    1623.3307695175506,
    -1000.0,
    73.68123469189999,
    2113.208826689299,
    1579.675990833412,
    2783.4198955740353,
    3118.4451019082103,
    1849.808819295704,
    1454.8783784561379,
    1991.5534920437647,
    1390.5176740273669,
    769.7057019484953
  ],
  "total_reward_mean": 1415.4063866571803,
  "total_reward_std": 1272.1665666799083,
  "timesteps": [
    463,
    33,
    33,
    512,
    204,
    297,
    512,
    204,
    33,
    252,
    512,
    125,
    33,
    33,
    296,
    120,
    257,
    232,
    450,
    33,
    229,
    230,
    467,
    33,
    176,
    351,
    426,
    512,
    305,
    396,
    267,
    344,
    381,
    245,
    415,
    33,
    304,
    197,
    296,
    33,
    33,
    510,
    294,
    430,
    512,
    265,
    307,
    300,
    270,
    183
  ],
  "timesteps_mean": 267.56,
  "timesteps_std": 156.11664357140145
}