{
  "collision_rate": [
    1.0,
    1.0,
    1.0,
    1.0,
    1.0,
    1.0,
    1.0,
    1.0,
    1.0,
    1.0,
    1.0,
    1.0,
    1.0,
    1.0,
    1.0,
    1.0,
    1.0,
    1.0,
    1.0,
    1.0,
    1.0,
    1.0,
    1.0,
    1.0,
    1.0,
    1.0,
    1.0,
    1.0,
    1.0,
    1.0,
    1.0,
    1.0,
    1.0,
    1.0,
    1.0,
    1.0,
    1.0,
    1.0,
    1.0,
    1.0,
    1.0,
    1.0,
    1.0,
    1.0,
    1.0,
    1.0,
    1.0,
    1.0,
    1.0,
    1.0
  ],
  "collision_rate_mean": 1.0,
  "collision_rate_std": 0.0,
  "similarity": [
    0.9546784722160371,
    0.9901115575642191,
    0.9384858304683512,
    0.9544661268146152,
    0.9557664449621524,
    0.942941617897971,
    0.9278504889250008,
    0.9759634173276388,
    0.9072692619930357,
    0.9901546330466283,
    0.9553932551758907,
    0.8547352350614431,
    0.9500148412577833,
    0.30226142796649624,
    0.9835495839502227,
    0.9369590374432226,
    0.9993156091924358,
    0.9535838879241827,
    0.9940278780974251,
    0.8071411244279109,
    0.9747071031319084,
    0.9608905128933526,
    0.9243658011894079,
    0.9110006648800852,
    0.942363725052907,
    0.952717120529394,
    0.896630172424756,
    0.9582807126340676,
    0.9924057491952127,
    0.9976555026246853,
    0.9138253168742266,
    0.09443904930988573,
    0.994700494169055,
    0.9288758250114834,
    0.9312040758217727,
    0.948199325668664,
    0.9560684651367616,
    0.9753045432376583,
    0.9486240184497138,
    0.9535787614199936,
    0.9572609123653776,
    0.975863696454521,
    0.9762739650967542,
    0.9721156991944743,
    0.9751142489268294,
    0.9829611158355758,
    0.891461007729687,
    0.9533439363490998,
    0.9495377559019098,
    0.9020697545068184
  ],
  "similarity_mean": 0.919330175274574,
  "similarity_std": 0.1529897721174839,
  "waypoint_distance": [
    2.4390571510446213,
    0.5958112133193567,
    2.228835553722073,
    1.845712301604597,
    1.6900972613446448,
    2.088879638343719,
    2.286242583613329,
    0.7933714447724549,
    3.7135299145238547,
    0.7310741390796669,
    1.6877912325528968,
    3.2280812620062194,
    1.88585420653782,
    1.919160805968212,
    0.8022465719087999,
    1.6931948482645856,
    0.7751193919752198,
    2.282577363836189,
    0.8484903956481002,
    3.3444877041521504,
    1.3156465880471846,
    1.4614996638541793,
    2.22767223848534,
    3.235722521904192,
    2.901636799841223,
    3.3427617872324524,
    2.846365231499494,
    7.190998334511971,
    1.6947678695088808,
    0.6325521245670714,
    3.1784144073076566,
    3.251796357283353,
    0.40472060582403685,
    2.391823079375496,
    3.252472608587205,
    1.6571920315974407,
    2.107770129893191,
    1.405878337037084,
    2.851956173441712,
    1.6235958102583254,
    2.8785429283381987,
    1.0929776096813262,
    2.551067413245554,
    1.585110261019274,
    1.5476059731798408,
    0.6498246311743788,
    3.015332519114392,
    1.5695908766900901,
    2.7819904394260346,
    2.192569953458122
  ],
  "waypoint_distance_mean": 2.114389405792064,
  "waypoint_distance_std": 1.138037936345596,
  "speed": [
    8.282738839182937,
    5.641386953589308,
    9.890781426182246,
    8.101006896283577,
    7.200138831872709,
    8.383699466464032,
    9.1159141685454,
    6.033469127486099,
    9.02604751139795,
    5.88398324557804,
    7.500234260783933,
    9.890742047937795,
    8.794995675600353,
    7.354821441314948,
    6.685078450213481,
    8.618364618448895,
    2.803402479752727,
    8.503751471002136,
    7.492240341361422,
    9.92055385703325,
    8.32001114166173,
    7.511181454868569,
    9.063639815483874,
    8.63041761810875,
    8.000908850982539,
    8.295935681554264,
    8.757510318121504,
    19.49176481553554,
    0.014904496353315947,
    5.503718234625866,
    9.421481037493914,
    9.813627339816891,
    5.7391434369824275,
    8.659358494811864,
    8.62070493073862,
    7.915070166655712,
    9.4672581779241,
    7.626088963423905,
    8.688535612850623,
    7.635524169443739,
    10.116311268136322,
    8.436921509861008,
    8.888665979230897,
    9.527536452268839,
    8.967569188137348,
    5.555365660800593,
    8.668922244427174,
    8.109765126183671,
    9.97648566662936,
    8.386288126098611
  ],
  "speed_mean": 8.178679341784855,
  "speed_std": 2.429834260359005,
  "total_reward": [
    1440.5279268661873,
    -52.55402437651708,
    1608.6276796461898,
    921.6421876469373,
    916.031582513019,
    1186.0871325237401,
    1221.5046440844606,
    23.796342734468794,
    1230.2126211507652,
    206.5999518195871,
    1022.7307690294356,
    -1000.0,
    1222.1732976981705,
    388.00553734507156,
    452.7629900935592,
    1162.8624383209572,
    80.82004502363822,
    1318.1890069266167,
    507.51272711733543,
    1832.4702358319291,
    1554.109874843416,
    1198.9958560255477,
    1141.2877549135972,
    1020.5751257336715,
    1358.0854001551972,
    1458.6287948189126,
    1054.8230135913886,
    -446.7188283739627,
    -540.0,
    -91.95310698792366,
    1425.7590436198468,
    443.56445620116136,
    -395.41180047740113,
    1157.356068798562,
    1197.7593624928609,
    1075.2464911953184,
    1425.2849809491704,
    1336.996623399137,
    1411.9496017169474,
    945.0977645369317,
    1634.5434204485198,
    762.877611422756,
    2480.990019764818,
    1584.6748492060538,
    1447.8322618362934,
    -79.19529424277397,
    937.3628811404376,
    1129.0179466800541,
    1429.1988995468319,
    1029.999492438271
  ],
  "total_reward_mean": 915.5748331477839,
  "total_reward_std": 686.8137786741479,
  "timesteps": [
    321,
    82,
    260,
    164,
    175,
    224,
    227,
    91,
    304,
    123,
    189,
    33,
    202,
    179,
    147,
    192,
    33,
    254,
    137,
    473,
    232,
    206,
    210,
    253,
    316,
    362,
    229,
    33,
    33,
    76,
    282,
    218,
    33,
    224,
    293,
    188,
    231,
    222,
    312,
    165,
    286,
    164,
    474,
    219,
    205,
    79,
    220,
    183,
    258,
    204
  ],
  "timesteps_mean": 204.4,
  "timesteps_std": 98.15579453093945
}