{
  "collision_rate": [
    1.0,
    1.0,
    1.0,
    1.0,
    1.0,
    1.0,
    1.0,
    1.0,
    1.0,
    0.0,
    1.0,
    0.0,
    1.0,
    1.0,
    1.0,
    0.0,
    1.0,
    0.0,
    1.0,
    1.0,
    1.0,
    1.0,
    1.0,
    1.0,
    1.0,
    1.0,
    0.0,
    1.0,
    1.0,
    1.0,
    1.0,
    1.0,
    1.0,
    1.0,
    0.0,
    0.0,
    0.0,
    1.0,
    1.0,
    0.0,
    0.0,
    0.0,
    0.0,
    1.0,
    1.0,
    1.0,
    1.0,
    1.0,
    0.0,
    0.0
  ],
  "collision_rate_mean": 0.72,
  "collision_rate_std": 0.44899888641287294,
  "similarity": [
    0.9945734621909993,
    0.8309544747837241,
    0.9895458659738926,
    0.996452661622307,
    0.9946323368783357,
    0.9918243954088398,
    0.9960648950393862,
    0.9943701005905629,
    0.9991499486514176,
    0.9969297798056921,
    0.9979442790313346,
    0.8007787924483432,
    0.532300582022117,
    0.9949173803703205,
    0.9946327108740133,
    0.9981701279534855,
    0.9972872247049156,
    0.9983433112532059,
    0.9968933083911345,
    0.7668762404931011,
    0.996240702664914,
    0.9935478660009842,
    0.9948516998206316,
    0.995240442111456,
    0.9863203191054817,
    0.9961428257765548,
    0.9974689463880467,
    0.9971778776981984,
    0.9986242765883105,
    0.9919155479268879,
    0.9916661794453657,
    0.9978519268068585,
    0.9942594247737255,
    0.9924519938641475,
    0.9991743453336284,
    0.9987036815625364,
    0.9977293326585233,
    0.9983707789471438,
    0.9960476518022309,
    0.9987373175500714,
    0.9964076841057552,
    0.9981827538808007,
    0.9961420311324362,
    0.9979826614725131,
    0.9957647806352051,
    0.9961398118465212,
    0.998239457528013,
    0.9698220661536336,
    0.988368256350575,
    0.972247267707869
  ],
  "similarity_mean": 0.973689235722523,
  "similarity_std": 0.07868870581455255,
  "waypoint_distance": [
    0.9819150404340636,
    3.313726586526204,
    1.2383636770658404,
    0.665256175106321,
    0.7139970010252469,
    1.0855205521103741,
    0.8339936457464193,
    0.7339223901636397,
    0.5553467420212881,
    1.9860260826578422,
    0.628431462719154,
    3.2777924566383474,
    4.8760462648865195,
    0.6736176747043142,
    1.3239481890297615,
    1.0763311493358416,
    0.8689662894228453,
    1.582502538245591,
    1.2616056915715068,
    4.517267756277491,
    0.9514990103869644,
    0.8452179832050902,
    0.8550912094235521,
    0.8761726380597434,
    3.2303172803950755,
    1.2728591734152024,
    1.1113690727906136,
    0.6644091545945148,
    0.7826684166067969,
    1.2737280139674907,
    1.4007074197522245,
    0.6609688053209756,
    1.8469198546034877,
    2.215609066227204,
    0.6788003119607546,
    1.0624595040346623,
    1.569362811326575,
    1.1707725418088235,
    0.9284001678938596,
    0.9387555191844712,
    2.27947473486353,
    1.1191033035010067,
    2.322966148450481,
    0.5727086134789529,
    0.8432788811881572,
    1.8545689759309085,
    1.5049931513401242,
    2.0130005533659148,
    3.9576002729163715,
    0.719887726965253
  ],
  "waypoint_distance_mean": 1.4743649536529477,
  "waypoint_distance_std": 1.0172187346779673,
  "speed": [
    9.256959325730305,
    5.853572251314242,
    10.129271157828367,
    9.56964021653934,
    9.268703183956394,
    9.95375655279656,
    9.333035106635348,
    8.87209321234921,
    9.67663863340938,
    10.642670359632351,
    8.458209014369361,
    10.975588227712525,
    15.164333949366348,
    2.3703126034509454,
    10.540002878838438,
    10.555805047056175,
    9.282483811595954,
    10.625501614951816,
    10.385588161865982,
    11.337611773304243,
    9.598566614746044,
    8.4787503090057,
    10.123238045900475,
    9.757235652119087,
    10.468610671477093,
    10.337345823128885,
    8.407534593957704,
    8.326718952655039,
    10.522625197476218,
    8.560202269181408,
    9.002480991556094,
    9.182962489044737,
    8.731401129372278,
    9.039905336522551,
    9.6792803253447,
    10.551075139807033,
    10.612968259440361,
    10.504772100672605,
    8.983975779301257,
    9.618788401488636,
    10.567010475642071,
    10.708223340934305,
    10.551222092062451,
    8.997180830109125,
    8.261819550645031,
    9.645836196029839,
    9.457546307032223,
    8.954915387218103,
    10.392458454387599,
    8.762636045140875
  ],
  "speed_mean": 9.580781276882057,
  "speed_std": 1.605684600489347,
  "total_reward": [
    3484.8554777761155,
    -1000.0,
    4231.020208156712,
    2058.4564940317546,
    1728.7346400361223,
    2031.1945063526036,
    1450.3058007992345,
    1599.0571432172278,
    3465.96687655221,
    4059.435153607999,
    2910.7363743864767,
    3796.8428730842447,
    -1000.0,
    66.94419720931464,
    2554.7559045181297,
    5393.646647494256,
    1274.0819704808127,
    5121.335213682392,
    2273.072347125724,
    2534.1135968996246,
    1053.80659094892,
    658.2466739524493,
    4219.3933011183635,
    1868.8287881046836,
    1737.4442615973126,
    1755.0345466590115,
    4293.3204616573075,
    3651.8747878139975,
    4518.770095807761,
    2004.0399949325376,
    1082.6457973034512,
    925.1453385706152,
    3265.02797926505,
    1692.893618784662,
    4951.528409829791,
    5394.650488725972,
    4941.784533317546,
    3243.0775024555696,
    1339.0441121505603,
    4918.239229672783,
    3672.009575736076,
    5471.726845055536,
    3628.024648522585,
    2433.005660022498,
    2293.7312628783993,
    3245.5057563776318,
    3690.2306572004873,
    1963.8885523148706,
    2174.075850710142,
    4349.069644743436
  ],
  "total_reward_mean": 2769.412407832819,
  "total_reward_std": 1585.3824707294868,
  "timesteps": [
    452,
    33,
    470,
    218,
    190,
    213,
    211,
    184,
    463,
    512,
    347,
    512,
    33,
    33,
    319,
    512,
    193,
    512,
    278,
    446,
    164,
    139,
    421,
    245,
    351,
    229,
    512,
    442,
    432,
    251,
    190,
    157,
    481,
    351,
    512,
    512,
    512,
    358,
    152,
    512,
    512,
    512,
    512,
    273,
    281,
    490,
    462,
    306,
    512,
    512
  ],
  "timesteps_mean": 348.52,
  "timesteps_std": 151.91434955263443
}