{
  "collision_rate": [
    0.0,
    1.0,
    1.0,
    1.0,
    1.0,
    1.0,
    1.0,
    0.0,
    0.0,
    0.0,
    0.0,
    1.0,
    1.0,
    1.0,
    1.0,
    1.0,
    0.0,
    1.0,
    1.0,
    1.0,
    1.0,
    1.0,
    1.0,
    0.0,
    1.0,
    0.0,
    0.0,
    1.0,
    1.0,
    1.0,
    1.0,
    1.0,
    1.0,
    1.0,
    0.0,
    1.0,
    1.0,
    1.0,
    1.0,
    0.0,
    1.0,
    1.0,
    1.0,
    1.0,
    1.0,
    1.0,
    1.0,
    1.0,
    1.0,
    0.0
  ],
  "collision_rate_mean": 0.76,
  "collision_rate_std": 0.4270831300812525,
  "similarity": [
    0.9964254335761411,
    0.9932392558997708,
    -0.03770031259098354,
    0.2354695770730681,
    0.9785894529377551,
    0.9995200621684707,
    0.9869605110331626,
    0.9971254453059045,
    0.9967496206324288,
    0.9982377751892977,
    0.783977796726867,
    0.9999882325204817,
    0.9824271974766109,
    0.9818817297477771,
    0.8590281032491813,
    0.9975491671298187,
    0.9943597154135432,
    0.9727392989456605,
    0.9993892298587245,
    0.9887847105026076,
    0.9810273663465643,
    0.984107097386544,
    0.9911250239649408,
    0.1380849658768225,
    0.9846751452807656,
    0.994434919436255,
    0.9986398941612225,
    0.9860557852409241,
    0.9988294455766903,
    0.8764325478411668,
    0.9882599134632615,
    0.885146463727208,
    0.9979708760958554,
    0.9999777585714811,
    0.9976611016028384,
    0.9883619194007124,
    0.9975886319139947,
    0.9700999795485161,
    0.9891805631691284,
    0.9478249322480964,
    0.998784174033234,
    0.9965965898247121,
    0.9805150791403372,
    0.8577701412366284,
    0.9065004778240496,
    0.9494193766394752,
    0.9955887548699014,
    0.891430984999255,
    0.9935385588733574,
    0.9976503446291858
  ],
  "similarity_mean": 0.9193604163143881,
  "similarity_std": 0.21096419931844684,
  "waypoint_distance": [
    1.9049887330713708,
    1.4498445711760455,
    6.808141669191719,
    2.569465430889991,
    1.6813815318901923,
    0.5669779056573659,
    0.9777625360873435,
    0.6711967961313894,
    1.473970623222595,
    0.7974968749884241,
    4.050767306956938,
    1.4839102837082228,
    0.936097954327086,
    1.3303115154081138,
    2.5685006921378837,
    0.5924680119606404,
    1.0302487960163613,
    3.0027801252999913,
    1.0861481273444524,
    0.6657405601152707,
    1.611268435855957,
    3.030597476573425,
    2.338876006569139,
    5.21948334397901,
    0.7488896302412521,
    1.8410475397422312,
    0.9164603728244356,
    1.8837309901210066,
    0.727038575365368,
    2.3614991902859024,
    0.929734311049778,
    2.384543100003662,
    0.7275500406281152,
    0.612959898307741,
    1.4967142950061945,
    1.8451000266036928,
    1.1676619999704458,
    3.137786520403926,
    1.958609985215352,
    5.206840707287035,
    0.6055572949583221,
    0.9092615684495756,
    1.4555203977416045,
    2.209038921856886,
    2.454075164156491,
    2.157353757910332,
    1.2596070304895395,
    1.5061774877452787,
    1.1152676188254969,
    0.8958111197002016
  ],
  "waypoint_distance_mean": 1.8072452570689757,
  "waypoint_distance_std": 1.2775856699750772,
  "speed": [
    8.541028318536622,
    8.735899552279458,
    8.529860052367967,
    9.494501378417695,
    9.59739415267682,
    5.34715606867917,
    8.73291535853431,
    8.1588478429953,
    9.400713073797524,
    9.587771462936345,
    9.540377999223685,
    1.751225732651413,
    8.696753363844715,
    9.329025731945283,
    9.061730101936131,
    7.337176249729163,
    8.72493187333119,
    8.366529563381318,
    1.1160402387906285,
    7.860267777402718,
    8.921348151827399,
    9.031849483720361,
    8.95002798202536,
    8.586244155288695,
    6.2645185209945895,
    7.703070190831177,
    7.666394334067732,
    7.733392182702817,
    7.783363254353505,
    9.65359160868473,
    1.825438413476202,
    9.493619609813322,
    7.71368871336012,
    1.0965494370465847,
    8.917850121852602,
    7.91281278993287,
    7.478388424675191,
    9.41430706599959,
    8.780712143102647,
    9.417238858525604,
    7.514436889217071,
    7.724103470272686,
    8.631558386062421,
    9.83903822175005,
    9.460794343290367,
    8.051015681163397,
    2.353093085556743,
    8.106137306665035,
    7.363873845330995,
    9.175438963592155
  ],
  "speed_mean": 7.80948083057279,
  "speed_std": 2.2469943382070756,
  "total_reward": [
    3229.5725280359993,
    2289.820699173267,
    1257.4785712168841,
    1092.7183085418212,
    2319.289077794817,
    239.7271216033497,
    1651.3380004115907,
    4166.832212755639,
    4199.381926098257,
    4899.8331445154445,
    2979.8307346029787,
    -1000.0,
    3431.481420952787,
    4183.175539250563,
    2287.0414504632454,
    1077.8495937750754,
    4374.272379747077,
    2316.541204435831,
    -473.4080630381874,
    1538.6566175026696,
    2022.9520813625777,
    1929.266531890644,
    2621.8854814551505,
    1886.475161314893,
    1524.9802792135422,
    2978.2698141558326,
    3919.3691426395962,
    1794.3901403261561,
    287.6415618557819,
    1959.8062887419164,
    -1000.0,
    2090.9556607927398,
    3736.66411932177,
    -1000.0,
    4319.866743712982,
    2530.430522211647,
    2258.686977268949,
    1823.5419577324662,
    1164.266152668808,
    1970.3261833262932,
    2409.723009495267,
    2719.326888207737,
    2039.5523735582087,
    2235.086205441817,
    1897.4421494521994,
    1366.3884863671847,
    -1000.0,
    3027.5398612495496,
    1510.3239130945176,
    4687.773251286718
  ],
  "total_reward_mean": 2115.487268119681,
  "total_reward_std": 1467.9898614990852,
  "timesteps": [
    512,
    449,
    482,
    312,
    373,
    140,
    264,
    512,
    512,
    512,
    512,
    33,
    405,
    509,
    393,
    217,
    512,
    497,
    33,
    201,
    288,
    418,
    473,
    512,
    251,
    512,
    512,
    416,
    167,
    370,
    33,
    356,
    488,
    33,
    512,
    435,
    371,
    377,
    360,
    512,
    389,
    356,
    292,
    404,
    318,
    255,
    33,
    465,
    209,
    512
  ],
  "timesteps_mean": 360.18,
  "timesteps_std": 150.64855658120325
}