{
  "collision_rate": [
    1.0,
    1.0,
    1.0,
    0.0,
    1.0,
    1.0,
    1.0,
    1.0,
    1.0,
    0.0,
    1.0,
    1.0,
    1.0,
    1.0,
    1.0,
    0.0,
    1.0,
    0.0,
    1.0,
    1.0,
    1.0,
    1.0,
    1.0,
    1.0,
    1.0,
    1.0,
    1.0,
    1.0,
    1.0,
    1.0,
    1.0,
    1.0,
    1.0,
    1.0,
    1.0,
    1.0,
    1.0,
    0.0,
    1.0,
    1.0,
    1.0,
    1.0,
    1.0,
    1.0,
    1.0,
    1.0,
    1.0,
    1.0,
    1.0,
    1.0
  ],
  "collision_rate_mean": 0.9,
  "collision_rate_std": 0.3,
  "similarity": [
    0.8417512074394515,
    0.8892207692389831,
    0.9837017442306664,
    0.45909487293742657,
    0.9599155451989153,
    0.9272061574916959,
    0.8839946961913333,
    0.9939422274274801,
    0.8434698515420961,
    0.8942505470555495,
    0.7456788276530132,
    0.9889361173832562,
    0.9014957439822183,
    0.9902079346076399,
    0.8953776646425005,
    -0.46187123664711344,
    0.8112112157905551,
    -0.39724578165047464,
    0.9754879698970984,
    0.9288816386076788,
    0.9686676746543592,
    -0.27876088139987326,
    0.9432327507536381,
    0.8800244428247519,
    0.921050897728371,
    0.9994030758081272,
    0.9976195819747654,
    0.9992761584962879,
    0.9306752806693765,
    0.9999443885712828,
    0.9998282765259338,
    0.9949494305867821,
    0.9962076656998795,
    0.9054492016063028,
    0.13533161664274398,
    0.9797406820006013,
    0.8819367007609473,
    0.5297104026431299,
    0.9782116762773483,
    0.9975434589366063,
    0.968972797647721,
    0.9005338855964127,
    0.9168401964663584,
    0.36620871441816166,
    0.9116914265815709,
    0.9797263838634476,
    0.9949469425014069,
    0.6266721749499786,
    0.6391518874897518,
    0.4702545602250813
  ],
  "similarity_mean": 0.7917949832904244,
  "similarity_std": 0.34843668973377073,
  "waypoint_distance": [
    4.653720607360002,
    6.3896579512566545,
    0.3068806623535008,
    13.620005214179466,
    2.1328112621653545,
    5.333884998804356,
    6.544768452936409,
    0.6120948991608638,
    8.813797645705428,
    2.8419616849064653,
    5.119787318880715,
    0.6778850976392404,
    6.573387874568055,
    0.6597027819648761,
    6.82505210687943,
    40.02347574742357,
    2.805786577998044,
    41.05902717541383,
    1.142891851282741,
    8.009249116609528,
    1.3751698321050434,
    11.202906096998358,
    3.885341328738978,
    5.210118104864778,
    6.343126303498071,
    1.0162189858652655,
    0.6326912905473159,
    0.41251227045618194,
    2.632682625389916,
    0.30513921761492646,
    0.18248255929290208,
    0.608233745965458,
    1.016091571450992,
    8.984554948052281,
    5.510592418357184,
    0.9575069148509745,
    5.737082900472528,
    17.611035771188416,
    1.0247389004186982,
    3.4275554110920226,
    1.014733427895839,
    8.090944882996341,
    3.01437999126685,
    16.586678877787268,
    3.4154006850901903,
    3.534058435086796,
    0.652823591213418,
    8.358231131099963,
    4.914212509180555,
    5.5952033841850985
  ],
  "waypoint_distance_mean": 5.947965542810222,
  "waypoint_distance_std": 8.133239820229763,
  "speed": [
    7.671411500694197,
    9.502172086185372,
    1.8966196163979074,
    9.962014447467244,
    8.72679483706765,
    9.605401147314641,
    9.537147472412968,
    7.607474069888148,
    10.148183397046662,
    10.011688596418997,
    9.62527702658953,
    5.687385042286021,
    10.228101151562923,
    5.345907072752848,
    9.48748386529441,
    9.692645092477306,
    9.944050368889503,
    10.193983349108931,
    7.866773277767529,
    10.065138970038197,
    7.5821206797023,
    9.67421194765437,
    9.748225976143273,
    9.850514273097573,
    8.950171705974906,
    3.4772282368414826,
    9.534843308600504,
    1.2342044713943756,
    8.377170905468784,
    1.6810037805102027,
    2.387131273787614,
    6.273405946863576,
    3.7192489246225553,
    9.46972799853723,
    9.887422151173565,
    6.532600697643832,
    9.452227122496316,
    11.251294393643258,
    7.909640118891423,
    6.441017042211144,
    6.749653533023136,
    10.019494400534295,
    8.754240360499688,
    9.185834148562877,
    8.838866956425363,
    6.475476004870844,
    6.092106518438735,
    10.020817572163994,
    13.687255901843606,
    2.135030568399696
  ],
  "speed_mean": 7.963956786153631,
  "speed_std": 2.7406995520435298,
  "total_reward": [
    -37.999517490419464,
    505.29968591401837,
    38.03131651922375,
    1117.2672089263842,
    1661.1874112916341,
    1626.1654575174446,
    1215.23957305788,
    736.3191136316373,
    1246.4910779930578,
    2627.495360161723,
    1700.551464656529,
    97.17897993223619,
    1676.4281235909905,
    -43.66597719484804,
    1314.2426118544795,
    -5.832799972959847,
    2031.0628099306282,
    -4.739601054691656,
    1471.2319912455378,
    940.3604861111659,
    659.2682661288982,
    446.67356040158893,
    1742.8068115373155,
    1241.0250379443178,
    -44.37880583625764,
    -311.6587822877302,
    297.7668525430263,
    -1000.0,
    -1000.0,
    -1000.0,
    -422.0840707221305,
    393.76630837293465,
    -310.15250082244916,
    468.0407600349923,
    1111.1725511304737,
    954.5574101799665,
    1197.807209107757,
    482.7277811767061,
    966.8181646714099,
    -1000.0,
    914.5840267846378,
    445.60160340429303,
    1169.0933161501302,
    24.546678231097765,
    1182.6594139390154,
    338.30450209498605,
    205.90455655523783,
    1185.0704014996588,
    -1000.0,
    -5.9067451565829785
  ],
  "total_reward_mean": 584.9265816736989,
  "total_reward_std": 849.1589858716974,
  "timesteps": [
    278,
    327,
    33,
    512,
    300,
    464,
    400,
    165,
    485,
    512,
    381,
    108,
    464,
    88,
    453,
    512,
    461,
    512,
    218,
    433,
    182,
    455,
    377,
    332,
    299,
    56,
    33,
    33,
    33,
    33,
    33,
    145,
    53,
    412,
    436,
    154,
    439,
    512,
    211,
    33,
    149,
    335,
    266,
    396,
    285,
    141,
    118,
    393,
    33,
    33
  ],
  "timesteps_mean": 270.32,
  "timesteps_std": 171.61531866357385
}