{
  "collision_rate": [
    0.0,
    0.0,
    0.0,
    0.0,
    0.0,
    0.0,
    0.0,
    1.0,
    0.0,
    0.0,
    0.0,
    0.0,
    0.0,
    1.0,
    0.0,
    0.0,
    0.0,
    0.0,
    0.0,
    1.0,
    0.0,
    0.0,
    1.0,
    0.0,
    1.0,
    1.0,
    0.0,
    0.0,
    1.0,
    0.0,
    0.0,
    0.0,
    0.0,
    0.0,
    0.0,
    1.0,
    0.0,
    0.0,
    1.0,
    0.0,
    0.0,
    0.0,
    0.0,
    0.0,
    0.0,
    0.0,
    0.0,
    0.0,
    0.0,
    0.0
  ],
  "collision_rate_mean": 0.18,
  "collision_rate_std": 0.38418745424597095,
  "similarity": [
    0.9957936082348274,
    0.9427235018473737,
    0.9874659444014665,
    0.9822867596641258,
    0.9855556661262418,
    0.9885418836600244,
    0.9809969560402109,
    0.974522162013968,
    0.9506998510041855,
    0.9940657086823306,
    0.9868268175439951,
    0.9971313923665187,
    0.9934449521529618,
    0.8677572916280921,
    0.9937504258014717,
    0.9901860394142717,
    0.9894995217911245,
    0.9881214058748587,
    0.9911508062939683,
    0.9892356634353668,
    0.9929285088814132,
    0.9925057301335162,
    0.9741614414269372,
    0.9914896467870203,
    0.9822870642073341,
    0.9876900530712175,
    0.9941812994798652,
    0.9939391654148101,
    0.9790574531032891,
    0.9582734370830911,
    0.9850475739525147,
    0.988174840009452,
    0.9895221874260202,
    0.9903021299351535,
    0.9925218260335805,
    0.9661095180008554,
    0.9920439148989135,
    0.9815398944535992,
    0.9728056581399601,
    0.987768951850647,
    0.8832592271315949,
    0.9929232525719313,
    0.9967698942724661,
    0.9927506827466692,
    0.9911200449388372,
    0.982969614492897,
    0.9954257437898248,
    0.9861868558428709,
    0.9906530106195209,
    0.9811920690630784
  ],
  "similarity_mean": 0.9811071409547253,
  "similarity_std": 0.024257671930850943,
  "waypoint_distance": [
    7.360923217823616,
    14.356538055182146,
    2.7028085442356717,
    1.5388514992402904,
    1.4132617318549736,
    2.2848334871184104,
    1.7628281004543103,
    2.7013563167284893,
    4.521895101297139,
    0.8567346447357418,
    1.2522321129104617,
    5.551263470435261,
    0.8588696762438005,
    5.943987873888096,
    3.3816929263865747,
    1.018426705353071,
    6.933695202125723,
    7.601286208190335,
    5.24211459835628,
    0.9413690469717919,
    7.067376893677786,
    0.9349088121473865,
    1.7167317221985123,
    1.0210924703154862,
    3.344324513000836,
    0.9633586271328755,
    18.996852175043447,
    5.133600498260293,
    1.439214776009585,
    2.8398916363338707,
    7.574147099278573,
    0.9674889329682825,
    2.841041718333182,
    1.0652812396702929,
    5.224615174088031,
    1.2713017244469562,
    9.269667861800198,
    1.6456471976713163,
    2.9473188356759503,
    1.3018961163210905,
    5.9652573679348215,
    7.736867980506736,
    7.148695820850226,
    7.692177639128231,
    5.306744186671404,
    1.4609704122801523,
    8.346461091798494,
    1.3416656174526966,
    5.242718004664975,
    1.9793123356381737
  ],
  "waypoint_distance_mean": 4.160231940016641,
  "waypoint_distance_std": 3.625345616566219,
  "speed": [
    9.150785667463662,
    11.178517480362872,
    9.612954287674004,
    8.950049641301218,
    8.903092227230063,
    8.070854716199547,
    8.281904088890261,
    9.288872627166581,
    9.076458744166986,
    8.721112902064927,
    8.77672987232867,
    9.32061746724277,
    8.586885031218186,
    8.794887140629275,
    9.869757040728004,
    8.971068798083254,
    10.768141792319865,
    10.211909270861335,
    9.206450935314816,
    8.660352721121344,
    9.275352417148541,
    8.969069319965845,
    8.266375380533589,
    8.955795034610702,
    7.065991540445353,
    6.899269716870612,
    8.787001802937631,
    9.508108776938094,
    8.510181344291091,
    8.374582894440238,
    11.138869589819192,
    8.440911793739554,
    9.233165555287671,
    9.038339767580597,
    9.475596348325222,
    8.783164421307788,
    9.285603826289073,
    8.811637934634588,
    9.658498598679088,
    8.440544867590454,
    9.089581826911239,
    9.678372846300006,
    8.954350481481496,
    9.792400866445723,
    9.48687019316508,
    8.93430170348346,
    9.124966165046827,
    8.804275437712736,
    9.311013943968332,
    10.358106805919123
  ],
  "speed_mean": 9.09707407308473,
  "speed_std": 0.7902732694226884,
  "total_reward": [
    655.6693442357172,
    417.07898428643324,
    2601.67342219982,
    3692.2374196856445,
    3770.249010116676,
    2638.823034994594,
    3308.545410041765,
    2338.512750962535,
    1984.0905859706356,
    4383.778226020285,
    3873.560331582353,
    814.5340393458425,
    4301.661135256364,
    1389.1737917200232,
    2975.828143507273,
    4346.032738367447,
    764.3251878743948,
    747.4936578739716,
    853.2560908581012,
    3588.5828246582814,
    715.6609162991332,
    4441.0829898027905,
    3154.4848990635974,
    4336.767592755113,
    339.00375938185203,
    1353.5475809206664,
    394.7837158892547,
    900.8072958137795,
    2975.4178082655408,
    2802.8403912203453,
    762.8505105623354,
    4235.50968598866,
    2319.7338161897787,
    4214.626913505591,
    886.7967492892158,
    1405.5234933258218,
    550.9518521292335,
    3600.38597876906,
    2288.9579764159157,
    3707.5200444328802,
    1885.2338675841768,
    625.360115099515,
    663.9695540885978,
    677.1904966488846,
    870.5021081139314,
    3760.049072621089,
    492.66031749819854,
    3803.527545154762,
    874.109761512349,
    3752.505685198704
  ],
  "total_reward_mean": 2244.7493724619785,
  "total_reward_std": 1435.2241658340483,
  "timesteps": [
    512,
    512,
    512,
    512,
    512,
    512,
    512,
    427,
    512,
    512,
    512,
    512,
    512,
    442,
    512,
    512,
    512,
    512,
    512,
    443,
    512,
    512,
    478,
    512,
    134,
    202,
    512,
    512,
    416,
    512,
    512,
    512,
    512,
    512,
    512,
    196,
    512,
    512,
    420,
    512,
    512,
    512,
    512,
    512,
    512,
    512,
    512,
    512,
    512,
    512
  ],
  "timesteps_mean": 483.0,
  "timesteps_std": 81.54900367263845
}