{
  "collision_rate": [
    1.0,
    1.0,
    1.0,
    1.0,
    1.0,
    1.0,
    0.0,
    0.0,
    1.0,
    1.0,
    0.0,
    0.0,
    1.0,
    1.0,
    1.0,
    1.0,
    1.0,
    1.0,
    1.0,
    1.0,
    1.0,
    1.0,
    1.0,
    1.0,
    1.0,
    1.0,
    1.0,
    1.0,
    1.0,
    0.0,
    1.0,
    0.0,
    1.0,
    1.0,
    1.0,
    1.0,
    1.0,
    1.0,
    1.0,
    1.0,
    1.0,
    1.0,
    1.0,
    1.0,
    1.0,
    1.0,
    1.0,
    1.0,
    1.0,
    1.0
  ],
  "collision_rate_mean": 0.88,
  "collision_rate_std": 0.3249615361854384,
  "similarity": [
    0.9940061931130295,
    0.9781412243439467,
    0.8506787738368383,
    0.27767239640060043,
    0.9950166537759534,
    0.909109158261156,
    0.7789901190615857,
    0.8197809006465149,
    0.9974045302563066,
    0.9745545195488222,
    0.8824837575664335,
    0.7911835102536162,
    0.9433001824356562,
    0.9655758466399899,
    0.9402686410628096,
    0.9937306230287984,
    0.990819504360738,
    0.9804193883824692,
    0.9945495338942291,
    0.7617132662143749,
    0.9775010955804,
    0.9733081222120453,
    0.9119665279721721,
    0.99474821344714,
    0.8591824034361599,
    0.9950554992990648,
    0.9941299539879742,
    0.9877502577011713,
    0.835823754564278,
    0.9855116184017655,
    0.9261656089227779,
    0.9845826231338166,
    0.9912199029030593,
    0.7933828158608393,
    0.9639270976438806,
    0.8194367875374066,
    0.9788001552635832,
    0.9963331165232574,
    0.9967435226494801,
    0.992490166275612,
    0.9889388341885407,
    0.9906926588285111,
    0.9946891659589842,
    0.8686815318778556,
    0.9840309362033333,
    0.8566521296502779,
    0.9872171674034129,
    0.9886126312152014,
    0.9936798162327477,
    0.9960204417829098
  ],
  "similarity_mean": 0.9285334655948307,
  "similarity_std": 0.11660892969781675,
  "waypoint_distance": [
    0.9923108477601751,
    2.0996715472680485,
    3.004439064084125,
    3.5826820579505485,
    0.5995545545428111,
    1.5577801426744,
    3.4769920650854087,
    5.07949541972401,
    0.7017757588459962,
    1.7133935091737504,
    3.024139205093954,
    3.2507852296252047,
    1.2293692382428132,
    1.7875420308842724,
    1.4013067747656338,
    0.7856786961457409,
    0.8799540419879472,
    1.1732821029442837,
    0.719674462370274,
    3.1158055972176886,
    2.669575309527873,
    1.2203522528324295,
    1.2553084561502934,
    0.6946748559950164,
    1.9033584408666815,
    0.7400778915135796,
    0.6409337702283167,
    1.2698671901193748,
    2.7129836621665007,
    2.4050294669625725,
    1.4812522801836032,
    1.357319738155906,
    0.8646189214896093,
    2.787820526395992,
    1.4678504805248433,
    1.6209730740879673,
    1.434876818677521,
    0.7476887680494275,
    0.7926892665926812,
    0.8059279398860275,
    1.0962195459779518,
    1.1343416773446398,
    0.6164293431380412,
    1.9363867636456114,
    1.5421047684572553,
    1.5738742935061016,
    0.998990502237819,
    1.1846014109034462,
    0.8497612317291829,
    0.8510912304309899
  ],
  "waypoint_distance_mean": 1.616652244483287,
  "waypoint_distance_std": 0.9656858906039903,
  "speed": [
    7.414617859018857,
    7.157064533384135,
    8.382980272116797,
    7.69823582748656,
    6.181743542495086,
    8.586247284000605,
    9.994628884902752,
    10.026194549657708,
    8.723627011208537,
    7.534600678892945,
    9.04105771862448,
    9.739175470078749,
    6.041117105871617,
    9.558855557784964,
    9.00955681295957,
    7.992146003638939,
    9.150750146305871,
    7.361472875374606,
    6.21671370542481,
    9.85943726528373,
    8.169570407897075,
    8.921089944641766,
    9.724935803626678,
    7.84882017800946,
    8.176598448423345,
    7.537704583293281,
    6.720057076001636,
    7.327005969923882,
    8.84663538390658,
    9.037979933077906,
    9.981969584192706,
    8.894631229744874,
    8.058165508457877,
    6.835354702380395,
    9.428820386632212,
    9.329589387421574,
    6.726483096030772,
    8.613561114138871,
    7.929138946776035,
    8.927555508812809,
    9.01489100038128,
    9.311725348203046,
    7.36188297096671,
    8.887753302914582,
    8.281489182982877,
    9.65029774545688,
    7.863478160169226,
    8.352682266185894,
    9.306526320035903,
    7.5359048591196345
  ],
  "speed_mean": 8.365450429086343,
  "speed_std": 1.0623838063940099,
  "total_reward": [
    2710.227298564929,
    2525.040396901961,
    2601.900002365959,
    1552.293669404256,
    1558.6673957402481,
    2348.1933755124073,
    2426.0983819979783,
    2583.8197061956007,
    1874.313881851975,
    2444.253079419894,
    3065.2999553974473,
    3256.833769985399,
    1519.7010681189838,
    3853.3170880295875,
    2914.541897393872,
    3003.8011744646756,
    3319.160267027483,
    2644.512776434199,
    1449.51477490014,
    2694.031797768894,
    1482.8551132461812,
    3490.640652747188,
    4075.485681741371,
    2774.64187743519,
    2805.430937502012,
    2645.907106576078,
    1672.547722890099,
    2950.0725804897993,
    2709.5495944016507,
    2794.4270574585107,
    4082.208728736739,
    4378.404057057256,
    3101.2441028634826,
    715.5251878394299,
    3692.8109441071524,
    2438.4087992934155,
    2175.840942494311,
    3028.3476607242183,
    1734.1396356576367,
    2642.6619001222853,
    2461.962069141327,
    3820.4632438492545,
    1600.5403294644095,
    3056.681330744045,
    2610.4678272001374,
    2856.9149266627765,
    2190.50978390498,
    3604.9606140059304,
    3149.34795049697,
    1918.1981984195256
  ],
  "total_reward_mean": 2660.134366294985,
  "total_reward_std": 770.8791847870546,
  "timesteps": [
    371,
    512,
    505,
    455,
    256,
    343,
    512,
    512,
    218,
    431,
    512,
    512,
    306,
    501,
    383,
    381,
    369,
    415,
    237,
    435,
    338,
    448,
    506,
    358,
    488,
    355,
    253,
    468,
    476,
    512,
    493,
    512,
    394,
    218,
    443,
    386,
    396,
    355,
    222,
    301,
    298,
    417,
    221,
    481,
    391,
    380,
    298,
    440,
    343,
    258
  ],
  "timesteps_mean": 392.3,
  "timesteps_std": 93.80517043319094
}