{
  "collision_rate": [
    1.0,
    1.0,
    1.0,
    1.0,
    1.0,
    1.0,
    1.0,
    1.0,
    0.0,
    1.0,
    1.0,
    0.0,
    1.0,
    1.0,
    1.0,
    1.0,
    1.0,
    1.0,
    1.0,
    1.0,
    1.0,
    1.0,
    1.0,
    1.0,
    0.0,
    1.0,
    1.0,
    0.0,
    1.0,
    1.0,
    1.0,
    1.0,
    1.0,
    0.0,
    1.0,
    1.0,
    1.0,
    1.0,
    1.0,
    1.0,
    1.0,
    1.0,
    1.0,
    0.0,
    0.0,
    1.0,
    0.0,
    1.0,
    1.0,
    0.0
  ],
  "collision_rate_mean": 0.82,
  "collision_rate_std": 0.38418745424597095,
  "similarity": [
    0.9974981907706086,
    0.9933451076892423,
    0.6911882454178997,
    0.9932495717495478,
    0.9725767864338509,
    0.9954958839749227,
    -0.9985964930331973,
    0.9768381834870162,
    0.9969134749748554,
    0.7121491595805161,
    0.9974245839567862,
    0.9818812205975581,
    0.997483543981371,
    0.9553085768611308,
    0.9995124494018417,
    0.9981708914215491,
    0.9959244136978591,
    0.9023454216503498,
    0.15564640147615266,
    0.9943709530413004,
    0.994890244919446,
    0.9727642769885056,
    0.9986491923641588,
    0.9958683564603085,
    0.9900937889271595,
    0.9639614493656427,
    0.9969934274434086,
    0.9761724582136493,
    -0.6755922958221978,
    0.8950827710267513,
    0.991217438850634,
    0.993111288524214,
    0.9948345297590574,
    0.9777340807981274,
    0.9820017215691664,
    0.9999252556147008,
    0.9995524268529464,
    0.9978597271320157,
    0.9758258761977753,
    0.9946629480503725,
    0.621468585353892,
    0.8724646493315402,
    0.8780499859032508,
    0.9928701087531379,
    0.9821840819863432,
    0.9897500725978082,
    0.6923080430744448,
    0.9706413012722679,
    0.9879737832946696,
    0.9922574540943444
  ],
  "similarity_mean": 0.8660860719205741,
  "similarity_std": 0.3767185049844219,
  "waypoint_distance": [
    0.5808707234199152,
    1.1537048577813762,
    7.0178395446650015,
    0.5640134598621569,
    7.974547973969416,
    1.2339790072951928,
    8.820562830392685,
    0.8776653850931091,
    1.0330896273845667,
    3.9910152567893746,
    0.613074403587468,
    3.3926295892003444,
    0.710501908959883,
    1.5830713554652875,
    0.4049803389105699,
    0.5615513331872761,
    0.6338829155296098,
    10.330780342967826,
    2.580631805819134,
    0.5292466109757386,
    0.845956914737033,
    0.8655107047575634,
    0.11009006834755694,
    0.7288831436138524,
    1.418783180186464,
    0.9556575008019259,
    0.530501007839192,
    4.064507709008581,
    13.473627462132379,
    1.457356009803348,
    0.6512997326531097,
    1.8666725723908644,
    0.42668146647051497,
    3.4200877268151397,
    4.13102521300818,
    0.37400027415611575,
    0.527816973326875,
    0.5122323044212136,
    2.7731847032910633,
    0.5350716196010799,
    5.6443575566582345,
    3.383318537966262,
    2.711206698321344,
    2.4152967954220554,
    3.3808468992995215,
    2.2768628546496203,
    8.527788691764218,
    2.138506935141501,
    1.469328432978499,
    2.1595474958121166
  ],
  "waypoint_distance_mean": 2.5672729291326273,
  "waypoint_distance_std": 2.88427268725054,
  "speed": [
    6.215549231825092,
    9.194672312763629,
    8.148324322870776,
    4.930565675108131,
    18.346685899048758,
    1.009652522634578,
    8.404826186391185,
    7.263922045662617,
    10.010868365711367,
    17.114957526706622,
    7.5677111265277315,
    9.59307472375351,
    4.696023447564427,
    7.326933525236727,
    1.9972472605666594,
    6.821329399271139,
    5.835276339110981,
    24.749355000309556,
    13.837509513232737,
    1.3316203901750074,
    7.77729849590315,
    4.329243065791873,
    1.1194962625802514,
    7.625161236340942,
    4.865063151693846,
    6.032149127693107,
    3.972240781657977,
    9.342192621286571,
    57.743440837529235,
    0.03378284227561229,
    8.098688087257282,
    8.532453159816333,
    1.8843528127335674,
    9.37121984369318,
    12.264854193951576,
    1.759522290624878,
    4.882499313647039,
    5.971283418162394,
    9.005129130640363,
    4.829093470833766,
    22.801051590993307,
    10.143843363672454,
    9.291870470920076,
    9.657164318488471,
    9.711965274981782,
    8.939376952360393,
    9.492575491921095,
    8.924316078563177,
    8.966917643104786,
    9.582652917667858
  ],
  "speed_mean": 9.026940061225154,
  "speed_std": 8.498220231193004,
  "total_reward": [
    1137.2121180084544,
    1967.6645374223785,
    1548.6411125750033,
    0.5815039728691431,
    -460.3934032043666,
    -620.0,
    -165.6499705506255,
    907.378214308023,
    4941.936918835106,
    -990.9113989970214,
    643.2016717655338,
    2413.4555134358698,
    1247.1382496185759,
    1060.2623456655224,
    54.806781590231935,
    538.4092053008051,
    361.61170624979377,
    -1000.0,
    -967.9807954376286,
    -476.917517172601,
    1195.490136382349,
    -1000.0,
    -1000.0,
    937.744359546115,
    2145.4589051545445,
    -292.15996716706866,
    -246.80039695726526,
    2027.6599785326118,
    -1000.0,
    -1000.0,
    653.8179126657192,
    2336.8534675084925,
    -1000.0,
    2545.573213112531,
    -1000.0,
    37.08322972524734,
    -108.5472286264208,
    200.46711419361327,
    1714.6962594836077,
    -134.72886204668873,
    -1000.0,
    -1000.0,
    1307.0543618714385,
    3180.528033368074,
    2490.53964275989,
    2551.449338196228,
    1585.9617307922767,
    2543.3592541783178,
    867.8230677214663,
    3426.3277554876813
  ],
  "total_reward_mean": 702.1219619853738,
  "total_reward_std": 1427.1312018193594,
  "timesteps": [
    266,
    293,
    452,
    104,
    33,
    33,
    222,
    204,
    512,
    33,
    153,
    512,
    374,
    202,
    33,
    154,
    150,
    33,
    33,
    33,
    221,
    33,
    33,
    191,
    512,
    129,
    66,
    512,
    33,
    33,
    84,
    446,
    33,
    512,
    33,
    33,
    82,
    119,
    359,
    78,
    33,
    33,
    255,
    512,
    512,
    437,
    512,
    412,
    267,
    512
  ],
  "timesteps_mean": 217.12,
  "timesteps_std": 184.26954604600294
}