{
  "collision_rate": [
    1.0,
    0.0,
    0.0,
    1.0,
    0.0,
    0.0,
    1.0,
    0.0,
    0.0,
    1.0,
    0.0,
    0.0,
    0.0,
    0.0,
    0.0,
    0.0,
    1.0,
    0.0,
    1.0,
    1.0,
    1.0,
    0.0,
    1.0,
    1.0,
    0.0,
    0.0,
    0.0,
    0.0,
    0.0,
    1.0,
    0.0,
    0.0,
    0.0,
    1.0,
    1.0,
    0.0,
    0.0,
    1.0,
    1.0,
    1.0,
    1.0,
    1.0,
    0.0,
    0.0,
    1.0,
    1.0,
    1.0,
    1.0,
    0.0,
    0.0
  ],
  "collision_rate_mean": 0.44,
  "collision_rate_std": 0.4963869458396343,
  "similarity": [
    0.9909024459128185,
    0.9547713026682546,
    0.669055020120356,
    0.8025539891191548,
    0.9904784092113192,
    0.9756326703669541,
    0.9923128808593924,
    0.9597340304282791,
    0.9974539188478782,
    0.9808808879119025,
    0.9805408702978048,
    0.9928171964633097,
    0.9455767278587662,
    -0.035804204659404724,
    0.9773132562890599,
    0.9688623732547453,
    0.9818722306713235,
    0.9762423799680272,
    0.9807271821901972,
    0.9475439841468496,
    0.994522255742183,
    0.9949926973869558,
    0.982223121343884,
    0.9776188794539316,
    0.9861850463233591,
    0.9076541154762634,
    0.982591533975432,
    0.9807068549761687,
    0.9893394016327453,
    0.9849613591331773,
    0.9959246933191912,
    0.9759707590329644,
    0.9817062036376265,
    0.9934361411583038,
    0.9922831053677914,
    0.996575014367247,
    0.9892239338177367,
    0.980891457886752,
    0.9747858223119759,
    0.9548336663585312,
    0.9729785463858872,
    0.9958577006135015,
    0.9939760934569273,
    0.9962123859118275,
    0.9699695814069451,
    0.9865594778441488,
    0.9752203134253016,
    0.9603415624003028,
    0.9815333287983388,
    0.8948149302654969
  ],
  "similarity_mean": 0.9474671507027579,
  "similarity_std": 0.1501632823929017,
  "waypoint_distance": [
    3.428994523026026,
    10.165908325848376,
    17.721197785139022,
    3.822926907566773,
    7.592488791341481,
    3.192587587933172,
    4.435767457581038,
    3.1153893893500917,
    0.8095693328326082,
    6.294998012080402,
    6.144036812692923,
    1.752553872338184,
    9.221732972965,
    33.59228175575403,
    9.350610325079957,
    3.7344524604721436,
    7.829936777785234,
    3.5469167792867933,
    2.1370265874131467,
    2.524339763438554,
    5.830244114065933,
    8.494931853303932,
    7.760728094279494,
    6.4615517277195424,
    2.159237859089964,
    8.44774648364191,
    5.703984514997008,
    2.7496332756799853,
    5.421299740124551,
    6.48944762017437,
    0.9243105813295556,
    9.139687511528223,
    8.283178903399868,
    4.289659297115537,
    4.245537160942801,
    1.1982278320200095,
    2.1905446911379967,
    7.437812402600693,
    7.227538481635327,
    4.242431952664138,
    5.233852373036605,
    1.808478607018916,
    4.804877104492215,
    0.6889505938012007,
    2.9116907005460044,
    1.80751975053715,
    1.8043811594101054,
    7.792325102006696,
    8.02442071511258,
    9.131838977144849
  ],
  "waypoint_distance_mean": 5.862395708009642,
  "waypoint_distance_std": 5.095280751673172,
  "speed": [
    7.414628983449453,
    9.775349972416093,
    9.620849197253786,
    9.472203464185831,
    9.466888115544522,
    9.227270889086752,
    8.122096556256237,
    9.951877485774306,
    9.148445834128152,
    8.635594548125965,
    9.631738913375514,
    9.203925103827132,
    9.549138265458375,
    10.047305860514165,
    11.166644170619335,
    10.672627334439895,
    11.059662814368766,
    10.205685066000612,
    8.945927534053574,
    7.925954828672495,
    8.876929966858945,
    9.796521996042777,
    11.001863760717251,
    9.583244617834485,
    9.249501316854145,
    10.277599302754043,
    9.329505407739408,
    9.076148253537033,
    9.418365702047769,
    9.143017001476244,
    10.199387586739181,
    10.052937512038163,
    9.299142355087817,
    8.424073882685615,
    7.895041536250498,
    8.687945741990198,
    9.431845261988926,
    9.284256062688547,
    9.03862220502734,
    9.411146461647574,
    8.928249760887768,
    9.380513812588864,
    9.992031207345333,
    9.044111841917381,
    9.633664452725483,
    8.760039355266334,
    8.136669805009921,
    8.5466733206564,
    9.151306564319205,
    9.97427174533647
  ],
  "speed_mean": 9.365368854712202,
  "speed_std": 0.782012828314238,
  "total_reward": [
    523.3796303761185,
    540.9756251688887,
    133.83867790725446,
    1668.7056631976118,
    657.288151752044,
    2481.9988831276464,
    558.8022960047497,
    2387.2274062313627,
    4671.559210924837,
    571.4456833784487,
    823.2270850214852,
    3361.3228017874894,
    599.5258057669861,
    1.6718838284209678,
    656.2292573674429,
    2862.242402080358,
    673.2906581846698,
    2690.338173979366,
    2390.3617416860993,
    1398.969896132751,
    555.0438833706695,
    655.9284890938914,
    685.4783609849719,
    570.642288556031,
    3015.06860776813,
    843.0658033970005,
    894.9749098191364,
    2626.4218293446565,
    894.7605495050237,
    571.7523418623867,
    5199.614233734049,
    608.6480407847091,
    626.6648937950539,
    551.6738639188809,
    539.7488536210991,
    4354.471821598342,
    3638.501952527516,
    622.4237352661892,
    552.245465066278,
    2108.499205626125,
    466.0418289183346,
    2375.0995325239064,
    1123.007759287048,
    4610.924551898645,
    2429.6061239545948,
    2753.277347396156,
    1965.8043384704329,
    506.70014006971917,
    618.1628214362379,
    728.7722514884856
  ],
  "total_reward_mean": 1546.9085351797546,
  "total_reward_std": 1323.5556509536527,
  "timesteps": [
    252,
    512,
    512,
    348,
    512,
    512,
    257,
    512,
    512,
    343,
    512,
    512,
    512,
    512,
    512,
    512,
    374,
    512,
    419,
    291,
    326,
    512,
    382,
    307,
    512,
    512,
    512,
    512,
    512,
    359,
    512,
    512,
    512,
    242,
    253,
    512,
    512,
    401,
    363,
    482,
    242,
    324,
    512,
    512,
    483,
    432,
    328,
    414,
    512,
    512
  ],
  "timesteps_mean": 439.16,
  "timesteps_std": 94.93268351837528
}