{
  "collision_rate": [
    1.0,
    1.0,
    1.0,
    1.0,
    1.0,
    1.0,
    0.0,
    1.0,
    1.0,
    1.0,
    1.0,
    1.0,
    1.0,
    1.0,
    1.0,
    1.0,
    1.0,
    1.0,
    1.0,
    1.0,
    1.0,
    1.0,
    1.0,
    1.0,
    1.0,
    1.0,
    1.0,
    0.0,
    1.0,
    1.0,
    1.0,
    1.0,
    1.0,
    1.0,
    1.0,
    1.0,
    1.0,
    1.0,
    1.0,
    1.0,
    1.0,
    1.0,
    1.0,
    1.0,
    0.0,
    1.0,
    1.0,
    1.0,
    1.0,
    1.0
  ],
  "collision_rate_mean": 0.94,
  "collision_rate_std": 0.23748684174075838,
  "similarity": [
    0.9968991862089497,
    0.9358428658414685,
    0.9966041527312215,
    0.8462765260644113,
    -0.345243090066676,
    0.9999565175370451,
    -0.8604947611021593,
    0.9696247192524937,
    0.9909741847456969,
    -0.9801474422041998,
    0.9676935133710344,
    0.9230004311166075,
    0.9801704266541282,
    0.9803154111859348,
    0.9960994723966884,
    0.9582150604032383,
    0.9665786706564538,
    0.9599187190052021,
    0.9486655102375715,
    0.9950966541058524,
    0.9960547769947427,
    0.9944494721374071,
    0.9998442251553934,
    0.9614654404267114,
    0.9781627614416895,
    0.9804428822899773,
    0.9582401236578061,
    0.8221414564968863,
    -0.04559369308611251,
    0.9997197500502856,
    0.9921253365638197,
    0.9970717552969375,
    0.9966297427415411,
    0.9959737403931018,
    0.8947470786998395,
    0.9950201156373462,
    0.8656147677642605,
    0.9624298956174394,
    0.9934814814575201,
    0.8920789352002889,
    0.8791780709696101,
    0.9703061902259641,
    0.9860738643867448,
    0.9149775675724341,
    0.9042957222468124,
    0.9654571363925657,
    0.9267477642456529,
    0.9691509133588487,
    0.8534946584617331,
    0.9999248877465305
  ],
  "similarity_mean": 0.8365150709736947,
  "similarity_std": 0.4273602550139715,
  "waypoint_distance": [
    0.3642025557902346,
    2.2461890722442814,
    0.695512170145844,
    2.609335527096159,
    3.322310081655786,
    0.3234390434643687,
    20.416934976789072,
    0.943542967298306,
    0.7110408838480049,
    4.043463042255409,
    1.386066840541562,
    4.274226853927293,
    0.8948794250447735,
    0.47500744581796805,
    0.35024561330046977,
    1.366824476993469,
    1.314018008805572,
    1.4600415079032765,
    1.8744709915345674,
    0.7272402059706237,
    0.6101748539786257,
    0.655589143338273,
    0.39513277427924265,
    1.6091391125524555,
    0.8994756748355648,
    2.1635049159145967,
    1.5996644984598472,
    9.632584625043286,
    2.6827481445898864,
    0.2097085310453373,
    0.6644890441386069,
    0.615658578768203,
    0.8282758456685861,
    0.6108065109322031,
    3.117036106802808,
    0.5565216434514593,
    7.209733811094814,
    1.677384524543902,
    0.6143485610565316,
    6.071535494821701,
    7.190130202074093,
    1.4561093374089817,
    0.5953704447912755,
    4.007695577093428,
    6.53258637925499,
    1.280593552544555,
    2.0505697523345847,
    1.284727363905008,
    5.305240907562149,
    0.8192606884986969
  ],
  "waypoint_distance_mean": 2.4548957658242148,
  "waypoint_distance_std": 3.324988722760981,
  "speed": [
    4.057295309168337,
    8.220694141306545,
    4.079300219593921,
    8.037259682690573,
    3.6629068038316444,
    0.8603426252785192,
    9.799700860995324,
    7.570957434212056,
    8.355870518061613,
    12.207290994893036,
    7.948480704975701,
    9.108621688122076,
    3.5878221176489116,
    6.064088228952186,
    0.13087662046407256,
    8.670338926505279,
    7.731289795210874,
    7.79038798818372,
    8.26168987128436,
    3.133129157901813,
    5.955241383296589,
    6.041883312407992,
    2.296346440982191,
    8.320333206062667,
    3.582525762234806,
    5.225927566535319,
    8.68968482476365,
    9.14852037878925,
    2.2738754232432283,
    2.6334366803021036,
    8.363171606109724,
    6.398763325263132,
    3.003448305136262,
    6.786552931401495,
    12.675296918584339,
    6.910180228463671,
    9.023020656881055,
    8.70880832118179,
    5.0127894768977095,
    9.31092103982802,
    9.1774744690265,
    8.440239048130689,
    5.0929926441451805,
    10.284345486177262,
    10.624258263260813,
    9.252014010181503,
    7.6804915022262135,
    7.933548194932429,
    17.800392592720762,
    2.254047838451578
  ],
  "speed_mean": 6.963577510537971,
  "speed_std": 3.247988510745545,
  "total_reward": [
    108.96599164883219,
    1189.367345258326,
    -398.9047807269347,
    981.463250941566,
    -1000.0,
    -1000.0,
    -185.27523873015613,
    768.3008413736402,
    867.7956937034025,
    -1000.0,
    843.7054831933883,
    1319.146825265103,
    456.1444800804501,
    125.845171897809,
    -1000.0,
    1347.9142924786192,
    1248.2651849251704,
    1044.262808095704,
    1227.0196064430472,
    -899.0684159383943,
    273.0355742784409,
    187.6945304562821,
    -425.04671203980763,
    1392.240889904973,
    417.3255678031825,
    -1000.0,
    1374.703327248599,
    1135.4809217752033,
    -1000.0,
    -414.4531500250771,
    817.6545464926164,
    210.62419699596228,
    -1000.0,
    346.7439484161172,
    -1000.0,
    616.9610951788425,
    1208.8452966973905,
    1582.2285673104539,
    -105.83379019414178,
    1234.0074949055509,
    1302.1810232610717,
    1174.0517006398388,
    -380.80107955496123,
    1559.8556140749843,
    1814.4710215243792,
    1540.8871354850478,
    937.1579964784904,
    1328.0344139697092,
    -457.57344593885495,
    -926.7278661431579
  ],
  "total_reward_mean": 395.7739471782142,
  "total_reward_std": 906.039503961588,
  "timesteps": [
    153,
    239,
    33,
    233,
    33,
    33,
    512,
    183,
    167,
    33,
    218,
    354,
    285,
    106,
    33,
    201,
    198,
    171,
    221,
    33,
    132,
    116,
    33,
    235,
    276,
    33,
    217,
    512,
    33,
    33,
    101,
    113,
    33,
    127,
    33,
    164,
    441,
    257,
    81,
    404,
    480,
    262,
    33,
    326,
    512,
    208,
    195,
    206,
    33,
    33
  ],
  "timesteps_mean": 182.02,
  "timesteps_std": 141.42877924948655
}