{
  "collision_rate": [
    0.0,
    0.0,
    0.0,
    0.0,
    1.0,
    1.0,
    1.0,
    1.0,
    1.0,
    0.0,
    0.0,
    1.0,
    1.0,
    0.0,
    1.0,
    0.0,
    1.0,
    0.0,
    0.0,
    0.0,
    1.0,
    1.0,
    0.0,
    0.0,
    0.0,
    0.0,
    1.0,
    0.0,
    0.0,
    1.0,
    1.0,
    1.0,
    1.0,
    1.0,
    1.0,
    0.0,
    1.0,
    1.0,
    1.0,
    0.0,
    1.0,
    1.0,
    0.0,
    1.0,
    1.0,
    1.0,
    1.0,
    1.0,
    1.0,
    1.0
  ],
  "collision_rate_mean": 0.6,
  "collision_rate_std": 0.48989794855663565,
  "similarity": [
    0.9964032326676339,
    0.9634793901806614,
    0.9971126123107716,
    0.997756032913457,
    0.9576713645363247,
    0.9666925478276783,
    0.9680787060208849,
    0.9728536800507547,
    0.940293871083136,
    0.9098376771657706,
    0.9544381011158842,
    0.9801054887429741,
    0.9932768308228094,
    0.9948695195499185,
    0.9715585077055825,
    0.9942112068247801,
    0.9856809225119745,
    0.992542343312607,
    0.9969108664316311,
    0.9972016260487867,
    0.9715950499289352,
    0.9853016634479344,
    0.9124585834014408,
    0.9976669648930213,
    0.9972129700613839,
    0.9957714846206903,
    0.9932120475452629,
    0.9974746185508986,
    0.9977624667856156,
    0.9881156730442158,
    0.9632985584349373,
    0.9836713594429964,
    0.8963432503446169,
    0.8354523087387025,
    0.9702324136124431,
    0.9993201804584099,
    0.973313884309405,
    0.903631087999155,
    0.9766608926942851,
    0.9985832548027681,
    0.9677458834674145,
    0.950217274567195,
    0.9608661603527109,
    0.9618487640606935,
    0.938820090728491,
    0.981549826805078,
    0.9644507468907658,
    0.9386540560273007,
    0.9678666324911587,
    0.9829934908500467
  ],
  "similarity_mean": 0.9696613233436399,
  "similarity_std": 0.032271887890604804,
  "waypoint_distance": [
    0.9416192820788457,
    0.9323531249057896,
    0.7228387059999614,
    0.6641784417645884,
    3.194178473792784,
    1.951060464291876,
    2.3457587259396235,
    2.428113769887436,
    4.645174282113416,
    1.9927048941631722,
    2.8674339693344293,
    0.7491682398116585,
    0.6067939858100224,
    1.0245528950615042,
    2.277622582998359,
    0.8035281774183637,
    1.7332126632403098,
    1.147677841573197,
    0.7615401803621841,
    0.7173979570650698,
    2.175294059569921,
    0.6755524213733408,
    2.1070405589052204,
    0.6647764990734448,
    0.7601290171573142,
    0.8565961527019971,
    0.6925368331522965,
    0.7012376120532817,
    0.6983528059854093,
    1.436582476621693,
    2.7903260825652656,
    1.6745631438416688,
    4.837392891691077,
    4.442090973911801,
    1.9524829824567995,
    0.6281511404220433,
    2.121342763809808,
    2.120074942092397,
    1.522347902726057,
    0.6178027999201187,
    2.2011321768364076,
    3.111681641730306,
    2.999659293551966,
    2.863154027610877,
    1.1808019770073097,
    1.79402604412575,
    2.6995811639296194,
    4.490173126111367,
    1.9918438419529698,
    1.6081951257441611
  ],
  "waypoint_distance_mean": 1.8184366227248856,
  "waypoint_distance_std": 1.1371656328859323,
  "speed": [
    9.11946840130829,
    9.514980825593366,
    9.503080157594752,
    9.548926785743458,
    10.083142413232961,
    10.129933739847027,
    9.837052002199602,
    9.542516306486732,
    10.13888398258553,
    8.70617718986901,
    8.621204545938996,
    9.504683247368746,
    6.732355352344197,
    8.031563949088703,
    9.847310028883587,
    2.383293715264289,
    7.867745793979144,
    8.162542910621431,
    9.360898340025841,
    9.559756488517229,
    9.911825647147783,
    8.696694473019965,
    9.965283009621338,
    9.475808955633882,
    9.40025264110046,
    9.372284956234596,
    7.528136466351578,
    9.416232894286054,
    9.779861687504438,
    9.24735894724772,
    8.829266924831717,
    8.691588828570056,
    10.407540906745606,
    8.880818766608805,
    8.784748181826355,
    8.361503988135071,
    9.46953724215812,
    9.713735040942376,
    10.208665008309934,
    8.221458436367113,
    9.736419549101688,
    8.04539139730389,
    8.279971493820035,
    9.958196422628243,
    9.079469610368315,
    8.889504570224391,
    10.009168065198645,
    10.184592208776223,
    9.53709196869781,
    9.442283873332961
  ],
  "speed_mean": 9.07440416677176,
  "speed_std": 1.2277109004624034,
  "total_reward": [
    4649.92420289439,
    4570.861855304354,
    4849.951754230643,
    4876.931440116996,
    2466.888648942164,
    3256.8253398423694,
    2217.684667807387,
    1657.6932583004998,
    2023.2449645698903,
    3280.3302438605997,
    2779.070049846547,
    3005.986128714226,
    1011.6077062492644,
    3869.3404779135644,
    2473.9671463711247,
    78.1848191479658,
    3062.925850826833,
    3754.3954581560747,
    4776.380627514733,
    4879.460973183608,
    2575.029546779472,
    1916.697265638749,
    3850.2995150243605,
    4839.021764308672,
    4797.900477570061,
    4728.464909751734,
    1530.4468652783846,
    4807.654588168976,
    4995.041327589334,
    2394.445971898457,
    1707.4600693692437,
    1890.6239200081727,
    1693.3354828006356,
    1861.6782923063415,
    3294.3680585235097,
    4277.948094579606,
    2574.145412448282,
    2289.344261157452,
    3380.236024730822,
    4203.034667125582,
    2377.4962158756466,
    1689.0020113572537,
    2518.3596082288673,
    2338.468556196658,
    1941.0974185286611,
    1711.4731388824277,
    2487.124981093947,
    2218.184631617001,
    1846.6606818640137,
    2133.3613336724907
  ],
  "total_reward_mean": 2968.2012141233613,
  "total_reward_std": 1237.6016012133507,
  "timesteps": [
    512,
    512,
    512,
    512,
    421,
    423,
    343,
    284,
    442,
    512,
    512,
    327,
    154,
    512,
    370,
    33,
    505,
    512,
    512,
    512,
    376,
    227,
    512,
    512,
    512,
    512,
    208,
    512,
    512,
    307,
    336,
    280,
    383,
    450,
    509,
    512,
    401,
    330,
    414,
    512,
    361,
    389,
    512,
    387,
    253,
    260,
    393,
    452,
    285,
    289
  ],
  "timesteps_mean": 406.4,
  "timesteps_std": 114.34911455713157
}