{
  "collision_rate": [
    0.0,
    0.0,
    0.0,
    0.0,
    0.0,
    1.0,
    1.0,
    1.0,
    1.0,
    1.0,
    0.0,
    1.0,
    1.0,
    1.0,
    0.0,
    0.0,
    0.0,
    1.0,
    0.0,
    0.0,
    1.0,
    1.0,
    1.0,
    1.0,
    0.0,
    0.0,
    1.0,
    1.0,
    0.0,
    1.0,
    1.0,
    0.0,
    0.0,
    1.0,
    0.0,
    1.0,
    1.0,
    1.0,
    1.0,
    1.0,
    0.0,
    1.0,
    1.0,
    0.0,
    1.0,
    1.0,
    1.0,
    1.0,
    0.0,
    1.0
  ],
  "collision_rate_mean": 0.6,
  "collision_rate_std": 0.4898979485566356,
  "similarity": [
    0.9951719696085265,
    0.9866847287230426,
    0.9974167886585705,
    0.9975221627586012,
    0.997350164535939,
    0.9964559988342693,
    0.9943473116226073,
    0.9918953515090467,
    0.9971973270668765,
    0.991619830135147,
    0.9925653887895401,
    0.9690242126083312,
    0.9871692905706294,
    0.9933456362429481,
    0.9980390951847233,
    0.9990642626016523,
    0.9912539667331803,
    0.984683272803326,
    0.9968595206112681,
    0.9977260557507234,
    0.9962482671602183,
    0.9906124544517129,
    0.9974947879496642,
    0.9944448576279606,
    0.9951163462885956,
    0.9977820305573073,
    0.9829805086578693,
    0.9971010089971367,
    0.9972709119260033,
    0.9885311955980357,
    0.9840001479838077,
    0.9839195814372078,
    0.9915089548965734,
    0.9306683593620589,
    0.9920968976985846,
    0.9852767113550229,
    0.9962829554987176,
    0.9454141474149109,
    0.9768913057338506,
    0.9932917672806761,
    0.9982441009107617,
    0.9878089845841891,
    0.9952650767544473,
    0.9963929551296815,
    0.9494490400008497,
    0.9824699944684857,
    0.9742443105652906,
    0.9941477168447742,
    0.9907352736490066,
    0.9976894828648073
  ],
  "similarity_mean": 0.9887754493799431,
  "similarity_std": 0.013676783411579472,
  "waypoint_distance": [
    1.6589247520447947,
    1.0216140489803507,
    0.8618520294153296,
    0.8910383184508675,
    0.8029768895737832,
    0.8852665549142424,
    0.8328018016269105,
    0.9006842468373246,
    0.7063074632255064,
    0.6175129760739856,
    1.2526521075650683,
    1.4113599439824405,
    0.4985978201974699,
    0.6554753636752045,
    0.8020604566980707,
    0.6139589436080751,
    1.8226839733973974,
    2.0563029240029023,
    1.0260212379182194,
    0.9284784137351904,
    0.7114783533279762,
    0.6132782702108931,
    0.6488329081053136,
    1.144497767359187,
    1.6254058779833553,
    0.8357947725441608,
    0.6832871049812106,
    0.9229623435788341,
    0.8687342201739208,
    1.8494456341388505,
    2.6290330397428407,
    2.744125348925258,
    1.4057909527878996,
    2.3401498604117266,
    1.2900909975748536,
    2.022961468104492,
    0.7596172724186221,
    0.9273302035160397,
    1.6907426725962489,
    0.9486351122795433,
    0.6343282835757517,
    2.076936300465875,
    0.957515546556411,
    0.7640685145443484,
    1.1649232530572757,
    1.8546640239940535,
    3.643793363094237,
    0.8944726131581006,
    1.6910386208226476,
    0.5899163297422467
  ],
  "waypoint_distance_mean": 1.223608425913906,
  "waypoint_distance_std": 0.6573083256524773,
  "speed": [
    8.888858829383443,
    9.042735022193224,
    9.282743947473852,
    9.16682482716512,
    7.650145451666013,
    7.275666343241412,
    7.236927963856226,
    10.411757247155101,
    9.054629828463996,
    6.700714030717749,
    9.864097362401019,
    9.150004396636954,
    5.527048414596723,
    6.380954524796345,
    7.617009877146485,
    1.5457494817640278,
    9.113545134584992,
    8.79454894140058,
    9.415025105393457,
    9.121247230709095,
    10.255644451589202,
    6.652348584402459,
    7.8925480867332025,
    9.458803245109054,
    9.05794739599514,
    10.679313510155474,
    7.491796539594461,
    7.904719438838005,
    9.16022581161898,
    8.95001990524595,
    9.271551581429618,
    9.753332196215473,
    10.411034053412195,
    9.335553962581821,
    10.039086758463107,
    8.845482396395415,
    6.615274173040218,
    9.019506289681614,
    7.127240160630426,
    8.514825257071626,
    7.657514575469325,
    9.1007230452723,
    10.078243504582332,
    9.818296812708791,
    7.6483589353006405,
    8.370793709489519,
    9.716700599287964,
    6.667707111344741,
    9.618287394652137,
    7.208330677439524
  ],
  "speed_mean": 8.47122888248993,
  "speed_std": 1.5638515172456482,
  "total_reward": [
    3548.859850037761,
    4550.9648096912615,
    4739.350230515232,
    4681.2718125394495,
    3905.401163549424,
    2739.4786619279084,
    2443.8119945368876,
    3870.5524498952504,
    2323.901511747188,
    1004.3530460459923,
    4504.407852136066,
    2538.5510314169346,
    509.05485639043013,
    840.9386381898671,
    3891.3405682015446,
    50.95828547578458,
    3483.893158076677,
    1936.5751193386598,
    4807.405520443153,
    4658.995584154852,
    3989.531115226369,
    1683.5941803145554,
    2268.4796146116823,
    2820.012328589844,
    4015.100146944723,
    5454.498572641769,
    1821.4579794835922,
    2469.2044648465517,
    4675.205662300768,
    2172.342868197241,
    1987.4886548736913,
    2962.277145884115,
    4454.311652275779,
    2160.945988351554,
    4474.730972748852,
    1936.706446187827,
    1521.76817604573,
    2700.182163803936,
    1664.5148377909563,
    2199.9290716645723,
    3913.252188064172,
    2170.2744797701016,
    4279.213049411868,
    5010.956565500313,
    2119.2182170013966,
    1780.7133772959105,
    1954.8219881241223,
    1906.5038705082025,
    3863.796964780317,
    2402.3231932597705
  ],
  "total_reward_mean": 2957.268441616212,
  "total_reward_std": 1306.0092209860923,
  "timesteps": [
    512,
    512,
    512,
    512,
    512,
    382,
    349,
    389,
    260,
    154,
    512,
    343,
    97,
    136,
    512,
    33,
    512,
    327,
    512,
    512,
    393,
    259,
    291,
    318,
    512,
    512,
    251,
    316,
    512,
    333,
    379,
    512,
    512,
    356,
    512,
    322,
    234,
    345,
    318,
    264,
    512,
    360,
    429,
    512,
    331,
    298,
    444,
    291,
    512,
    337
  ],
  "timesteps_mean": 381.34,
  "timesteps_std": 124.96361230374225
}