{
  "collision_rate": [
    1.0,
    0.0,
    0.0,
    0.0,
    1.0,
    1.0,
    1.0,
    1.0,
    1.0,
    1.0,
    1.0,
    0.0,
    1.0,
    1.0,
    1.0,
    1.0,
    1.0,
    1.0,
    0.0,
    1.0,
    1.0,
    1.0,
    1.0,
    1.0,
    1.0,
    1.0,
    1.0,
    1.0,
    1.0,
    1.0,
    1.0,
    1.0,
    1.0,
    1.0,
    0.0,
    1.0,
    0.0,
    1.0,
    1.0,
    1.0,
    1.0,
    1.0,
    1.0,
    1.0,
    1.0,
    0.0,
    0.0,
    1.0,
    1.0,
    1.0
  ],
  "collision_rate_mean": 0.82,
  "collision_rate_std": 0.38418745424597095,
  "similarity": [
    0.9947783918491194,
    0.9836826721945927,
    0.3701827530548342,
    0.20567390953283607,
    0.9556918607388183,
    0.9724402190331702,
    0.9073146646409896,
    0.98043447779344,
    0.9915585387286119,
    0.9998791078871692,
    0.8165401899206999,
    0.9988351064496124,
    0.9722590051851944,
    0.981142907085812,
    0.8191860734650299,
    0.9954111233353955,
    0.9134100645194849,
    0.9448331907231826,
    0.9980644299794371,
    0.9798969394748301,
    0.9866508675179899,
    0.9849393153788388,
    0.981896462856843,
    0.1352782026946428,
    0.873431407803455,
    0.9842139596524746,
    0.9735547811260541,
    0.9977191067522035,
    0.9969634107257891,
    0.9576961257569149,
    0.9996910071731092,
    0.9947111099553697,
    0.9910789745672003,
    0.9664995504565352,
    0.9899907822527029,
    0.9792166255762838,
    0.9989357548487211,
    0.9983794256687956,
    0.9991190871582168,
    0.9778930006215314,
    0.9982035372431245,
    0.9632189768826219,
    0.9874893448979862,
    0.8606338289267018,
    0.9119351743469238,
    0.9895757875255432,
    0.9817870027810488,
    0.9387038226028418,
    0.9631056262784753,
    0.9865669270868729
  ],
  "similarity_mean": 0.9226058922541615,
  "similarity_std": 0.18014295939695368,
  "waypoint_distance": [
    2.2414682485306505,
    3.741465392858255,
    3.0661368378244074,
    3.895808140179346,
    4.128413466762081,
    2.0879905842954876,
    3.6816846837686446,
    3.6877881278925337,
    2.2485232936581574,
    1.0094578091304374,
    1.9727347379748028,
    0.6328523926480284,
    1.28282111835064,
    1.5465062602128425,
    2.8023974280017336,
    0.9787852804972526,
    1.181857058468422,
    4.342790949652519,
    0.938035130047938,
    0.7862224136556788,
    2.712104871300976,
    3.2491670941494397,
    3.2449694168399064,
    3.769319617693965,
    1.9283422336368916,
    2.104665337524585,
    2.9405854214655953,
    0.9722416771488722,
    0.6348328229110722,
    1.900278280277648,
    1.1171966379861238,
    0.9417888539326768,
    2.7886848255991166,
    4.103510798989415,
    2.9025844068310334,
    2.2001324576829777,
    0.756024703665947,
    0.54965672286222,
    0.9760589225224169,
    2.247185464368964,
    0.6162089504617498,
    3.7493830573057525,
    2.2875875720604255,
    2.2737265682747063,
    2.630641932705454,
    2.357997430278337,
    3.325987717919667,
    2.2120634763361893,
    2.5428596408803634,
    2.7659223016662193
  ],
  "waypoint_distance_mean": 2.2611089713937718,
  "waypoint_distance_std": 1.0971697861578504,
  "speed": [
    8.76827992700189,
    10.02363988485269,
    8.296395041029331,
    8.08739614273345,
    9.802347588552733,
    9.53433275042971,
    8.249940096538747,
    8.760491191448292,
    8.16374420316426,
    1.9678156151292743,
    10.095992105553714,
    8.50183489551886,
    8.511459467004965,
    9.408347621306119,
    10.6676614620665,
    9.489022079536753,
    11.095181301500514,
    9.820239431310677,
    10.644951744415994,
    7.210258938760656,
    8.98272892047995,
    8.91366783442856,
    8.96229387252315,
    10.27575480208338,
    8.078151680029784,
    8.550734446778918,
    8.438781679907379,
    9.969952667331926,
    6.58319472944119,
    8.137797750513744,
    3.1610010337617513,
    8.596612751603796,
    10.150299320799137,
    8.071395701954405,
    9.4638930081595,
    9.699778582937336,
    11.025438691732813,
    6.620298098715856,
    1.4108621917267279,
    9.739758086372694,
    10.860414879494101,
    9.817855362391544,
    9.348399000692373,
    9.322188725217078,
    10.587729823557229,
    9.502347296341295,
    9.044426863546553,
    10.904776177516073,
    9.366261667211338,
    9.198930714475301
  ],
  "speed_mean": 8.7977011569916,
  "speed_std": 1.9720317556094273,
  "total_reward": [
    2946.048118070249,
    2503.5861385799203,
    2112.1657372738737,
    1889.5997110860253,
    2449.696193908075,
    1933.6925822217909,
    1993.8359342238375,
    1914.5798837862458,
    2175.458155558057,
    53.91568426598927,
    2788.7755524335234,
    4349.221018107899,
    3369.296090155362,
    3554.268429105153,
    2373.8253371792885,
    1525.5772769757243,
    4942.054112024455,
    1436.6107102668695,
    5438.172476438397,
    1504.9389902345579,
    2490.554825078354,
    1832.0281082966483,
    2156.5925229742206,
    819.8806654578084,
    1986.5982017596002,
    2354.427643133212,
    1847.9074305474392,
    2943.166177840069,
    600.5354322221608,
    2843.526520348932,
    -407.7709889912512,
    3611.648800545424,
    2432.7448244018524,
    1613.0175404209729,
    2702.8736437627017,
    1910.3887005934696,
    5639.021953055254,
    -322.1544591383389,
    -1000.0,
    1883.0242899801176,
    3468.733446182676,
    2320.5468743216943,
    2079.242744012214,
    2126.145871552385,
    1794.732771609418,
    3228.2194033942224,
    2291.371199055198,
    2322.22710365464,
    2156.371129829882,
    2243.211157750587
  ],
  "total_reward_mean": 2264.482633310937,
  "total_reward_std": 1264.3234638854658,
  "timesteps": [
    503,
    512,
    512,
    512,
    495,
    301,
    472,
    492,
    412,
    33,
    395,
    512,
    440,
    444,
    334,
    216,
    510,
    360,
    512,
    217,
    494,
    422,
    472,
    266,
    339,
    394,
    399,
    298,
    169,
    440,
    33,
    495,
    431,
    474,
    512,
    305,
    512,
    104,
    33,
    304,
    367,
    462,
    357,
    426,
    285,
    512,
    512,
    318,
    388,
    510
  ],
  "timesteps_mean": 384.34,
  "timesteps_std": 134.1225722986254
}