{
  "collision_rate": [
    0.0,
    0.0,
    1.0,
    0.0,
    0.0,
    1.0,
    0.0,
    1.0,
    1.0,
    0.0,
    0.0,
    1.0,
    0.0,
    0.0,
    1.0,
    1.0,
    1.0,
    1.0,
    0.0,
    1.0,
    0.0,
    0.0,
    0.0,
    0.0,
    1.0,
    0.0,
    1.0,
    1.0,
    1.0,
    0.0,
    1.0,
    0.0,
    1.0,
    0.0,
    0.0,
    1.0,
    0.0,
    0.0,
    0.0,
    1.0,
    0.0,
    0.0,
    1.0,
    1.0,
    0.0,
    0.0,
    1.0,
    0.0,
    1.0,
    1.0
  ],
  "collision_rate_mean": 0.46,
  "collision_rate_std": 0.49839743177508455,
  "similarity": [
    0.9933482551241928,
    0.985528509327563,
    0.8864590998914055,
    0.5387283055764669,
    0.9783738754928781,
    0.9947474478236502,
    0.9799792983337142,
    0.9922519296390759,
    0.9692460032491181,
    0.9935271690924665,
    0.9857457199250399,
    0.9779053595386853,
    0.9927714563488339,
    0.2507162388675405,
    0.9586252949721523,
    0.9778834664042466,
    0.936439001856907,
    0.9864445806434439,
    0.975904993472905,
    0.9219925797985415,
    0.9775673716148344,
    0.9489644377169895,
    0.986792816176263,
    0.9751912820885257,
    0.979462598155147,
    0.9873270235024757,
    0.9727544198664873,
    0.986569220033616,
    0.9869548856196116,
    0.9328914481041775,
    0.9740680143268966,
    0.9579476899349947,
    0.9680959159044205,
    0.9804167189561401,
    0.9731948100719587,
    0.9685370529865277,
    0.9685915423218969,
    0.9657752174151364,
    0.9656400396005864,
    0.9864553738503465,
    0.9534276401442051,
    0.9584316139390581,
    0.9483308677123602,
    0.9794446035184464,
    -0.09945245487011879,
    0.9766137917109468,
    0.9765133561573991,
    0.9564059187170708,
    0.9676954040765591,
    0.9917008447978828
  ],
  "similarity_mean": 0.9265785609905933,
  "similarity_std": 0.18828865727797606,
  "waypoint_distance": [
    5.098034941016201,
    3.021636375565766,
    10.78794922346799,
    13.979028588344022,
    2.701675738635388,
    0.8700027131401059,
    6.1199553012870505,
    4.989593310395112,
    2.918965662813037,
    6.288299829977664,
    2.018485629775182,
    2.4750754361764966,
    2.88445915131037,
    30.70023358496632,
    3.089035637893699,
    1.854802612126793,
    2.820582718512024,
    1.241467026571933,
    2.799122934508971,
    3.489259076090628,
    5.39820110812936,
    3.182804157504089,
    4.57884947913479,
    4.580841227945208,
    3.07723621467,
    1.35121731013793,
    2.184356425257073,
    1.6011885558269061,
    1.960346457305154,
    3.4656171373540574,
    2.5946560487823955,
    2.6872486505946513,
    2.6417561999329413,
    4.231752346198454,
    3.69100351417501,
    3.013001137853228,
    7.4063200773941835,
    3.326041131187469,
    3.4356814041181765,
    2.752848453977423,
    2.8137081487067515,
    2.3609570565927,
    2.708282416100211,
    2.293829725998003,
    8.967727128762913,
    3.2174281502429274,
    2.8645620566124235,
    2.7188776636243586,
    2.6289423913236667,
    3.284211506792208
  ],
  "waypoint_distance_mean": 4.223343175496188,
  "waypoint_distance_std": 4.449189938550673,
  "speed": [
    9.047197878685509,
    9.389401365405364,
    8.41838150971409,
    10.516596740033316,
    9.488285631988877,
    7.592594429665724,
    9.855233992826012,
    9.313121229175142,
    9.368681643364564,
    8.918477378229564,
    8.348625122717264,
    8.377118260336392,
    9.840144580800654,
    8.643992498452523,
    10.590505076331315,
    9.165051705282181,
    10.495818151388145,
    7.710386046692576,
    9.63170868873173,
    10.029714944204267,
    11.209964012021779,
    10.707344520237491,
    8.56333247487617,
    9.72832597413023,
    9.209437171198754,
    9.455638469780213,
    8.458258307086913,
    8.408438769063755,
    8.279707230631145,
    9.69814537355799,
    8.899252918811902,
    9.576836192374172,
    9.256198511649018,
    8.631987533067678,
    9.235605769884364,
    9.866155571295868,
    8.406853011942266,
    9.596403147243969,
    9.545750373010538,
    9.289194233664865,
    9.378610834571122,
    10.660743493193518,
    8.426739590289806,
    9.378445724161951,
    8.553562419587651,
    8.475151793546178,
    8.739759165619143,
    9.175918943594363,
    9.24152041514556,
    9.729336165919149
  ],
  "speed_mean": 9.250473099703655,
  "speed_std": 0.7720786038329428,
  "total_reward": [
    976.8309362277865,
    2345.3232209749744,
    169.01916672022912,
    1320.8641390231976,
    2692.2918388771664,
    1585.784647191877,
    995.5925496350479,
    509.89350425013754,
    1878.541459111971,
    871.9423118288631,
    3263.4969064650186,
    2554.4053957113065,
    2799.6005619313732,
    6.566709634011168,
    2352.0486576574303,
    1702.3875058835351,
    2423.7962970823996,
    1666.100820882871,
    2901.7588143079356,
    1951.1494766707617,
    1023.666130082296,
    2274.1485136216043,
    1069.605459965831,
    1139.1956255767666,
    2498.84028061285,
    4348.176455873428,
    2730.0155531927367,
    2030.2134357604536,
    2855.9398478966204,
    2085.506143471947,
    2091.741001893542,
    2923.5962209944796,
    2224.250402326379,
    1297.3741960936534,
    1704.1869732378286,
    2099.109695764967,
    569.5690274300819,
    2029.1845644397451,
    1929.6545855334343,
    2565.2477081582683,
    2471.905412221221,
    3381.409089466751,
    2385.2214829236523,
    2219.401611706178,
    372.5196631216892,
    2340.638915477626,
    2647.1352441058475,
    2677.483229092184,
    2500.322426361954,
    1902.4845802747068
  ],
  "total_reward_mean": 1987.1027679349322,
  "total_reward_std": 868.913745640618,
  "timesteps": [
    512,
    512,
    446,
    512,
    512,
    213,
    512,
    255,
    356,
    512,
    512,
    471,
    512,
    512,
    496,
    261,
    466,
    249,
    512,
    367,
    512,
    512,
    512,
    512,
    497,
    512,
    460,
    315,
    445,
    512,
    384,
    512,
    441,
    512,
    512,
    380,
    512,
    512,
    512,
    478,
    512,
    512,
    463,
    364,
    512,
    512,
    508,
    512,
    471,
    484
  ],
  "timesteps_mean": 461.88,
  "timesteps_std": 81.09343746567906
}