{
  "collision_rate": [
    0.0,
    0.0,
    1.0,
    0.0,
    0.0,
    0.0,
    0.0,
    1.0,
    1.0,
    0.0,
    1.0,
    1.0,
    0.0,
    0.0,
    1.0,
    1.0,
    1.0,
    1.0,
    0.0,
    0.0,
    0.0,
    0.0,
    0.0,
    0.0,
    1.0,
    0.0,
    0.0,
    1.0,
    1.0,
    0.0,
    1.0,
    0.0,
    0.0,
    0.0,
    0.0,
    1.0,
    0.0,
    0.0,
    0.0,
    0.0,
    0.0,
    0.0,
    1.0,
    1.0,
    0.0,
    0.0,
    0.0,
    0.0,
    0.0,
    1.0
  ],
  "collision_rate_mean": 0.34,
  "collision_rate_std": 0.47370877129308037,
  "similarity": [
    0.9921773423189343,
    0.9789259634948215,
    0.8525072249842426,
    0.5309271821038098,
    0.9878988039983749,
    0.9908004292690147,
    0.977947534413459,
    0.9886042403106301,
    0.9741628325925983,
    0.9823472881936102,
    0.9800710735258709,
    0.9931909513095443,
    0.9823433961855287,
    0.32010026525507446,
    0.9555630271817377,
    0.9916925589645134,
    0.9369221666380544,
    0.986420277574613,
    0.9732434280489166,
    0.9949063792444428,
    0.9503900108576635,
    0.95753286293382,
    0.97018382000453,
    0.9671670858861029,
    0.9899743129427664,
    0.9804456015589258,
    0.9876253488866491,
    0.9935831638213829,
    0.9729451046697731,
    0.9742612513822445,
    0.973466705742243,
    0.9584244105485844,
    0.981378935449777,
    0.9750819399856239,
    0.9868694424236033,
    0.9650370809712943,
    0.9643861197764263,
    0.9670106299839638,
    0.9687613058854955,
    0.9896154487195866,
    0.9668588510538726,
    0.9471243627799606,
    0.9694565714678334,
    0.9783282503865842,
    -0.13037221504839738,
    0.9633980932470724,
    0.9879688561708931,
    0.9819010120617857,
    0.981815818469169,
    0.9933680746766247
  ],
  "similarity_mean": 0.929694812466073,
  "similarity_std": 0.18808004813486634,
  "waypoint_distance": [
    5.183653172311858,
    2.812622179195229,
    13.216833462196584,
    13.932104096690953,
    3.2445924807677167,
    2.183981394434429,
    5.584535253896482,
    5.1737341131131505,
    2.3565951024050946,
    4.9104032063477066,
    2.341334489716195,
    0.8813445532096843,
    1.8165728003537058,
    31.53836718999655,
    2.974152454772095,
    1.3083030691020319,
    2.8203569937136153,
    1.2111956515467208,
    2.691529979218119,
    1.3947830898908544,
    3.2907311339245697,
    2.901088583689014,
    3.474209561269044,
    3.989081597502648,
    2.3253701783921272,
    5.122262598006137,
    1.7336534578635527,
    1.6166539439197114,
    2.204352119854353,
    3.2453497370796405,
    2.513604844351669,
    2.6906380454255965,
    2.967436620929782,
    4.421642193020425,
    4.628190999563657,
    2.9794189136176152,
    7.5149942017732885,
    3.34872447910852,
    3.5606398666060666,
    2.5822067734613183,
    3.384194119636572,
    2.62145736970966,
    2.428269016268142,
    2.231789917630699,
    10.17190985275504,
    3.9945696181521395,
    2.7695214323030686,
    3.045870887622254,
    3.050868965069556,
    2.146209458282754
  ],
  "waypoint_distance_mean": 4.2106381043933485,
  "waypoint_distance_std": 4.6733858248742,
  "speed": [
    9.550070434590332,
    9.867392188220235,
    9.05779351755782,
    10.24375610496986,
    9.214352015355935,
    8.422073937100796,
    9.363358041610242,
    9.374479355486342,
    8.869824035538162,
    9.315623614697367,
    9.256325962826507,
    7.674663048506925,
    8.898861659603433,
    9.008884998508092,
    10.477725175518527,
    9.463320635458443,
    10.483972595604227,
    8.576166189472055,
    8.909917176998805,
    9.009567083958492,
    9.496320837705897,
    9.251652325136927,
    9.524302683950317,
    10.22006258155908,
    8.393225181571172,
    9.866826828071982,
    8.204170784023134,
    8.283546286720632,
    8.748474635349654,
    9.954429875346587,
    9.537535510293267,
    9.572505018933924,
    8.833212500085109,
    9.789283761755666,
    9.146485963500432,
    8.535262939520418,
    8.991709745215582,
    9.536175527730448,
    9.487292471532161,
    9.315504486815739,
    10.368932083708769,
    10.193765825529551,
    9.65652599839712,
    8.380854083100536,
    8.892733639568235,
    8.971366328989312,
    8.71391447251192,
    8.384350261878193,
    8.56603055179997,
    9.53859901727534
  ],
  "speed_mean": 9.227863599583195,
  "speed_std": 0.6309805396673698,
  "total_reward": [
    992.2313718811461,
    2803.6461808167724,
    160.66526435082318,
    1273.234456673074,
    2060.1437313107876,
    2980.313385471361,
    979.401243889961,
    496.3884737967144,
    2710.557716349289,
    1139.570311164021,
    3016.3135218108605,
    1764.9794691618006,
    3602.2393147544467,
    7.523988278919087,
    2340.125465177924,
    2119.4297221388592,
    2407.289844491904,
    1647.2163929752544,
    2741.3211820405295,
    3951.5388572658217,
    2063.495525537632,
    2302.8447961709535,
    1929.9102611227986,
    1526.5532472618618,
    2701.0078266242654,
    1054.7967934572673,
    3454.6006176429455,
    2743.744098976983,
    2509.7899620920853,
    2384.246983904327,
    2035.8183317806895,
    2733.6431138708053,
    2205.5925220942895,
    1232.2789034707653,
    1072.9252264961997,
    1960.5368787110383,
    614.2533739234466,
    2005.3834194187052,
    1840.8769926805053,
    2912.154644776894,
    2154.806713545209,
    2972.784012105015,
    3037.6104391777835,
    2300.073352188115,
    377.1929294026518,
    2202.997349779264,
    2515.880927889851,
    2094.2187400400803,
    2154.015251400261,
    3178.35781580613
  ],
  "total_reward_mean": 2069.3304189029814,
  "total_reward_std": 887.0554652256785,
  "timesteps": [
    512,
    512,
    502,
    512,
    512,
    512,
    512,
    253,
    444,
    512,
    475,
    237,
    512,
    512,
    464,
    253,
    470,
    217,
    512,
    512,
    512,
    512,
    512,
    512,
    497,
    512,
    512,
    407,
    404,
    512,
    347,
    512,
    512,
    512,
    512,
    410,
    512,
    512,
    512,
    512,
    512,
    512,
    484,
    407,
    512,
    512,
    512,
    512,
    512,
    429
  ],
  "timesteps_mean": 471.92,
  "timesteps_std": 78.21683706210574
}