{
  "collision_rate": [
    0.0,
    0.0,
    0.0,
    0.0,
    0.0,
    1.0,
    0.0,
    0.0,
    1.0,
    1.0,
    0.0,
    0.0,
    1.0,
    1.0,
    0.0,
    1.0,
    1.0,
    0.0,
    0.0,
    0.0,
    0.0,
    1.0,
    1.0,
    1.0,
    0.0,
    1.0,
    1.0,
    1.0,
    0.0,
    1.0,
    1.0,
    0.0,
    0.0,
    0.0,
    1.0,
    1.0,
    1.0,
    0.0,
    1.0,
    0.0,
    0.0,
    0.0,
    0.0,
    1.0,
    0.0,
    1.0,
    1.0,
    0.0,
    1.0,
    1.0
  ],
  "collision_rate_mean": 0.48,
  "collision_rate_std": 0.4995998398718719,
  "similarity": [
    0.9781506342104916,
    0.9803845113260351,
    0.9804930700746739,
    0.9626042279162701,
    0.9802816585501951,
    0.9846980845614702,
    0.96771577397044,
    0.9570605530528254,
    0.9980838495050898,
    0.9792896699068538,
    0.9949099996594315,
    0.8073317116678695,
    0.9994305413391819,
    0.9866367681064853,
    0.9809676521480329,
    0.021843254509778184,
    -0.07187657719932554,
    0.9744388923681583,
    0.91013906611221,
    0.9807598641433538,
    0.9808524459408903,
    0.9900411105126458,
    0.9414336027772758,
    0.999654780160813,
    0.9779187374565727,
    0.9934658908221264,
    0.10666812285555342,
    0.9851384518153129,
    0.9771425763382663,
    0.9974812953433411,
    0.994328935789124,
    0.8807056044395696,
    0.9844479455880214,
    0.9806482482547028,
    0.9997222893045338,
    0.9850628037344555,
    0.9914297745418316,
    0.8584814928084425,
    0.9892768340115562,
    0.9780527811759319,
    0.9805209514513783,
    0.6660575174967465,
    0.9896498843091623,
    0.9895556152200395,
    0.9891887460726193,
    0.7287349225725759,
    0.9833861645681731,
    0.9837812164797781,
    0.990205109810941,
    0.9939314110395471
  ],
  "similarity_mean": 0.9048061693724292,
  "similarity_std": 0.23373023071780055,
  "waypoint_distance": [
    1.7480447713555802,
    1.651928254963834,
    4.216961626535198,
    1.0461866775880797,
    4.721809742548897,
    4.236139435642614,
    3.442301440469812,
    4.278131677902927,
    0.587861427671645,
    1.8733917879934985,
    4.534628523797135,
    8.398723824401042,
    0.5141482950415863,
    4.282473170707059,
    1.117964910448981,
    38.80629109211852,
    2.7359064186882653,
    4.603408887647194,
    2.64384075415508,
    1.5805556471472204,
    4.400646170209207,
    0.7865114811688486,
    3.241807809855374,
    0.4997674611157814,
    2.558111931529328,
    0.6585492520735248,
    23.589879614912114,
    2.437151486500063,
    1.9313645542672915,
    0.5588510533431272,
    1.3672223205915377,
    5.475884187984709,
    1.2675118994026169,
    2.6248879196500026,
    1.3249101997941355,
    1.4293823878246052,
    0.98449708518891,
    3.4921116892165927,
    3.7651702943083754,
    2.48766528617861,
    2.5481962832228913,
    5.546878393440986,
    2.855159637725866,
    0.8074373655070246,
    4.734135330250292,
    1.73981203402496,
    7.108602348993217,
    3.462624527451351,
    0.803325919488655,
    4.408317574996368
  ],
  "waypoint_distance_mean": 3.9183414373408105,
  "waypoint_distance_std": 6.0369798516726485,
  "speed": [
    7.740900620156375,
    8.420829979164806,
    8.413317676406267,
    8.405965187951312,
    8.388407778981808,
    8.412904772053821,
    8.405374377940596,
    8.36176042102347,
    8.08454012974309,
    8.51438331606396,
    8.268953554105744,
    8.411632055606757,
    5.936107731771556,
    8.202239114434407,
    8.37529872087455,
    63.28725370218098,
    7.409400692289029,
    8.46063646833629,
    8.409608393348663,
    8.41505244410925,
    8.405383168928036,
    8.275221335980802,
    7.8490978535840865,
    2.2503302594581838,
    8.399784809588906,
    8.216773108257593,
    8.359301276277932,
    8.411768228542929,
    8.36616971769379,
    8.123676733765091,
    0.15773284496364193,
    8.473528136504012,
    8.399280559478388,
    8.411330616508025,
    4.700198867642091,
    8.21861489575572,
    8.369345286510923,
    8.410583609812301,
    8.257496949078206,
    8.420929742804745,
    8.403685321073594,
    8.411020013437044,
    8.302433458618935,
    8.279000949245997,
    8.239139352516258,
    2.053366337194907,
    8.549701122708182,
    8.372921654104653,
    8.28969064948018,
    7.880260507189463
  ],
  "speed_mean": 8.871646690064948,
  "speed_std": 7.96206017299355,
  "total_reward": [
    2900.0146702322095,
    3394.962057751661,
    1266.3316076528808,
    3893.252949438094,
    1033.697213446403,
    1187.29026721096,
    2750.8338155863476,
    1164.82981027051,
    1950.6056817305885,
    2614.7276877424692,
    898.8799033089986,
    651.8022705311105,
    113.94209954409314,
    193.36985072210496,
    4104.102692571443,
    -500.02967015527,
    -238.49763904634443,
    1101.182775922653,
    2965.9396842144392,
    3415.6382560104253,
    1179.4047851953717,
    2581.417474398008,
    1340.3172392418633,
    -1000.0,
    2525.0952593692855,
    2371.314162667006,
    -8.475351377716207,
    2098.1386525245503,
    3144.3234083714055,
    2025.4156647162467,
    -1000.0,
    1021.3715904743859,
    3797.5263462662974,
    2480.3161427736095,
    -228.65355864187853,
    1961.0786466724248,
    3079.9554197822595,
    2714.9065012778133,
    540.6107390750972,
    2923.76794752492,
    2458.719864941836,
    2208.505215064221,
    2406.263881323764,
    2593.9362958630322,
    859.3840310927734,
    -1000.0,
    524.0106101023573,
    1681.1384590615037,
    2650.6591470435606,
    565.7446169527481
  ],
  "total_reward_mean": 1667.1813835288508,
  "total_reward_std": 1333.8386389437023,
  "timesteps": [
    512,
    512,
    512,
    512,
    512,
    506,
    512,
    512,
    305,
    491,
    512,
    512,
    105,
    350,
    512,
    33,
    33,
    512,
    512,
    512,
    512,
    384,
    410,
    33,
    512,
    353,
    456,
    472,
    512,
    313,
    33,
    512,
    512,
    512,
    71,
    348,
    435,
    512,
    409,
    512,
    512,
    512,
    512,
    389,
    512,
    33,
    480,
    512,
    394,
    308
  ],
  "timesteps_mean": 409.12,
  "timesteps_std": 158.69614236017208
}