{
  "collision_rate": [
    1.0,
    1.0,
    0.0,
    1.0,
    1.0,
    0.0,
    1.0,
    0.0,
    0.0,
    1.0,
    1.0,
    0.0,
    1.0,
    1.0,
    0.0,
    0.0,
    1.0,
    0.0,
    1.0,
    1.0,
    1.0,
    1.0,
    1.0,
    1.0,
    0.0,
    0.0,
    1.0,
    1.0,
    1.0,
    1.0,
    0.0,
    1.0,
    0.0,
    1.0,
    1.0,
    0.0,
    0.0,
    1.0,
    1.0,
    0.0,
    1.0,
    1.0,
    1.0,
    1.0,
    1.0,
    1.0,
    1.0,
    1.0,
    0.0,
    0.0
  ],
  "collision_rate_mean": 0.66,
  "collision_rate_std": 0.4737087712930805,
  "similarity": [
    0.9884921598015101,
    0.9688689092289903,
    0.5632820905986143,
    0.7495273374090365,
    0.9707958573135895,
    0.9705978991144462,
    0.9913520791115482,
    0.9722454718581142,
    0.9679109143520535,
    0.9850761195872546,
    0.9578978059187552,
    0.9555152737576125,
    0.9214430376002598,
    -0.05419491736387509,
    0.9533748828874515,
    0.96426798287907,
    0.9821916070328063,
    0.9687968593980016,
    0.9803033397867623,
    0.9791396997363414,
    0.9892016237417548,
    0.9850938029453202,
    0.9839165805823101,
    0.9861752032905494,
    0.9618947522450251,
    0.8435251899937483,
    0.9730855309249017,
    0.9535026768772356,
    0.9594541355252859,
    0.9644394194063054,
    0.9714199625757315,
    0.962684232340789,
    0.9806412454333019,
    0.9914276367676691,
    0.9901670369758779,
    0.9691551249836141,
    0.9653461870122371,
    0.9820559667300477,
    0.9823219217368823,
    0.9722989975302608,
    0.981846091438076,
    0.9898095780591308,
    0.9755934181850018,
    0.9593657519784249,
    0.9476729810075796,
    0.9762501299434102,
    0.9837537845793594,
    0.9746183910234358,
    0.9555103716929539,
    0.8439558177908909
  ],
  "similarity_mean": 0.933861359066509,
  "similarity_std": 0.15738625560119915,
  "waypoint_distance": [
    4.491219530601819,
    8.49166602836194,
    20.5251266875384,
    5.473798806491918,
    8.132205455687416,
    2.9686428058037557,
    4.546834864028157,
    3.55444299861233,
    3.1647420803229047,
    6.004272561078905,
    7.359394533878445,
    4.31668464847409,
    8.872778137551997,
    33.5749691369562,
    9.949477161026548,
    3.5462559373558658,
    7.66765000213929,
    3.139899888558143,
    2.054062256764805,
    2.1644649043583253,
    5.460782536623651,
    7.761312771841496,
    7.625775161872469,
    5.961889442477501,
    3.784673115840702,
    9.836163457978817,
    5.464627679079422,
    4.335870888501643,
    7.175251948959543,
    9.133409120367286,
    2.8736479484799458,
    9.041022713853707,
    6.891943286767104,
    4.42699611899553,
    5.173049668172914,
    3.0968707424253505,
    2.9884012659663854,
    7.472151129147967,
    8.056333486299955,
    2.8183913795386157,
    7.386627244296792,
    1.169418829026701,
    5.209313311444729,
    3.9736023488689756,
    3.7887922924354682,
    1.5762214151695615,
    1.8162225700692192,
    7.806290038198912,
    9.822622727527476,
    9.799615179369132
  ],
  "waypoint_distance_mean": 6.434517564903764,
  "waypoint_distance_std": 5.054731837257291,
  "speed": [
    8.526241012341403,
    10.096849511058105,
    10.327289227741879,
    9.67230378427754,
    10.064923360889054,
    10.307082659763939,
    9.219660460566866,
    10.291666362999425,
    10.31458821225372,
    9.395501466391012,
    10.191583999690407,
    10.314540478974537,
    10.18919668007472,
    9.943417377748787,
    10.089434373260985,
    10.31943439933103,
    9.838873931110903,
    10.32100985325418,
    9.81889759729641,
    9.771572198710471,
    9.591458017888163,
    10.023760460754316,
    9.970536566888839,
    9.452306746874607,
    10.272775004326276,
    10.316057848954308,
    10.132164563477152,
    10.17510755985479,
    10.182879682650249,
    9.88105015424634,
    10.332860019571651,
    10.068808109574032,
    10.310259519425626,
    9.204410846848758,
    9.579614784292255,
    10.247456321327173,
    10.29870908994759,
    9.825486105230842,
    10.01190033983979,
    10.048152832669901,
    9.803437757401253,
    9.510856962172154,
    10.247476688980113,
    10.215551382549041,
    10.034172021576383,
    9.129942780184795,
    10.104624644869858,
    10.28069943785612,
    10.08550203962927,
    10.318082050422397
  ],
  "speed_mean": 9.973403345760389,
  "speed_std": 0.3847393746675399,
  "total_reward": [
    639.092584725041,
    691.9058999058763,
    112.89389754884796,
    1678.8166601086384,
    596.7873166412567,
    3132.7263811401017,
    592.7542026600181,
    2212.1693425150606,
    3043.916440795307,
    613.5318123930596,
    709.8829117531191,
    2466.591908445708,
    641.1160580679389,
    -8.605989148383571,
    594.2975144550082,
    2790.977517675864,
    630.0587476373655,
    3022.5519405287832,
    2599.044286081095,
    2528.7355558205118,
    702.2632004324815,
    718.4173182355927,
    687.9490655051884,
    626.7523396286209,
    2654.4616242092266,
    764.8146684647207,
    918.7330509863277,
    2052.501717474122,
    720.5476693124681,
    569.3150780493578,
    3205.47249783706,
    639.0011213777466,
    905.6488810720506,
    594.0307894705461,
    704.6490876958013,
    3051.5806928269603,
    2856.893760318551,
    636.6664509078123,
    660.9135081817006,
    3189.1714957752156,
    664.5653270326727,
    2344.828376500966,
    1249.4370169995561,
    2287.8151532519673,
    2362.9249910425888,
    2007.5949052312465,
    3299.1579981292743,
    772.0189772894959,
    606.2113996951333,
    771.1859390402357
  ],
  "total_reward_mean": 1450.2953818344984,
  "total_reward_std": 1024.4011246601995,
  "timesteps": [
    300,
    500,
    512,
    383,
    423,
    512,
    243,
    512,
    512,
    316,
    490,
    512,
    451,
    500,
    512,
    512,
    381,
    512,
    383,
    385,
    318,
    422,
    408,
    314,
    512,
    512,
    435,
    447,
    483,
    479,
    512,
    497,
    512,
    241,
    303,
    512,
    512,
    380,
    413,
    512,
    377,
    282,
    501,
    466,
    509,
    276,
    439,
    509,
    512,
    512
  ],
  "timesteps_mean": 439.16,
  "timesteps_std": 84.40861567399385
}