{
  "collision_rate": [
    1.0,
    1.0,
    1.0,
    1.0,
    1.0,
    1.0,
    1.0,
    0.0,
    1.0,
    1.0,
    1.0,
    1.0,
    1.0,
    1.0,
    1.0,
    1.0,
    0.0,
    1.0,
    1.0,
    1.0,
    1.0,
    1.0,
    1.0,
    1.0,
    1.0,
    1.0,
    1.0,
    1.0,
    1.0,
    1.0,
    1.0,
    1.0,
    1.0,
    1.0,
    1.0,
    1.0,
    1.0,
    1.0,
    1.0,
    1.0,
    1.0,
    1.0,
    1.0,
    1.0,
    1.0,
    1.0,
    0.0,
    1.0,
    1.0,
    1.0
  ],
  "collision_rate_mean": 0.94,
  "collision_rate_std": 0.23748684174075838,
  "similarity": [
    0.9872540478008093,
    0.9861242291921534,
    0.9936299627658082,
    0.9956035842365534,
    0.9997975164140764,
    0.9952557991947683,
    0.8765781010033638,
    0.9817628407736272,
    0.9991962255607223,
    0.9989427068495557,
    0.9881991201536806,
    0.9882315886701816,
    0.9917877264858496,
    0.9823738416678791,
    0.7961523334599281,
    0.99339712413761,
    0.9452519558793477,
    0.988607480092871,
    0.9840125691794366,
    0.8444992353454579,
    0.9875045341895594,
    0.9999984601462476,
    0.994535211971218,
    0.9506382804167317,
    0.846601502356717,
    0.9793817918342195,
    0.991005693149839,
    0.9777307521044767,
    0.9941816252192475,
    0.9308548877650588,
    0.8364271897032096,
    0.992484318972353,
    0.992140134264151,
    0.9914868484007232,
    0.982247209959409,
    0.9878758872651996,
    0.9907200315291463,
    0.9777422585292541,
    0.9905432931840281,
    0.9905785197018002,
    0.9881372136917201,
    0.988227724314674,
    0.9913045400326934,
    0.9958230876735272,
    0.9953581123519294,
    0.987756058797907,
    0.9150887836125523,
    0.8067735742262797,
    0.87815117777072,
    0.9854223830013426
  ],
  "similarity_mean": 0.9646675814999922,
  "similarity_std": 0.05360809211046643,
  "waypoint_distance": [
    1.167496810571226,
    1.3355901522607156,
    0.7129644464383599,
    0.6413513080758911,
    1.0026462859605312,
    0.7215929993440755,
    1.42551871829608,
    1.3741933544840983,
    0.79128606509916,
    0.9481359930541579,
    1.2536235017879616,
    1.138595163300293,
    0.7835057028524196,
    0.837217773113717,
    2.119634370501152,
    1.0005589213033357,
    1.0336734486517312,
    0.8966519383788033,
    1.5368794350959312,
    2.0289046114333074,
    0.8963004504072208,
    1.626027111186111,
    0.7517245994526311,
    3.3711089488825943,
    2.0409185348566314,
    1.2118652540604005,
    0.8979761840280132,
    1.9061435215851994,
    0.6903111694451476,
    1.460052685428158,
    3.2184802959616508,
    0.8993614143076194,
    0.8022301324558965,
    0.7733421124497559,
    1.8022899524001261,
    0.8610564573981445,
    1.5162260116564201,
    2.0493715922849396,
    0.7757518954864344,
    1.0472100024747417,
    1.3278759945992082,
    1.0190314601310082,
    1.1600158758253032,
    0.8199748716666879,
    0.71814795173686,
    1.061114887170978,
    1.4270009672066746,
    1.7187771020005302,
    1.8780458948751662,
    1.1808296066159514
  ],
  "waypoint_distance_mean": 1.2731716787607832,
  "waypoint_distance_std": 0.5838772665686256,
  "speed": [
    8.619218878230443,
    10.184877519994163,
    8.955027675240366,
    9.00140529982603,
    2.5077920611082773,
    8.914430479563002,
    9.884828387238766,
    10.200099492807686,
    8.296296164728881,
    2.892452083473665,
    9.279509573374705,
    9.552586099889409,
    9.262871221728563,
    9.224783012745707,
    9.727702722680354,
    9.162268887883481,
    10.241407845535996,
    9.406913834255706,
    10.199534794376566,
    9.172916555105228,
    8.861137381795286,
    0.5512399535018808,
    9.347526075003925,
    9.920950991824144,
    9.222696380078304,
    9.184414651623475,
    9.49628126618682,
    9.641445440535668,
    8.61060089407398,
    9.786991331830427,
    9.007422752099684,
    9.42980841370667,
    9.439375481693778,
    9.059441186235842,
    9.833610991103042,
    8.900808099071481,
    9.566550481636753,
    9.580702480617777,
    9.269697085241638,
    9.780638253582865,
    10.11394677919576,
    9.42611702828278,
    10.143370513488998,
    8.996050753942608,
    8.154163494788241,
    9.315521778011076,
    10.274994024549157,
    9.7771527153231,
    10.176360667497214,
    9.516097381795355
  ],
  "speed_mean": 8.981440746362095,
  "speed_std": 1.852985789408796,
  "total_reward": [
    2550.342193514533,
    4534.748646785642,
    856.486299567925,
    1859.35048204656,
    71.39302245897522,
    1421.284817009419,
    3319.047200769126,
    4797.849276157162,
    264.9791159843576,
    -902.2784825652907,
    1299.6771022366975,
    2541.9181063248025,
    2190.8159576888474,
    2140.575261489304,
    2558.7529997650813,
    1499.8055167721857,
    4885.219874063099,
    2401.5338743575735,
    4519.38866351809,
    1623.8519189348244,
    1266.1789740071144,
    -10850.0,
    2059.8658031275872,
    2192.1899535584657,
    1609.5196470888152,
    1962.3126998980013,
    2638.1969563910257,
    2676.745159774833,
    1021.0106526726515,
    3028.804843036754,
    941.8659606505022,
    2033.0191964460828,
    2598.5400343734827,
    1935.1559438507943,
    2841.5482166068377,
    1797.7738353828674,
    2126.345930284972,
    2280.349570655119,
    2244.317758798226,
    3477.2120448686196,
    4084.36527206101,
    2547.1741910394203,
    4303.977285660332,
    1671.6969362552256,
    747.6285107665492,
    1763.325577159911,
    4648.135755095907,
    2641.682648161402,
    3572.8041444950977,
    2542.7526530818604
  ],
  "total_reward_mean": 2056.7847600425675,
  "total_reward_std": 2211.381815652085,
  "timesteps": [
    315,
    488,
    210,
    210,
    33,
    218,
    415,
    512,
    154,
    36,
    276,
    343,
    241,
    237,
    369,
    221,
    512,
    267,
    506,
    260,
    205,
    33,
    224,
    426,
    257,
    245,
    283,
    383,
    179,
    368,
    216,
    272,
    280,
    218,
    381,
    209,
    294,
    343,
    247,
    366,
    447,
    292,
    434,
    189,
    155,
    261,
    512,
    390,
    454,
    305
  ],
  "timesteps_mean": 293.82,
  "timesteps_std": 119.28280513133483
}