{
  "collision_rate": [
    1.0,
    1.0,
    1.0,
    1.0,
    1.0,
    0.0,
    1.0,
    1.0,
    1.0,
    1.0,
    1.0,
    1.0,
    0.0,
    0.0,
    1.0,
    1.0,
    1.0,
    1.0,
    1.0,
    1.0,
    1.0,
    1.0,
    1.0,
    1.0,
    0.0,
    1.0,
    1.0,
    1.0,
    1.0,
    1.0,
    1.0,
    1.0,
    1.0,
    1.0,
    1.0,
    1.0,
    1.0,
    1.0,
    1.0,
    1.0,
    1.0,
    1.0,
    1.0,
    1.0,
    0.0,
    1.0,
    1.0,
    0.0,
    1.0,
    1.0
  ],
  "collision_rate_mean": 0.88,
  "collision_rate_std": 0.32496153618543844,
  "similarity": [
    0.9993047736624265,
    0.990771377380424,
    0.8218752760319515,
    0.9675594626320266,
    0.9921808554243812,
    0.8039642806999726,
    -0.9927773557834845,
    0.6953197944855496,
    0.9961076882878933,
    0.9181852207287774,
    0.9798780743942185,
    0.9498558234017715,
    0.9729984071228095,
    0.9922581710410197,
    0.9978349116277543,
    0.9945087411619935,
    0.923844877389491,
    0.9831480053602147,
    0.9741420037206175,
    -0.04960949329805461,
    0.9938109786268927,
    0.9820269260998653,
    0.9834818644205902,
    0.975913568212276,
    0.9774217742548454,
    0.9349475351673046,
    0.9763313643761141,
    0.988526468133182,
    0.4860475701018532,
    -0.7629147549751073,
    0.9933920314722933,
    0.9953524016302783,
    0.9895336631349964,
    0.9999583259932119,
    0.9939381435980078,
    0.998774268264202,
    0.9933928132475723,
    0.9999568662465893,
    0.9940941727142525,
    0.950268776303303,
    -0.6153686980957465,
    0.9872582569532519,
    0.7135246434186476,
    0.9948546615855977,
    0.9633252842476354,
    0.9932748451092983,
    0.9872194660120427,
    0.7956285390309334,
    0.9960002406352678,
    0.9891214468832586
  ],
  "similarity_mean": 0.8232088867654894,
  "similarity_std": 0.44290033609247337,
  "waypoint_distance": [
    0.3441839618646603,
    1.0520140008768242,
    5.478348312015274,
    1.480901316265139,
    0.717452139178383,
    5.706475371676006,
    9.903168050009162,
    1.6275927858794292,
    0.7204173519116865,
    1.6772829447676232,
    1.849546007565153,
    4.076294207449862,
    2.3837411698460773,
    1.231193896293715,
    0.5930158525603998,
    0.947553104302293,
    3.706791843546176,
    1.2834336141885077,
    1.8608232081312537,
    2.2738028788884015,
    0.7132188792172558,
    1.3592474149479856,
    1.2970372443408813,
    1.5490172357522025,
    2.1571733267238766,
    1.3168385575702435,
    1.6166648579227534,
    1.0312399516423458,
    19.477805806403875,
    8.9337584398398,
    0.6266808273173519,
    0.7268827540198946,
    0.18097615570576425,
    0.4605485945782079,
    0.8397123272313,
    0.5800879818411276,
    0.8448839740928424,
    0.4994496538297331,
    0.6936649808333382,
    5.158840740232537,
    6.842740982403149,
    1.1235939057218451,
    1.5955781971669787,
    0.7573010651680974,
    3.951946872383214,
    0.7280764136630554,
    0.9152694743175157,
    3.1900573621056387,
    0.6099524024236269,
    0.8153937862289391
  ],
  "waypoint_distance_mean": 2.390153443656828,
  "waypoint_distance_std": 3.2335603777942956,
  "speed": [
    4.71664909113719,
    7.655167061903118,
    9.216299163486623,
    8.438128003445563,
    8.248124060893998,
    9.665951067221169,
    7.904286917315767,
    0.6157232891652532,
    7.7067812415055865,
    7.7101130603685535,
    9.234405770266827,
    8.948995774985255,
    5.154841546516249,
    9.59768737779336,
    7.725212061397979,
    7.6991761261292,
    6.932076301225935,
    8.23230172436279,
    8.153531425459255,
    8.613865574826994,
    7.355385483935638,
    8.104589050265792,
    8.167513415634259,
    7.675027172007012,
    5.094479811839862,
    6.368365383914451,
    8.38579688360824,
    8.218313438711823,
    19.771678464273876,
    19.2647513948857,
    7.245508830212501,
    7.674528749078733,
    1.195293060752971,
    1.8100902286302332,
    7.606068756222483,
    7.077215394770836,
    7.995687515729784,
    1.9208365186168161,
    7.335242607495545,
    9.405890886919671,
    14.815990074277352,
    7.95766505184096,
    0.8700166674158288,
    7.7228049334564295,
    8.543044054889165,
    8.303952082356167,
    7.278480804113411,
    9.408207731866934,
    8.030030033036162,
    8.528669886653374
  ],
  "speed_mean": 7.826008820136374,
  "speed_std": 3.4263136574683966,
  "total_reward": [
    754.6206131864984,
    1594.961816086344,
    2128.5028794681048,
    1996.2308796231598,
    1752.9920910052565,
    2389.537619876197,
    -170.92316468246764,
    -20720.0,
    894.5278686451545,
    1217.490685341486,
    2941.2839105208795,
    1808.7240017624838,
    1496.282492799251,
    4405.454370790461,
    1001.9065801692175,
    1684.5983668588246,
    -12477.531781588334,
    2081.745768943698,
    1913.018124642801,
    -1207.0613168336085,
    1176.825033384898,
    2032.1057253682573,
    2138.0183668285,
    1461.8365333602605,
    1565.430534001621,
    693.5522829032404,
    1312.4778186096605,
    1482.7969429483876,
    -496.98748212191686,
    -3074.87230225168,
    467.86881826548364,
    1461.8274562830338,
    -52016.85157626337,
    -941.3464842416864,
    1595.9617812700194,
    527.5018723740145,
    1874.9497125436276,
    52.14077414334639,
    1232.3531421351247,
    1329.0402324085032,
    -4565.079046063133,
    860.7654898958438,
    -20230.0,
    1377.4504130158673,
    2060.6241144972346,
    2056.2694040176552,
    1180.2108654911947,
    2067.8426556568916,
    1358.686784976764,
    1674.4305342651646
  ],
  "total_reward_mean": -1055.956155913636,
  "total_reward_std": 8715.233348342803,
  "timesteps": [
    164,
    216,
    499,
    304,
    277,
    512,
    261,
    33,
    183,
    217,
    445,
    444,
    512,
    512,
    196,
    223,
    33,
    290,
    313,
    33,
    164,
    295,
    303,
    241,
    512,
    140,
    353,
    258,
    33,
    33,
    68,
    194,
    33,
    33,
    214,
    147,
    240,
    33,
    172,
    508,
    33,
    254,
    33,
    182,
    512,
    252,
    169,
    512,
    234,
    321
  ],
  "timesteps_mean": 242.86,
  "timesteps_std": 156.04332859818135
}