{
  "collision_rate": [
    0.0,
    1.0,
    1.0,
    1.0,
    1.0,
    0.0,
    1.0,
    0.0,
    0.0,
    1.0,
    1.0,
    1.0,
    1.0,
    1.0,
    1.0,
    1.0,
    1.0,
    1.0,
    1.0,
    1.0,
    1.0,
    1.0,
    0.0,
    1.0,
    1.0,
    0.0,
    1.0,
    0.0,
    1.0,
    1.0,
    0.0,
    1.0,
    0.0,
    1.0,
    1.0,
    1.0,
    1.0,
    1.0,
    0.0,
    1.0,
    1.0,
    1.0,
    1.0,
    1.0,
    1.0,
    0.0,
    0.0,
    1.0,
    1.0,
    0.0
  ],
  "collision_rate_mean": 0.74,
  "collision_rate_std": 0.4386342439892262,
  "similarity": [
    0.98692830214741,
    0.9999732698035046,
    0.9862983392741292,
    0.983056756049917,
    0.9863724097445995,
    0.9799664294552176,
    0.9958222823129765,
    0.9707173789246204,
    0.9983579647110056,
    0.9806731190172329,
    0.9653709418332239,
    0.977124541881694,
    0.999924859464671,
    0.9820947397715039,
    -0.17548158651148432,
    0.8900993067198464,
    0.9906955158070906,
    0.9948522793161835,
    0.9724217869218634,
    0.975199631317606,
    0.999917856765522,
    0.9593008852206083,
    0.9896282068278557,
    0.9862249101682344,
    0.99515251354062,
    0.9835649186950751,
    0.9929899850984206,
    0.9711150726593439,
    0.9985106497319927,
    0.9754408969390143,
    0.9706560659464667,
    -0.3900109515811477,
    0.981081248730851,
    0.9835436014764791,
    0.9797476938661667,
    0.9924782467042957,
    0.9929276096751486,
    0.9647221737510537,
    0.9652040430353913,
    0.9984307057990968,
    0.9945891011822566,
    0.8307615577273734,
    0.9848250131336944,
    0.904521167570983,
    0.9508109130608919,
    0.995668577860097,
    0.964425590242886,
    0.9722175713135891,
    0.9845422728536306,
    0.92744879592328
  ],
  "similarity_mean": 0.9248181032376397,
  "similarity_std": 0.24922125078329266,
  "waypoint_distance": [
    1.417567615991179,
    0.3252478054500465,
    1.387773509139183,
    1.9346285230646818,
    0.9387779781420676,
    1.046851205963367,
    0.8845585441617894,
    3.5483992745689665,
    5.858477659004992,
    1.8295391678058104,
    6.374696060212745,
    7.556086360210419,
    0.17769395197625246,
    6.984293184704879,
    5.559996067809495,
    0.9995997006729602,
    1.2824286914647953,
    8.185527084581878,
    3.3032576973383727,
    7.522923419960357,
    0.16955129641379169,
    0.8821074301876555,
    1.3250880428049052,
    1.771190387089176,
    0.22768247698728356,
    5.701158381203003,
    6.419513580704381,
    3.1769031231643687,
    0.6052882462350517,
    2.971159783802451,
    3.458952120463621,
    26.37148880598545,
    3.484502008220925,
    2.290033611792973,
    1.2428841704901163,
    7.478952311111349,
    0.7971965236226286,
    2.838400716312491,
    2.940388803047475,
    0.6278579828478686,
    1.1371220844324232,
    16.07292874723457,
    2.073103470675927,
    7.579199722834567,
    0.9748699644031252,
    3.343392963881612,
    2.9751081663546763,
    2.9563396650054483,
    7.516645587533018,
    3.350398518984423
  ],
  "waypoint_distance_mean": 3.7975546439210204,
  "waypoint_distance_std": 4.408923534890651,
  "speed": [
    9.530204608385908,
    1.9841039493678119,
    10.164861964386334,
    10.12753741932653,
    9.677407722535255,
    10.174195611733778,
    9.823924252460666,
    11.343111301442972,
    10.208438460289456,
    10.08994245029473,
    10.855282898177068,
    10.157748194319659,
    1.7279034103354363,
    10.170649469403767,
    36.78157303430836,
    2.549582012958013,
    10.066089804449751,
    9.95651734245609,
    10.316292394064206,
    10.223874281104047,
    1.9500803015878698,
    9.732034330734637,
    11.2831698708874,
    10.18572686785522,
    2.2293274659581,
    10.174078174503506,
    10.015180113400818,
    10.231293457070496,
    9.857948223053096,
    9.533086265187093,
    10.213076012956659,
    9.989841990266097,
    10.047705287319648,
    10.232147131588874,
    9.092139856976209,
    10.177839831650823,
    8.496113722733678,
    10.161128675017853,
    10.192562479394079,
    9.825313195038195,
    9.832958742039361,
    10.058940428170011,
    10.058999499754453,
    10.885115874613582,
    10.019784704168883,
    10.219572960507758,
    10.175048782074683,
    10.118594651106173,
    10.137009968437141,
    10.202392235400156
  ],
  "speed_mean": 9.825149033625049,
  "speed_std": 4.557818710863462,
  "total_reward": [
    4013.3317975647483,
    -6935.2168702683975,
    4140.769155159931,
    2812.055738821257,
    2273.4527320361303,
    5061.309047736408,
    2786.5628291173903,
    3305.0367253700383,
    813.1069285796948,
    3105.0942324244784,
    599.2615768223317,
    525.4352936741788,
    26.480418688273087,
    1041.4586677221396,
    -554.4835829171574,
    42.798297629659736,
    3778.695711814276,
    390.2539579976557,
    3097.5689669446524,
    552.5062191096117,
    23.63267197375585,
    2020.2286235935242,
    5426.989853007472,
    3723.3833633020727,
    62.314284056664945,
    872.8196962747044,
    612.9223609895341,
    2428.417013009198,
    2350.836805683825,
    2356.3822786624796,
    2996.002804739335,
    -20.99166459155681,
    2770.4815725414055,
    3374.085885639619,
    1475.1190325424898,
    736.2027349013025,
    1285.865832871508,
    2956.569607862594,
    2848.540366973357,
    2313.089980915303,
    2270.5639756751575,
    38.859825238666645,
    3171.468508929068,
    446.39488767915753,
    2588.7192507744594,
    2152.0792951332087,
    3331.891318771827,
    2521.1238803348083,
    629.4075509868845,
    2147.7635576006373
  ],
  "total_reward_mean": 1815.7328600019953,
  "total_reward_std": 1896.8059612729733,
  "timesteps": [
    512,
    33,
    479,
    372,
    250,
    512,
    288,
    512,
    512,
    403,
    366,
    377,
    33,
    511,
    33,
    33,
    435,
    280,
    504,
    378,
    33,
    231,
    512,
    456,
    33,
    512,
    337,
    512,
    241,
    498,
    512,
    351,
    512,
    470,
    186,
    455,
    155,
    448,
    512,
    238,
    240,
    318,
    425,
    308,
    291,
    512,
    512,
    491,
    433,
    512
  ],
  "timesteps_mean": 361.38,
  "timesteps_std": 158.59065420131165
}