{
  "collision_rate": [
    1.0,
    1.0,
    1.0,
    1.0,
    1.0,
    1.0,
    1.0,
    1.0,
    0.0,
    1.0,
    0.0,
    0.0,
    0.0,
    1.0,
    1.0,
    0.0,
    0.0,
    1.0,
    1.0,
    0.0,
    0.0,
    1.0,
    1.0,
    1.0,
    0.0,
    1.0,
    0.0,
    0.0,
    0.0,
    0.0,
    1.0,
    0.0,
    1.0,
    1.0,
    0.0,
    1.0,
    0.0,
    1.0,
    0.0,
    1.0,
    1.0,
    1.0,
    1.0,
    1.0,
    0.0,
    1.0,
    0.0,
    1.0,
    1.0,
    0.0
  ],
  "collision_rate_mean": 0.6,
  "collision_rate_std": 0.4898979485566356,
  "similarity": [
    0.9922184859972837,
    0.8912187210347277,
    0.8939902303156989,
    0.886681872619427,
    0.9918969870314359,
    0.8930444073936314,
    -0.9975072407950121,
    0.7519682154114506,
    0.9875536566025482,
    0.9666353171888697,
    0.9973576017975989,
    0.9881680871006221,
    0.9964722622455775,
    0.9622808013401913,
    0.9992236318440824,
    0.9683844547213417,
    0.9509983149064446,
    0.891840704297822,
    0.9280527289573299,
    0.9981147427738721,
    0.979143546725011,
    0.991032325012856,
    -0.9488007929220413,
    0.9999023472926905,
    0.9984398330740234,
    0.9472456991229204,
    0.994283345075784,
    0.9876176006985743,
    0.989580257887667,
    0.9913387954413249,
    0.9920403826772913,
    0.9918368923437819,
    0.9001652733227521,
    0.9347985982727615,
    0.9327991594436692,
    0.9912359058403221,
    0.9921400649126031,
    0.9989699562261595,
    0.9922038862437509,
    0.9880718837957463,
    0.9999914516568859,
    0.603214998391238,
    0.712463605654532,
    0.9999451007343537,
    0.989977123176929,
    0.9901788347040246,
    0.7333220856008887,
    0.973322984685703,
    0.9948934865262941,
    0.99738892179256
  ],
  "similarity_mean": 0.8715467507239201,
  "similarity_std": 0.38548740958620953,
  "waypoint_distance": [
    1.5491630765260924,
    2.104402022584535,
    1.7831835202253743,
    2.815382701219408,
    1.1397011444919833,
    1.8345518763149609,
    8.454221978277035,
    1.6092403613200055,
    2.902327546738072,
    0.7475249951047622,
    0.7818193629805451,
    2.7963317198031934,
    0.9527248029954354,
    1.5646443943669919,
    0.4633390329466166,
    2.777234536237442,
    3.7292116064984837,
    3.3219318398312416,
    3.6375457431701417,
    0.6476055982216469,
    1.5895135436081906,
    2.1078556789568434,
    18.502449197712195,
    0.47010219336825476,
    0.6065515895646604,
    1.1748957599452274,
    1.8935758847747504,
    2.9205203983286587,
    2.6407341166904277,
    2.585844430934218,
    0.668036968303291,
    2.513178391632969,
    3.5393611150871704,
    2.8008224772019203,
    2.7226565329560426,
    2.0294151547374892,
    2.2013043971423154,
    0.5563576667155641,
    1.175258808522978,
    2.714534258998534,
    0.1633369100653498,
    3.209358909255735,
    6.873006560399394,
    0.35286311598524694,
    2.605927738489774,
    2.2877798046864566,
    8.06582424313744,
    2.1956012216736114,
    0.8000631152263318,
    0.7846776061438026
  ],
  "waypoint_distance_mean": 2.5672699130019767,
  "waypoint_distance_std": 2.8456359092010226,
  "speed": [
    7.536752967590301,
    9.08624942917505,
    8.669714352381261,
    8.381814494702779,
    8.645843284232111,
    9.109340663588567,
    8.072206909601304,
    0.36936343366075886,
    9.260550065508106,
    7.666206987541017,
    9.423117216031688,
    9.362134857740505,
    5.122080323802314,
    7.569774078654195,
    0.000920057091292145,
    9.235391376274187,
    9.34476180568589,
    9.25222508776923,
    9.109859117618267,
    9.379380162226141,
    9.427622471040369,
    9.187328781282435,
    20.45706003820303,
    3.901332164697567,
    5.113523795298296,
    6.043569990597877,
    9.353344218538254,
    9.310596832477124,
    9.323201440257739,
    9.308220569161636,
    7.728852525142038,
    9.310755649799951,
    5.329305001186713,
    1.7060226701090306,
    9.318448622516392,
    9.14622907437414,
    9.342394829355571,
    5.543033100755541,
    9.350959667140755,
    9.150448643827565,
    0.07197454909573735,
    9.315137687958057,
    6.504301003840014,
    1.5482372859840676,
    9.35554650425222,
    9.012609489986472,
    8.994371685822468,
    9.118257153979352,
    8.003982476026815,
    9.43646382337413
  ],
  "speed_mean": 7.866216368339126,
  "speed_std": 3.224374779174576,
  "total_reward": [
    2559.4731736591284,
    1482.696335746204,
    1708.8858794084438,
    1067.6556000165635,
    1041.5579320873776,
    2974.3968651981313,
    -167.3299300760071,
    -1000.0,
    2630.4485937213262,
    1560.5290874922723,
    4813.35756751125,
    2658.539789597672,
    2592.511495285278,
    1162.5468612766676,
    -1000.0,
    2787.5674977628296,
    2312.7006309596877,
    2661.0434498945783,
    1908.1403901216097,
    4793.779520393021,
    3905.378099548065,
    2513.6143957276367,
    -1000.0,
    -250.8820328714315,
    2614.8885104216542,
    735.9152472909715,
    3597.6010140565973,
    2579.4513348359014,
    2813.8322105353473,
    2786.0274786699556,
    622.9086209723067,
    2915.9849110462574,
    -1000.0,
    -494.4652251972844,
    2841.5195600004563,
    2032.659999177347,
    3216.2128711773,
    117.04547062095139,
    4272.127165323779,
    2074.0928874622723,
    -1000.0,
    2696.8154398855986,
    1555.0469795174145,
    40.17870271224977,
    2806.7839811510544,
    2493.8397281929024,
    1510.7284900148138,
    2387.0687116870354,
    1346.7485140160204,
    4815.2929069311285
  ],
  "total_reward_mean": 1881.8983342592464,
  "total_reward_std": 1552.3445260765388,
  "timesteps": [
    440,
    384,
    286,
    257,
    264,
    423,
    233,
    33,
    512,
    217,
    512,
    512,
    512,
    214,
    33,
    512,
    512,
    481,
    432,
    512,
    512,
    408,
    33,
    66,
    512,
    148,
    512,
    512,
    512,
    512,
    84,
    512,
    33,
    33,
    512,
    403,
    512,
    113,
    512,
    489,
    33,
    495,
    500,
    33,
    512,
    433,
    512,
    399,
    234,
    512
  ],
  "timesteps_mean": 357.48,
  "timesteps_std": 182.98308555710827
}