{
  "collision_rate": [
    1.0,
    1.0,
    1.0,
    1.0,
    1.0,
    1.0,
    1.0,
    1.0,
    1.0,
    1.0,
    1.0,
    1.0,
    1.0,
    1.0,
    1.0,
    1.0,
    1.0,
    1.0,
    1.0,
    1.0,
    1.0,
    1.0,
    1.0,
    1.0,
    1.0,
    1.0,
    1.0,
    1.0,
    1.0,
    1.0,
    1.0,
    1.0,
    1.0,
    1.0,
    1.0,
    1.0,
    1.0,
    1.0,
    1.0,
    1.0,
    1.0,
    1.0,
    1.0,
    1.0,
    1.0,
    1.0,
    1.0,
    1.0,
    1.0,
    1.0
  ],
  "collision_rate_mean": 1.0,
  "collision_rate_std": 0.0,
  "similarity": [
    0.9526735395509571,
    0.9906745423292043,
    0.9664606384086476,
    0.966635400930059,
    0.9562114873805541,
    0.9514660448821934,
    0.9654827376556387,
    0.9935585362911812,
    0.9147755809931692,
    0.990380421171783,
    0.9717526072153025,
    0.9889368134213578,
    0.7993833828417874,
    0.4762440858020302,
    0.9242715576208159,
    0.9456200436373491,
    0.9455567858536611,
    0.9685879268627641,
    0.9676631628774598,
    0.993252424537437,
    0.9925993030674479,
    0.9565415261719428,
    0.9694426762690124,
    0.9998556728608362,
    0.9445779224545041,
    0.969515414491136,
    0.9638133755703971,
    0.9497798764726633,
    0.9610537415825632,
    0.9881767086829032,
    0.9268621648938687,
    0.2566842723611958,
    0.927673211969249,
    0.9280122255247686,
    0.909154728746572,
    0.9658634506832584,
    0.9707073620683299,
    0.9755610695111607,
    0.984129073775913,
    0.9357448108648477,
    0.9235935631510898,
    0.9107840262202672,
    0.9899363094336171,
    0.9603386109636951,
    0.9698457390117801,
    0.9338246233694844,
    0.9988293192527727,
    0.9655480786981903,
    0.9342939587492614,
    0.9783012969872795
  ],
  "similarity_mean": 0.9334126366824672,
  "similarity_std": 0.12227771430505534,
  "waypoint_distance": [
    2.3970828401138147,
    0.5625968341981997,
    1.552603660150717,
    1.6224677605660889,
    1.7024512406133814,
    1.8985466595089182,
    1.607979661772384,
    0.7826342093878346,
    3.6751159766729145,
    0.7137446907935171,
    1.3492834465547576,
    0.6410212303034706,
    2.5814044655069504,
    1.3728999895697886,
    2.2184787546458606,
    1.5719914757557727,
    2.314253493110954,
    1.632095044461861,
    1.4698861184665195,
    0.3761584406928381,
    0.8805846478647484,
    1.559435406167519,
    1.1962476914206384,
    0.7657192205662479,
    2.9541121367203105,
    1.6341611075449147,
    1.5155230548509337,
    4.049420465683842,
    2.6941850281081234,
    0.7491800696428424,
    3.1865466697874965,
    2.73551705683298,
    2.545244592768047,
    2.66883454459754,
    3.6020240524126987,
    1.4493240651530779,
    1.334136111835552,
    1.2077784441032728,
    0.7453608744635277,
    2.3057308040275406,
    2.784295089210113,
    3.628450368476177,
    0.9367439273743853,
    1.7260225475393527,
    1.4550720176129932,
    2.0024100266746534,
    0.6964935150989452,
    1.463139134514,
    2.548338515079985,
    0.8908060163070735
  ],
  "waypoint_distance_mean": 1.7990706639057215,
  "waypoint_distance_std": 0.9039804698406708,
  "speed": [
    8.16762406141867,
    5.104170525449265,
    8.479361091714765,
    8.075753320681693,
    7.225626986332923,
    8.305322446814541,
    8.820204750537929,
    6.26033015247409,
    9.177736991885993,
    5.840979619047646,
    7.421323434950275,
    4.0680265986277595,
    1.2615918136136715,
    7.8692353496805225,
    8.415825374269719,
    7.899597721212567,
    8.631660341288896,
    8.567188096327596,
    7.41507068200506,
    0.05826697061495377,
    6.254987085494937,
    7.289416560114755,
    7.178562249684613,
    2.5042946679802065,
    8.848873245041439,
    8.186728329521888,
    7.676204679803152,
    9.474167560980963,
    9.330357916742015,
    6.482584978822519,
    8.622046172045017,
    8.66231152666831,
    8.29978227545047,
    8.379141044572338,
    8.917102214172777,
    7.983708736297376,
    8.623676695072023,
    8.26745300389782,
    6.142231767073182,
    8.180000721211172,
    8.268062924410485,
    9.018304046440678,
    5.715400896946499,
    8.269437614639203,
    7.751179884146992,
    7.774495153933889,
    2.0389900100806915,
    8.091715527335031,
    8.529915708710107,
    6.616820405293422
  ],
  "speed_mean": 7.28885699863065,
  "speed_std": 2.054103108690214,
  "total_reward": [
    1426.5407591751323,
    -38.979144626365496,
    1049.0592985166106,
    1298.2010613910836,
    926.6211698948687,
    1267.9413371425953,
    1698.599387502851,
    371.6212958321877,
    1293.996797115632,
    166.90520714176068,
    1178.6004779328505,
    -249.6982985327509,
    -1000.0,
    557.1532898855952,
    1210.7393292668398,
    1191.850282654687,
    1335.8547571514284,
    1538.7682372487536,
    1132.9346837343103,
    -1000.0,
    424.70406030729794,
    1029.0888759658465,
    577.9518456042647,
    -418.78490249226155,
    1352.5416698104889,
    1366.1311197651821,
    675.017230915325,
    1802.6842244474012,
    1945.0250101214986,
    409.45961472526506,
    1156.7845961128023,
    750.1809033813837,
    1109.2495687600906,
    1019.6863289567816,
    1145.6156052156061,
    796.0176095144395,
    1160.5602381667409,
    1560.070431917052,
    297.6555270509523,
    1110.2544287804067,
    1004.7456714614899,
    1250.2223608381519,
    146.43536053570574,
    1344.4185019608378,
    1248.668548701345,
    1013.2053595147844,
    56.52860292748647,
    1365.1681394275063,
    1220.5705604551442,
    462.7349596008313
  ],
  "total_reward_mean": 874.7860396175585,
  "total_reward_std": 643.6412826055808,
  "timesteps": [
    317,
    93,
    250,
    218,
    177,
    229,
    271,
    142,
    310,
    117,
    195,
    64,
    33,
    206,
    238,
    210,
    257,
    247,
    191,
    33,
    151,
    186,
    174,
    33,
    292,
    224,
    196,
    423,
    363,
    144,
    271,
    259,
    241,
    228,
    288,
    209,
    247,
    230,
    134,
    230,
    235,
    309,
    116,
    234,
    203,
    206,
    33,
    225,
    253,
    152
  ],
  "timesteps_mean": 205.74,
  "timesteps_std": 82.25759782536808
}