{
  "collision_rate": [
    1.0,
    1.0,
    1.0,
    0.0,
    0.0,
    1.0,
    1.0,
    1.0,
    1.0,
    1.0,
    1.0,
    1.0,
    1.0,
    0.0,
    1.0,
    1.0,
    1.0,
    0.0,
    1.0,
    1.0,
    1.0,
    1.0,
    1.0,
    1.0,
    1.0,
    0.0,
    1.0,
    1.0,
    1.0,
    1.0,
    1.0,
    1.0,
    1.0,
    1.0,
    0.0,
    1.0,
    1.0,
    1.0,
    1.0,
    1.0,
    1.0,
    1.0,
    0.0,
    1.0,
    1.0,
    1.0,
    0.0,
    0.0,
    0.0,
    1.0
  ],
  "collision_rate_mean": 0.8,
  "collision_rate_std": 0.4,
  "similarity": [
    0.9841310461896174,
    0.9944143014205094,
    0.8176966836924227,
    0.9849070127423076,
    0.8657524753003083,
    0.8810697148303884,
    0.9521156822183104,
    0.8989889473957593,
    0.994823006467395,
    0.9819647815937681,
    0.9232237090774784,
    0.9288931414044247,
    0.9380145295228887,
    0.9841625345269744,
    0.9474882066016416,
    0.9882421077742963,
    0.9909025671661562,
    0.9850880191950253,
    0.9955178885192971,
    0.8279770365904767,
    0.940098166628908,
    0.9833917424346469,
    0.9863919722904674,
    0.993453418940103,
    0.8914839958920259,
    0.9844487282966876,
    0.9451098307127314,
    0.9879316114588671,
    0.8107441161405778,
    0.9855508871881974,
    0.985317458562098,
    0.9774082286766842,
    0.991816919618312,
    0.8017748915281945,
    0.9648442455398611,
    0.9089832536101733,
    0.9840025986326957,
    0.9932330988798814,
    0.9910579543554744,
    0.9956556197106843,
    0.9921223028348146,
    0.9920890473075783,
    0.9249859477484286,
    0.8879136838636155,
    0.9901544063070656,
    0.8790815569672832,
    0.9262179460073346,
    0.9780093581097169,
    0.9801780160017243,
    0.9603573105708324
  ],
  "similarity_mean": 0.9495836341409023,
  "similarity_std": 0.05399131175669621,
  "waypoint_distance": [
    1.2349634511540744,
    0.7488614268240094,
    3.5505183298906795,
    1.3347237434758228,
    2.2723186515394005,
    1.794774942541985,
    1.1786826761629587,
    1.3477318240582217,
    0.7834338383003333,
    1.332270133803935,
    1.1388283661313567,
    1.4610682552490128,
    1.3875676933166385,
    1.3189510340126867,
    1.2686561793982116,
    1.455757760488739,
    0.9546523581713907,
    1.8239242578373382,
    0.7131258320772188,
    2.4396833220274226,
    1.020434806557655,
    1.269051470912131,
    1.4508104759660319,
    0.7709204489721887,
    1.3188908740610599,
    1.540571238278031,
    1.2834437957801637,
    1.5610869828243263,
    3.0140258485089957,
    1.4870232428057175,
    1.3574942755885215,
    1.9017973160639792,
    0.7987115172758348,
    2.7169873412804035,
    1.5032159397706715,
    1.4057865885171439,
    1.4292732431984136,
    0.876611711357255,
    0.7838792322041985,
    0.7612286849161007,
    1.0340988968913338,
    0.7975420050509376,
    1.3137481336364136,
    1.7818498758894723,
    1.1442158488422285,
    1.4140399094342988,
    1.9207345606204131,
    1.6600602576509123,
    1.5202614862372128,
    1.2269257122704484
  ],
  "waypoint_distance_mean": 1.4321043159564786,
  "waypoint_distance_std": 0.5687079503667439,
  "speed": [
    8.100004235734431,
    8.073316803369085,
    8.754597952873532,
    8.859459090470644,
    8.829957389962148,
    7.944782150801878,
    8.32542745457579,
    8.615439778285712,
    7.9681309150387865,
    8.816575015561448,
    8.500362242596944,
    8.477380083288367,
    7.343675856537809,
    8.918913310874634,
    8.002122691099801,
    8.112869538037799,
    8.23003193127189,
    8.95357539693161,
    7.956318142531007,
    8.66411486860352,
    8.515017066716815,
    8.773029600253151,
    7.8225851699435385,
    7.818290972192868,
    8.422490040030594,
    8.942864425633244,
    8.403703730630589,
    7.917917803807515,
    8.75740255822828,
    8.917851940420052,
    8.240439261541376,
    8.476302972963817,
    7.278320512602696,
    6.967529941816007,
    8.789542510796403,
    8.630390193912513,
    8.176186224253987,
    8.027133100836924,
    7.9497593495407175,
    7.86822573190763,
    7.899157505078516,
    8.361788350714367,
    8.837075755775057,
    8.801429306297772,
    8.54455768144476,
    8.445557044152228,
    8.95662114677471,
    8.842934459304187,
    8.878768663964559,
    8.368027228468625
  ],
  "speed_mean": 8.361559101969005,
  "speed_std": 0.46561606012110174,
  "total_reward": [
    3374.914449972611,
    2964.0044403515494,
    2584.49429472711,
    4376.358192359487,
    3219.610141702085,
    2259.6689633073597,
    3152.785403047342,
    3082.743701100866,
    2675.361175792492,
    3515.756167255986,
    3186.7072726722135,
    3148.009817499507,
    1494.5571603925407,
    4142.622839971048,
    2881.983575554973,
    2693.16396308876,
    3166.4384134903407,
    3438.1990223051175,
    2767.7499708162163,
    2693.1502829321894,
    3262.1040100917407,
    3632.9145359623662,
    2351.3403945485566,
    2401.6500079039884,
    2786.422225083096,
    4219.44087264685,
    3019.34288164046,
    2387.8670970401977,
    2734.734217523686,
    4202.726301398102,
    2896.0344959910685,
    2657.0443751922326,
    1744.0384246730916,
    745.9728964101256,
    4054.214555795684,
    3070.0600058049563,
    2658.530267699281,
    2987.385467472412,
    2791.10972159598,
    2659.402529724793,
    2576.787791018852,
    3375.5908859237156,
    3638.4040945693228,
    3194.5884612692976,
    3603.138941972217,
    2862.9114974114113,
    3706.5654290995762,
    3523.285571289564,
    3625.7514554520603,
    3030.7943373058897
  ],
  "total_reward_mean": 3024.368659957007,
  "total_reward_std": 670.034647396624,
  "timesteps": [
    460,
    372,
    486,
    512,
    512,
    376,
    416,
    451,
    340,
    477,
    434,
    425,
    260,
    512,
    421,
    394,
    404,
    512,
    352,
    465,
    440,
    492,
    366,
    312,
    416,
    512,
    430,
    369,
    481,
    511,
    423,
    433,
    244,
    216,
    512,
    448,
    395,
    380,
    357,
    342,
    341,
    411,
    512,
    482,
    429,
    433,
    512,
    512,
    512,
    415
  ],
  "timesteps_mean": 424.38,
  "timesteps_std": 73.35690560540297
}