{
  "collision_rate": [
    1.0,
    1.0,
    1.0,
    1.0,
    1.0,
    1.0,
    1.0,
    1.0,
    1.0,
    1.0,
    1.0,
    1.0,
    1.0,
    1.0,
    1.0,
    1.0,
    1.0,
    1.0,
    1.0,
    1.0,
    1.0,
    1.0,
    1.0,
    1.0,
    1.0,
    1.0,
    1.0,
    1.0,
    1.0,
    1.0,
    1.0,
    1.0,
    1.0,
    1.0,
    1.0,
    1.0,
    1.0,
    1.0,
    1.0,
    1.0,
    1.0,
    1.0,
    1.0,
    1.0,
    1.0,
    1.0,
    1.0,
    1.0,
    1.0,
    1.0
  ],
  "collision_rate_mean": 1.0,
  "collision_rate_std": 0.0,
  "similarity": [
    0.9526735318305555,
    0.9905770394027547,
    0.9643568455675163,
    0.9605086137673643,
    0.9545596947122582,
    0.932854058448776,
    0.9333178764582255,
    0.9424496556661931,
    0.9007592315755402,
    0.942083937110313,
    0.9545795230574536,
    0.9652362632853707,
    -0.03164452393706103,
    0.48573270030310317,
    0.982089671668089,
    0.9640252259699866,
    0.8794056528882733,
    0.9640399743016506,
    0.9739400188581688,
    0.9944892235997078,
    0.9951091608535099,
    0.9549967454742709,
    0.7081288780007795,
    0.9701060234699833,
    0.9439081422381169,
    0.9998572030621092,
    0.9432740263062199,
    0.9674087895837402,
    0.9179985849091779,
    0.9840979591612267,
    0.9384459042118222,
    0.26789427749123673,
    0.9290277563935003,
    0.9875169821922699,
    0.9171481122804072,
    0.9643369839963407,
    0.9953594244992017,
    0.9697992487379893,
    0.9289456194941761,
    0.941273736016975,
    0.9298658695279519,
    0.983342601731999,
    0.931801528511289,
    0.9569363633636154,
    0.9730441228929598,
    0.962522822500356,
    0.9449544693863146,
    0.994311976375376,
    0.9708867442253086,
    0.9443059742057233
  ],
  "similarity_mean": 0.9084528049125639,
  "similarity_std": 0.18164527151570234,
  "waypoint_distance": [
    2.397083194019841,
    0.5603698059442965,
    3.137902079058848,
    1.6846166955013158,
    1.7790520916079342,
    2.1280018395637645,
    2.86956537364197,
    2.577013028807007,
    3.6892977378126797,
    1.8832711151192016,
    2.3814372298680664,
    1.51716489254965,
    3.8137688544993478,
    1.349108544322566,
    0.7248229024491122,
    1.2476803247123078,
    5.724141891285931,
    1.8300037508339415,
    1.3271793882948812,
    0.705349496861538,
    0.8047681011808262,
    1.2849402929656797,
    5.042035626181173,
    0.6885582634591746,
    2.97884781983342,
    0.9012817363774702,
    3.015613440105186,
    1.4108941400898138,
    2.3354820593706638,
    0.7444914620882372,
    3.281757213371466,
    2.3615650827457144,
    2.4421592509456223,
    0.8459553080038845,
    3.3423882880306928,
    1.5213472746301673,
    0.6440182226551171,
    1.3550694531319079,
    2.329711385521039,
    2.21315751882756,
    2.671384042481678,
    0.6736518937437457,
    2.7606556007626932,
    1.8089601923177887,
    1.4159459854148586,
    1.4816942921652814,
    2.1078496715566004,
    0.6248482776251827,
    1.3297333670966043,
    2.3086290390427755
  ],
  "waypoint_distance_mean": 2.0010844907695247,
  "waypoint_distance_std": 1.1110931020605812,
  "speed": [
    8.167624480811943,
    5.076717509298256,
    9.337001587521472,
    7.516267982143309,
    7.305490670471427,
    8.043749517229646,
    8.95459241155037,
    8.769745768367615,
    8.861852179359358,
    7.798759666971649,
    9.03606317376914,
    7.197347484934379,
    2.2552113979362045,
    7.847551347128798,
    5.974285977944636,
    7.8999969952209055,
    9.453538721864545,
    8.533121044387542,
    8.041332456995542,
    2.8002662460238614,
    6.404679064612847,
    7.9691734848886595,
    14.952808617321367,
    2.144248873077785,
    8.776641058187817,
    2.8609868841144563,
    8.87561330445888,
    7.854015390292348,
    8.282162487323095,
    6.0023421061065845,
    8.985316601359932,
    8.773080834979073,
    8.406315463779888,
    5.41845769292213,
    8.821465110922722,
    8.60473397140792,
    6.265990510300358,
    7.309250387880993,
    8.645584698805228,
    8.252702096246406,
    8.309207449890414,
    5.947855954156629,
    8.33365679911146,
    8.280746190881597,
    7.895266405375051,
    7.886609546738338,
    7.820093040059073,
    7.142966929681373,
    7.433338474705564,
    8.915737966297687
  ],
  "speed_mean": 7.608831280316326,
  "speed_std": 2.0538139049002355,
  "total_reward": [
    1426.5407562086825,
    -41.567955361499,
    1743.2279119715542,
    1076.179837477181,
    952.3809185973089,
    1050.327515855728,
    1370.4398152406927,
    1299.6060402990086,
    1173.8129545898864,
    1058.5597386961751,
    1555.4002350174392,
    1011.3420236140903,
    -31000.0,
    561.7002947401003,
    187.5560772978921,
    1352.5236011411073,
    1080.7345651142318,
    1450.8371883553516,
    1413.5763344496468,
    -412.93411559266747,
    444.1198645534563,
    1378.9234429907876,
    -1460.2426046962053,
    57.75885692165202,
    1338.0184647177457,
    82.65784265634308,
    1392.001527012539,
    1264.0493629017133,
    1137.9841741069129,
    232.94797974619735,
    350.3112572668822,
    677.8781187310661,
    1121.486774592062,
    -22.698387078959684,
    1191.646425944187,
    1571.6985253924936,
    337.53339275740825,
    1139.2949771479484,
    1259.6991171434654,
    1152.6455267461577,
    1051.7855597340126,
    214.23672734238994,
    1114.86738481534,
    1313.8569112086616,
    1328.831729086799,
    1233.1144755062453,
    1014.8922951921902,
    688.8532966158432,
    690.1561564222934,
    1488.3405545879812
  ],
  "total_reward_mean": 261.93786935555033,
  "total_reward_std": 4506.707323430533,
  "timesteps": [
    317,
    93,
    369,
    196,
    185,
    212,
    288,
    264,
    297,
    205,
    290,
    180,
    33,
    206,
    119,
    215,
    350,
    247,
    217,
    33,
    150,
    214,
    33,
    33,
    293,
    33,
    306,
    206,
    237,
    126,
    301,
    269,
    237,
    91,
    288,
    250,
    136,
    191,
    247,
    229,
    237,
    124,
    249,
    233,
    212,
    206,
    204,
    169,
    194,
    276
  ],
  "timesteps_mean": 205.8,
  "timesteps_std": 83.20937447187066
}