{
  "collision_rate": [
    1.0,
    1.0,
    1.0,
    1.0,
    0.0,
    1.0,
    1.0,
    0.0,
    1.0,
    1.0,
    1.0,
    1.0,
    1.0,
    0.0,
    1.0,
    0.0,
    0.0,
    1.0,
    0.0,
    1.0,
    0.0,
    1.0,
    1.0,
    0.0,
    1.0,
    0.0,
    1.0,
    1.0,
    1.0,
    1.0,
    1.0,
    0.0,
    1.0,
    1.0,
    1.0,
    1.0,
    0.0,
    1.0,
    1.0,
    1.0,
    1.0,
    0.0,
    1.0,
    1.0,
    1.0,
    0.0,
    1.0,
    1.0,
    1.0,
    1.0
  ],
  "collision_rate_mean": 0.74,
  "collision_rate_std": 0.4386342439892262,
  "similarity": [
    0.9940881550902863,
    0.983774133198091,
    -0.23799374366322937,
    -0.04651952776164727,
    0.9965172205920183,
    0.8586330344683053,
    0.9732446463141161,
    0.9950958018238888,
    0.9911272288639057,
    0.9923531516868793,
    0.9460475148573988,
    0.9873757556575792,
    0.9604683629877196,
    0.9861921246791993,
    0.8504144236526552,
    0.9959844238664302,
    0.986215554635923,
    0.9885199168377176,
    0.9974602367030354,
    0.9885947118268787,
    0.97664770788998,
    0.9852015869155113,
    0.9906571593948909,
    -0.25381162604015156,
    0.9887878598349282,
    0.9959231136396004,
    0.9885662568082394,
    0.9778488124191547,
    0.9925843293766896,
    0.9726252776811787,
    0.9999253720413479,
    0.8528672917622613,
    0.9976755337159426,
    0.9868263526061792,
    0.9850638880852127,
    0.9887263274936705,
    0.9921570995157407,
    0.992853793970275,
    0.974698103283611,
    0.9923588355928267,
    0.9881674491383037,
    0.9851636577943126,
    0.9898783223639935,
    0.8521775094365813,
    0.9978569701448077,
    0.9921774513774677,
    0.9837536369833759,
    0.8966177269829875,
    0.9671728053204364,
    0.97854521817074
  ],
  "similarity_mean": 0.9039457390003449,
  "similarity_std": 0.27740504190901716,
  "waypoint_distance": [
    2.243703216834124,
    2.3265684726392313,
    9.477514899994073,
    4.969968671593372,
    1.097392521371317,
    4.128352872918178,
    1.6207887365824933,
    1.5730063673831967,
    2.181089114920041,
    2.360584011939894,
    1.1919809117766895,
    2.560898743673353,
    1.6326104237075418,
    1.7754652783515248,
    3.2755114562702703,
    1.3971359990360384,
    2.580910194983592,
    2.855051427947136,
    0.8663473931495783,
    0.7038822013845158,
    2.225151154182039,
    3.242735470203406,
    2.505492547046194,
    10.820316685638169,
    0.695772307711291,
    1.567654598696168,
    2.959954648452472,
    2.5828703929434793,
    1.0559311125444146,
    0.9006230092182084,
    0.9441041820536028,
    1.9501318108911945,
    0.6503581404225761,
    3.019778379218666,
    2.505983968515846,
    2.002777009204674,
    2.600853564075038,
    1.1212016733900028,
    1.4832553718021213,
    2.143391940118376,
    2.4657996886606037,
    3.2860838597486093,
    2.5333783850016105,
    2.139031466924691,
    0.5805571801462496,
    2.103117894459997,
    3.320137170644812,
    2.410565913180158,
    2.2465613630545422,
    2.4768506490208884
  ],
  "waypoint_distance_mean": 2.4271836890725256,
  "waypoint_distance_std": 1.8206558151340453,
  "speed": [
    8.55145261773764,
    9.035522571263002,
    9.130263106182674,
    8.98849199309192,
    9.423196534540097,
    9.207873193336672,
    9.066049436505772,
    9.400859205943911,
    9.166468608628536,
    9.132380804262334,
    9.045270927221068,
    9.090088749505908,
    9.11147844381266,
    9.419110445179564,
    9.119169517747263,
    9.359208324116272,
    9.386796601399304,
    9.34834152440141,
    9.43647738519511,
    7.570362246290551,
    9.377677631222381,
    9.045503132340539,
    9.229125860505421,
    9.2987545590305,
    7.485378783198772,
    9.443839235668857,
    9.238099256117877,
    9.130498138040286,
    6.653334443854758,
    9.085277447213334,
    1.9683822156043005,
    9.105513470855232,
    6.673582143886173,
    9.048247859538177,
    9.001124537086953,
    9.049131599073403,
    9.346450652790258,
    8.669315456892226,
    1.7248277824050153,
    9.104012503563343,
    9.162068582436682,
    9.293077617725844,
    9.105191235282458,
    9.137096403728023,
    7.350462881244781,
    9.417104717916645,
    9.14838114071783,
    9.212869456608543,
    9.188170702671972,
    8.987680657242075
  ],
  "speed_mean": 8.673380846816487,
  "speed_std": 1.5343419336968527,
  "total_reward": [
    2668.4486086706406,
    1791.379297590156,
    749.7249297775896,
    541.4628181286212,
    4698.647443997963,
    2210.1211218474386,
    2574.8393734767715,
    4090.494651689625,
    2101.6371531741083,
    2333.416904492184,
    2797.6428553530613,
    2049.515424594706,
    2894.388217451016,
    3873.4228874946425,
    2155.6545846162853,
    4231.487340474731,
    2940.648371789598,
    2601.046343579376,
    4818.716396706529,
    1513.1608440895739,
    3367.075852787934,
    2259.615691630445,
    2552.7809215780417,
    958.9293492247333,
    1510.6304265789424,
    4124.364561177891,
    2454.1430639632713,
    1655.3214739323964,
    604.4063217467656,
    3142.1119233876857,
    -437.1320308010225,
    2284.9792435750114,
    121.44333262181158,
    1928.5446317929786,
    1602.7201723525902,
    2018.4654804707527,
    2838.9465207868575,
    1705.4805603755126,
    -1000.0,
    2668.2218980750445,
    2110.27609391581,
    2326.40184145489,
    2376.42643738776,
    2908.163984532932,
    491.5251593371213,
    3405.0838916004154,
    2225.455249491359,
    2797.718619118725,
    2363.4643931293685,
    1687.948548763267
  ],
  "total_reward_mean": 2253.787383659678,
  "total_reward_std": 1186.1430369485897,
  "timesteps": [
    474,
    337,
    472,
    329,
    512,
    461,
    359,
    512,
    354,
    408,
    350,
    395,
    422,
    512,
    389,
    512,
    512,
    505,
    512,
    206,
    512,
    501,
    456,
    512,
    208,
    512,
    498,
    330,
    169,
    365,
    33,
    397,
    170,
    418,
    315,
    336,
    512,
    277,
    33,
    436,
    391,
    512,
    442,
    481,
    205,
    512,
    502,
    416,
    396,
    336
  ],
  "timesteps_mean": 394.32,
  "timesteps_std": 123.19162958577988
}