{
  "collision_rate": [
    1.0,
    1.0,
    1.0,
    1.0,
    1.0,
    1.0,
    1.0,
    1.0,
    1.0,
    1.0,
    1.0,
    1.0,
    1.0,
    0.0,
    1.0,
    1.0,
    1.0,
    1.0,
    1.0,
    1.0,
    1.0,
    1.0,
    1.0,
    1.0,
    0.0,
    1.0,
    1.0,
    1.0,
    1.0,
    1.0,
    1.0,
    1.0,
    1.0,
    1.0,
    1.0,
    1.0,
    1.0,
    1.0,
    1.0,
    1.0,
    1.0,
    1.0,
    1.0,
    1.0,
    0.0,
    1.0,
    1.0,
    1.0,
    1.0,
    0.0
  ],
  "collision_rate_mean": 0.92,
  "collision_rate_std": 0.2712931993250107,
  "similarity": [
    0.9993047734795996,
    0.9873759271299645,
    0.8190575379357218,
    0.9373633552079956,
    0.8810580209472678,
    0.9709604551269407,
    -0.9794129919191263,
    0.99892396529573,
    0.996284926749582,
    0.9187709177267723,
    0.9800297001273881,
    0.9458247893875922,
    0.9820778254085158,
    0.990937752130277,
    0.9964535040943908,
    0.9912962100926718,
    0.930370249208781,
    0.9999663343395092,
    0.9771308434789605,
    0.9999602824664742,
    0.9950574947323239,
    0.9755075828216827,
    0.9994791228273017,
    0.9591254278431219,
    0.9965691372924447,
    0.9360584982877208,
    0.9790254305203183,
    0.9911020506683224,
    0.4862941685062064,
    0.9953636404546573,
    0.9927094834313949,
    0.9951303263145247,
    0.9822462911897067,
    0.9775137989971894,
    0.9880700171639059,
    0.9973104877345158,
    0.9927317737761561,
    0.9633351722190325,
    0.99403914859682,
    0.9546736172993263,
    0.9923439650282921,
    0.9812207623185444,
    0.994318389488442,
    0.9951442731001976,
    0.9667901643504362,
    0.9952888335067873,
    0.867082705634924,
    0.9666074717663374,
    0.9923690046502472,
    0.9777458010353998
  ],
  "similarity_mean": 0.9240797683994257,
  "similarity_std": 0.2826233351776658,
  "waypoint_distance": [
    0.3441839456563202,
    1.07006418026379,
    5.514778541017166,
    3.0269303981985325,
    1.3692102266055264,
    1.6883139419102726,
    9.40100890182698,
    0.27378761031188925,
    0.7107058184105353,
    1.6702829341661172,
    1.897259594372806,
    4.246346238089491,
    0.7702534528743711,
    1.5291115980647199,
    0.6759284600867757,
    0.7436307614483315,
    3.6019076649329844,
    0.6081453747459019,
    1.732214693673692,
    0.5335097690301823,
    0.7543604845515184,
    1.702357293067036,
    0.7852978508220004,
    3.673048041275892,
    0.6770671861250325,
    1.310495489989089,
    1.5565504077547367,
    0.7922434727769525,
    19.469190382916473,
    0.744272130654639,
    0.6671706224693138,
    0.682622789750294,
    1.4001623002037344,
    1.5704220570654384,
    1.0552894265767767,
    1.2465427340363568,
    0.9197716432388058,
    3.3862360843108936,
    0.7155143312116163,
    2.7954946187458747,
    0.5383777593878325,
    1.3967502502200277,
    0.2798009278964048,
    0.7048210891762263,
    3.616215992189533,
    0.6715860050493733,
    1.685666122824416,
    2.372771608964767,
    0.6396646977056648,
    2.700474327222599
  ],
  "waypoint_distance_mean": 2.0383562446773142,
  "waypoint_distance_std": 2.9507130364974783,
  "speed": [
    4.716647296811261,
    7.537035143284986,
    9.14670932882305,
    8.791989603505064,
    9.225200759638074,
    7.961437242634793,
    7.550830757249579,
    2.088890295034049,
    7.6968206660209155,
    7.692520774663746,
    9.259151439302975,
    8.891984886354253,
    3.8365362848590387,
    9.527877649834549,
    7.96501137081013,
    8.424230585625534,
    6.859900762661585,
    2.186645573408778,
    8.002566390044027,
    1.981569240434038,
    7.50576729865726,
    8.001952525836591,
    2.343598817982503,
    9.202496333579294,
    5.394074339335544,
    6.3942720827068245,
    8.738280680457834,
    8.299214640049351,
    19.70006766562706,
    3.000028223965251,
    6.765509433194865,
    7.417491163208489,
    8.135388200160751,
    8.04068583429989,
    8.63543982115742,
    1.3183159819133663,
    7.792775255669848,
    9.247566143235618,
    7.466918611958382,
    8.29904132010951,
    3.953267765292489,
    7.828131020972615,
    3.071420905768805,
    7.5570581509518435,
    8.66708984795046,
    8.055973426094658,
    8.826208694966036,
    8.193016750365173,
    8.253499135253355,
    9.424885754253049
  ],
  "speed_mean": 7.297459837519492,
  "speed_std": 2.888871092640929,
  "total_reward": [
    754.6203318390473,
    1448.3031738010293,
    2146.1673350472465,
    1600.53966560725,
    3050.844321849943,
    1609.4871859441312,
    -161.9491594303104,
    -1000.0,
    908.3861088468166,
    1220.6347971657149,
    2995.502146765348,
    1720.2036549774432,
    818.5781466690682,
    3839.724854268772,
    1289.574652093916,
    2391.3704989778807,
    -1000.0,
    60.492187186852135,
    919.9956799900754,
    -1000.0,
    1428.6481492918224,
    1852.4495717048994,
    -1000.0,
    2067.3209700564285,
    2753.2600697942057,
    694.9839582096806,
    2721.704334936985,
    1686.5087721293976,
    -496.9912536053302,
    45.24589455873863,
    381.7609546176238,
    1218.2650440332316,
    2087.2321258783413,
    1207.7985431080454,
    2597.4472461179685,
    -497.00945271244274,
    1716.3640532603954,
    2184.2117373780493,
    1269.851482405752,
    1661.202562047036,
    -272.2879501194825,
    729.5125818361776,
    -1000.0,
    1256.8257947786317,
    2239.686242578919,
    1903.1451682545378,
    2467.871807249934,
    1651.5765446736636,
    1749.5574559483034,
    2870.143261238985
  ],
  "total_reward_mean": 1255.7752250250146,
  "total_reward_std": 1196.5166925616104,
  "timesteps": [
    164,
    204,
    507,
    344,
    413,
    261,
    253,
    33,
    185,
    218,
    455,
    443,
    222,
    512,
    227,
    289,
    33,
    33,
    309,
    33,
    194,
    299,
    33,
    458,
    512,
    139,
    398,
    270,
    33,
    33,
    60,
    168,
    303,
    265,
    334,
    33,
    228,
    455,
    174,
    349,
    60,
    260,
    33,
    170,
    512,
    240,
    381,
    317,
    276,
    512
  ],
  "timesteps_mean": 252.74,
  "timesteps_std": 152.27525209304366
}