{
  "collision_rate": [
    0.0,
    1.0,
    1.0,
    1.0,
    1.0,
    1.0,
    1.0,
    1.0,
    1.0,
    0.0,
    1.0,
    1.0,
    1.0,
    1.0,
    1.0,
    1.0,
    1.0,
    1.0,
    1.0,
    1.0,
    1.0,
    0.0,
    1.0,
    1.0,
    1.0,
    1.0,
    1.0,
    1.0,
    1.0,
    1.0,
    1.0,
    1.0,
    1.0,
    1.0,
    1.0,
    0.0,
    1.0,
    1.0,
    1.0,
    1.0,
    1.0,
    1.0,
    1.0,
    1.0,
    1.0,
    1.0,
    1.0,
    1.0,
    1.0,
    1.0
  ],
  "collision_rate_mean": 0.92,
  "collision_rate_std": 0.2712931993250107,
  "similarity": [
    0.9904742248986734,
    0.9908254669778711,
    0.847930143453518,
    0.9949629998288885,
    0.9978881120058248,
    0.9988640834272094,
    0.9969572304187949,
    0.9950586561785099,
    0.990761176959778,
    0.9919095287327205,
    0.8013310099531941,
    0.9996890254060482,
    0.9953399750187741,
    0.974488384890428,
    0.8705833071337187,
    0.9906005523287373,
    0.9907867464488366,
    0.9938646940744539,
    0.9998691417878068,
    0.9766232354181971,
    0.9997152778035543,
    0.9421633243281179,
    0.9954652344924381,
    0.9956677866867051,
    0.8726216981442207,
    0.9989922525477347,
    0.9988073295039415,
    0.9967493259128157,
    0.8913856733736563,
    0.9566044129031129,
    0.9056149876018268,
    0.9918456741506921,
    0.9944339642348837,
    0.9951780951960643,
    0.9914838534854533,
    0.9930316140067952,
    0.9967465709282382,
    0.9968735050611384,
    0.9969495540750128,
    0.994235870783007,
    0.9942598783036593,
    0.9907907732341339,
    0.9960969154558492,
    0.9958987528000968,
    0.8555871114979674,
    0.9905488663526077,
    0.9909926293663002,
    0.89928947214742,
    0.9114121774320504,
    0.9911909501578466
  ],
  "similarity_mean": 0.9701888245461864,
  "similarity_std": 0.04868020024649578,
  "waypoint_distance": [
    1.3423302949180336,
    1.297777713076756,
    1.5455828775690867,
    0.6527589707701821,
    0.8716138421507839,
    1.1160579920057452,
    0.741332502017852,
    0.6337675781709313,
    0.9137816140117021,
    1.2413025008857852,
    4.176976524226529,
    1.0218334733306977,
    0.7180932291126443,
    0.7975871502317,
    2.004220452758049,
    1.353250985773414,
    0.9187894311128227,
    0.756089293858551,
    1.2341963703701304,
    0.691549974592014,
    1.3458165506632522,
    1.1183341650767749,
    0.8464862627027282,
    0.7016287051652642,
    1.9587549976090628,
    1.078468455354192,
    1.0178993989212615,
    0.7606729791397785,
    1.738553248318308,
    1.2532011834285743,
    1.9100380964494381,
    1.194214418336747,
    0.730187672315634,
    0.9076701880789673,
    1.1682513302902817,
    1.8628710511067124,
    0.7914126322077021,
    0.5310307805574799,
    0.8748974934814726,
    0.925145693451072,
    1.7400041681036387,
    0.993657123940893,
    0.8828077605476025,
    0.9166456836614215,
    1.9704464237286183,
    1.460442488701275,
    1.9509023944196602,
    1.2743655515062575,
    2.78667546977619,
    1.3378496880185662
  ],
  "waypoint_distance_mean": 1.2411644965200448,
  "waypoint_distance_std": 0.6233390850073653,
  "speed": [
    9.548774860135387,
    9.798736880108576,
    9.589297342234026,
    8.21946120983664,
    8.232643846795716,
    2.533176503989348,
    8.73986204246904,
    8.290252130380576,
    9.025554090657538,
    9.782941426607342,
    9.711027023193907,
    0.12022345766742114,
    9.124644932001498,
    8.609675342664335,
    9.419780480196847,
    8.561597874907635,
    3.4724520250405817,
    8.879041270900055,
    1.2812076444976765,
    7.796898287992895,
    0.9337922903162105,
    9.834727868912601,
    9.424735501345673,
    8.605221130253675,
    8.53376432451641,
    1.491987944326605,
    1.0809379975377889,
    9.219756657165394,
    9.127739601456142,
    9.378143897874676,
    0.4416744777712731,
    9.74448605183675,
    8.99624557003621,
    9.292787291624894,
    9.44481429580632,
    9.907258044147994,
    8.837866968353236,
    5.552583707318856,
    8.896494851701997,
    9.546594757337719,
    9.928338083658563,
    8.995172584806921,
    9.784554803337041,
    8.425092587325867,
    9.494887210309345,
    9.255799895759107,
    0.0033618193603025598,
    9.639470349900025,
    9.836732484172199,
    9.849938947038153
  ],
  "speed_mean": 7.684844213351701,
  "speed_std": 3.1244665159986202,
  "total_reward": [
    4471.992140814036,
    4367.12370599684,
    2878.7664614883593,
    1843.5101455644158,
    1754.0683110539892,
    -419.6743120347108,
    1803.993180026062,
    1794.8919585680867,
    2564.0581113743374,
    4797.412992605311,
    2867.58264058257,
    -1000.0,
    2954.969777343767,
    2059.2930021271236,
    2558.2037704315667,
    1330.5449682269293,
    281.1400291680302,
    2472.2944328213307,
    -459.1579933785486,
    1502.4172443205175,
    -470.0967272742666,
    4686.4470982646,
    3445.932541841815,
    2068.017330430487,
    1615.131180602748,
    -452.4590088055031,
    -465.5677995072206,
    2656.638471456071,
    2270.9903316243112,
    3078.1976153119913,
    -496.88892308020826,
    4530.412531052308,
    2597.4223450456043,
    3212.316167675032,
    3206.353384534584,
    3980.6871137433527,
    1838.2138012908085,
    -299.2667460326145,
    1810.400677566593,
    3440.9421938276446,
    3774.1093429383363,
    1479.8016737473763,
    4343.554725506065,
    1991.407636661822,
    2561.109678982707,
    2588.6551037493346,
    -1000.0,
    3054.3768468743087,
    1932.206289941927,
    4330.568776899598
  ],
  "total_reward_mean": 2154.6608844393927,
  "total_reward_std": 1600.4027225109514,
  "timesteps": [
    512,
    504,
    396,
    228,
    216,
    33,
    266,
    220,
    296,
    512,
    487,
    33,
    328,
    244,
    375,
    239,
    87,
    283,
    33,
    202,
    33,
    512,
    370,
    244,
    278,
    33,
    33,
    345,
    322,
    354,
    33,
    503,
    293,
    350,
    366,
    512,
    267,
    129,
    262,
    373,
    495,
    296,
    448,
    240,
    375,
    338,
    33,
    391,
    455,
    504
  ],
  "timesteps_mean": 293.62,
  "timesteps_std": 152.70178649904526
}