{
  "collision_rate": [
    0.0,
    1.0,
    1.0,
    1.0,
    1.0,
    0.0,
    1.0,
    1.0,
    1.0,
    0.0,
    1.0,
    0.0,
    0.0,
    0.0,
    0.0,
    1.0,
    0.0,
    1.0,
    1.0,
    1.0,
    0.0,
    1.0,
    1.0,
    1.0,
    0.0,
    1.0,
    0.0,
    1.0,
    1.0,
    1.0,
    1.0,
    0.0,
    1.0,
    1.0,
    1.0,
    0.0,
    1.0,
    1.0,
    1.0,
    1.0,
    0.0,
    1.0,
    1.0,
    0.0,
    1.0,
    0.0,
    1.0,
    1.0,
    1.0,
    0.0
  ],
  "collision_rate_mean": 0.66,
  "collision_rate_std": 0.4737087712930804,
  "similarity": [
    0.9807364672385365,
    0.9998688037864054,
    0.989206557957908,
    0.9921975035865617,
    0.9961517553019283,
    0.9652105101546353,
    0.9995877056259518,
    0.9880737941167054,
    0.9981646881578622,
    0.9817466347823777,
    0.9783744132253125,
    0.96501173830458,
    0.9613140022765878,
    0.9839468167539386,
    0.8664350587486797,
    0.9825833112130171,
    0.9872128215222608,
    0.9902310948583735,
    0.9939986659583258,
    0.9919273963787965,
    0.9834044530798013,
    0.9480966041369577,
    0.9866184091697168,
    0.9973916251493238,
    0.9907520255135174,
    0.9873200488867306,
    0.9775239858360308,
    0.6451648802451583,
    0.9822529249279643,
    0.9903068325621642,
    0.6641044972632807,
    -0.41090584193551083,
    0.9898331667311427,
    0.99368927245841,
    0.9998118443372519,
    0.9780981516782394,
    0.9962469882756456,
    0.9837232084955538,
    0.9921359328379373,
    0.9742916162358627,
    0.9034033084441538,
    0.9340748694795462,
    0.9626832379041704,
    0.6519582156043252,
    0.9328513521802946,
    0.9679731986383706,
    0.9893750696568775,
    0.9941617608164867,
    -0.949204788571182,
    0.9755872965767917
  ],
  "similarity_mean": 0.8920940777312752,
  "similarity_std": 0.33523801511217666,
  "waypoint_distance": [
    1.714164798169535,
    0.7346830057168993,
    0.9728433559500056,
    2.1994766699513786,
    0.8647479701701142,
    1.3192841279580894,
    0.427585952864263,
    0.9291020394723115,
    3.8855276033089337,
    1.5991292189170354,
    2.7222883386844194,
    3.234536212942308,
    1.708030277483519,
    3.7567574521163123,
    17.27394300137636,
    1.4215572622917445,
    1.1225917953035291,
    7.391440357715801,
    0.871612706052578,
    4.923637639529549,
    2.7766702868843125,
    0.8269935617825945,
    1.6317136554078437,
    0.5547665874750796,
    1.0848162283834384,
    6.537916413902387,
    5.335853163641204,
    5.625039195498174,
    1.6586016172175961,
    5.034372842391385,
    3.8195699166325756,
    26.879125594381765,
    0.8311021377066513,
    1.0479871375597056,
    0.4683906390807685,
    5.358713029259796,
    0.5700326719184414,
    2.119000544198918,
    0.8332056617745561,
    2.418399577392494,
    4.106228835433395,
    14.342363664677576,
    3.1935796064148585,
    14.859711173590119,
    0.9923098960096353,
    5.657594786207388,
    1.222625383858648,
    3.865255852194665,
    3.7114847060111846,
    6.7742308295732565
  ],
  "waypoint_distance_mean": 3.8642118996487023,
  "waypoint_distance_std": 4.869032078051692,
  "speed": [
    7.740567193745598,
    2.7430547005436203,
    8.264546137272742,
    7.520697820616172,
    8.430587832832257,
    8.38964362696848,
    2.1622322230477016,
    9.027616817576911,
    7.669813136961982,
    8.396732623799569,
    9.481555453757494,
    8.423918923543495,
    8.408452088658498,
    8.46387286178942,
    8.424754177062734,
    8.440629112113276,
    8.380928766737087,
    8.238366635445107,
    7.143241981867636,
    8.31256854869225,
    8.45403660042252,
    7.833250640870822,
    8.83082760528451,
    8.236347780652236,
    8.397024638100296,
    8.367795674295854,
    8.437854685916038,
    8.351379225712156,
    8.467094656924697,
    7.4926671882041065,
    7.149655259178772,
    8.261132945057055,
    8.27758073293143,
    8.147314290671325,
    2.3682247046809257,
    8.421352615225958,
    7.986601453670927,
    8.38897050075239,
    8.251893763875248,
    8.419172541007946,
    8.466101948319313,
    8.272867108638172,
    8.39122353151986,
    9.331101307775736,
    8.229356050413942,
    8.420057828652423,
    8.423579933526174,
    7.987881386626247,
    1.7631280959035913,
    8.385874732921685
  ],
  "speed_mean": 7.805502601815288,
  "speed_std": 1.690719853560451,
  "total_reward": [
    2911.6284662491307,
    -1000.0,
    2398.7012623761643,
    763.7223388504835,
    4180.446857662238,
    4118.229974915049,
    -1000.0,
    3138.150476321712,
    55.34706277144471,
    3386.017362096179,
    2519.666819693189,
    2013.1984618345593,
    3339.0066297227713,
    1562.9903258347636,
    66.34987697989538,
    3399.9713551396794,
    4126.078478155077,
    -59.80103374869935,
    754.2986866536232,
    214.06728081179835,
    2306.7536790254153,
    1964.977525509816,
    2097.664659424084,
    2142.992913124059,
    4075.6781246561673,
    663.2541234205348,
    815.7737247478656,
    612.1742805446142,
    3153.1857525826545,
    195.97687559148187,
    387.8039424378551,
    -11.437606604032078,
    3039.21165348174,
    2012.209011442012,
    -1000.0,
    810.3047100246645,
    2372.347721071086,
    2819.8905145327076,
    2764.1070818839075,
    2710.6309427033093,
    2427.6156963982194,
    49.88312144806682,
    2537.1686547937006,
    317.24252509878886,
    2443.831281056443,
    1028.2383569714164,
    3439.688295858371,
    362.2302398246934,
    -23.805034686484497,
    709.2656602460593
  ],
  "total_reward_mean": 1682.2585821785656,
  "total_reward_std": 1456.742749224194,
  "timesteps": [
    512,
    33,
    380,
    240,
    500,
    512,
    33,
    372,
    244,
    512,
    487,
    512,
    512,
    512,
    512,
    493,
    512,
    359,
    178,
    417,
    512,
    281,
    291,
    323,
    512,
    428,
    512,
    426,
    480,
    401,
    205,
    512,
    379,
    317,
    33,
    512,
    301,
    465,
    347,
    473,
    512,
    378,
    508,
    512,
    343,
    512,
    469,
    296,
    33,
    512
  ],
  "timesteps_mean": 392.34,
  "timesteps_std": 142.54734090820497
}