{
  "collision_rate": [
    1.0,
    0.0,
    0.0,
    1.0,
    0.0,
    0.0,
    1.0,
    0.0,
    1.0,
    1.0,
    0.0,
    0.0,
    0.0,
    0.0,
    0.0,
    0.0,
    0.0,
    0.0,
    0.0,
    0.0,
    1.0,
    0.0,
    1.0,
    0.0,
    0.0,
    0.0,
    0.0,
    0.0,
    0.0,
    0.0,
    0.0,
    0.0,
    0.0,
    1.0,
    1.0,
    0.0,
    0.0,
    0.0,
    0.0,
    0.0,
    1.0,
    1.0,
    0.0,
    0.0,
    0.0,
    1.0,
    1.0,
    0.0,
    0.0,
    0.0
  ],
  "collision_rate_mean": 0.26,
  "collision_rate_std": 0.4386342439892262,
  "similarity": [
    0.994596261708526,
    0.9884292723496383,
    0.6957445364129848,
    0.7903633112827515,
    0.9894597395292484,
    0.9893341861626281,
    0.9952615033884381,
    0.9894186656953426,
    0.7136728357771533,
    0.9033728361651381,
    0.991133556651832,
    0.9888115359331093,
    0.9295029450332206,
    0.05797404309605139,
    0.9894231634527922,
    0.9891474519380477,
    0.9898000790332327,
    0.9885211256559112,
    0.9890606499413932,
    0.9927228020916696,
    0.9943713239049636,
    0.9911723358392801,
    0.9891909657382733,
    0.9906230783019312,
    0.9895214230544549,
    0.8974352194660689,
    0.9824762080273993,
    0.988564656651901,
    0.9897786025658145,
    0.9902453166266723,
    0.9889401998745311,
    0.9862539528695473,
    0.9889087291124714,
    0.9952273494889305,
    0.995303302438185,
    0.9867001928006842,
    0.9897989349409011,
    0.9892941377364938,
    0.9896463343386736,
    0.9891171093698954,
    0.9894145215628977,
    0.9923320325098498,
    0.9918102580818551,
    0.9876580631271505,
    0.9893310971114488,
    0.9910874147508264,
    0.9857742265503048,
    0.9915367472289629,
    0.9887341051619618,
    0.901969119740913
  ],
  "similarity_mean": 0.949359349205447,
  "similarity_std": 0.14259299871742384,
  "waypoint_distance": [
    6.734344898940476,
    6.656520662911361,
    17.127390124762627,
    4.4154627499954815,
    6.468756559938306,
    1.4927044575405137,
    6.036338723075993,
    4.336506569383533,
    6.679994369410068,
    0.773333994007575,
    3.8970311722663338,
    1.5345684608359969,
    8.105672954397992,
    32.87849038814218,
    6.398235522979111,
    1.479501567677932,
    7.925343825098851,
    1.6012596705897233,
    2.23367610915629,
    1.2059918801109761,
    6.508413385994141,
    7.640319229064207,
    7.861667818737396,
    8.516198564845745,
    1.5025422599431244,
    7.512956204435837,
    4.314454828750127,
    1.5504714747679582,
    4.222487493582252,
    6.586942493797297,
    1.5292078495747177,
    6.965826225605306,
    6.5634129665528596,
    5.83590743329077,
    6.826843413136616,
    1.7855560737013971,
    2.4680444669124135,
    7.88903060872349,
    7.901303696127516,
    1.490375487407272,
    7.812656067090065,
    1.257421171561773,
    3.4247697150663603,
    1.6136036618880703,
    2.457070189785927,
    1.3939635061177087,
    2.077118389054202,
    5.967823110657887,
    6.541229073290669,
    7.260169482907347
  ],
  "waypoint_distance_mean": 5.465178220071835,
  "waypoint_distance_std": 4.979857851064947,
  "speed": [
    9.33752517798538,
    9.717519893230248,
    9.87863824384636,
    9.359612622529601,
    9.910510460032201,
    9.859413225044095,
    9.550568248199532,
    9.91364996971603,
    20.904583496712956,
    1.368778863107024,
    9.861183268953981,
    9.861259449013074,
    9.908635517775092,
    9.843915303670546,
    9.883188598083365,
    9.879701643218315,
    9.89808000980624,
    9.857723223752757,
    9.887706317999134,
    9.839959899672282,
    9.679724556271905,
    9.936113943498096,
    9.903239259214512,
    9.750679072145845,
    9.872850503891351,
    9.969015410775725,
    9.864627979743672,
    9.919565219946733,
    9.890175087249354,
    9.699104208296973,
    9.887163935048145,
    9.709669321330129,
    9.86350587356438,
    9.594586666001003,
    9.81158545648628,
    9.901481087374593,
    9.887832809076896,
    9.893974478104184,
    9.893149875294464,
    9.849532846714416,
    9.911231955173422,
    8.963405864804226,
    9.931368167824417,
    9.927814373483928,
    9.878547457344677,
    9.6162775644112,
    9.720982864393264,
    9.857467645834037,
    9.87462254886831,
    9.854419824943495
  ],
  "speed_mean": 9.856717385789157,
  "speed_std": 1.9790176292139532,
  "total_reward": [
    783.1345154991146,
    792.8826989934075,
    142.93780523011893,
    1551.7622346301978,
    810.8937146233441,
    4204.461520533779,
    706.220350712596,
    1217.1772610152757,
    -463.2212079266255,
    -30.66939755373924,
    1456.3199424613929,
    4096.58446948199,
    754.8119351720333,
    3.517110582558193,
    814.5066203850565,
    4177.231424633147,
    750.8982397737224,
    4037.251050278441,
    3864.3542807041918,
    4575.7545833028435,
    722.6811554829638,
    782.2539345405085,
    746.5090277003117,
    760.0217424030869,
    4203.073346892183,
    947.918405765221,
    1352.7706364557303,
    4129.809037140829,
    1308.2058241572547,
    739.0841503327424,
    4145.140435649223,
    754.1344899904145,
    793.0488054773574,
    728.416502968159,
    786.8802555228805,
    3878.3070683979618,
    3057.0274814263335,
    760.0068340791813,
    754.0482320371134,
    4179.711199564063,
    784.7661818265126,
    2334.6924282175564,
    1870.7002508807159,
    4056.3910270503834,
    3072.5525145594484,
    3950.987769533246,
    2750.4212932765126,
    883.0254298701979,
    796.9201915128789,
    965.5238688877307
  ],
  "total_reward_mean": 1824.8367734826309,
  "total_reward_std": 1506.7260797721551,
  "timesteps": [
    464,
    512,
    512,
    354,
    512,
    512,
    383,
    512,
    33,
    33,
    512,
    512,
    512,
    512,
    512,
    512,
    512,
    512,
    512,
    512,
    416,
    512,
    509,
    512,
    512,
    512,
    512,
    512,
    512,
    512,
    512,
    512,
    512,
    383,
    463,
    512,
    512,
    512,
    512,
    512,
    510,
    304,
    512,
    512,
    512,
    486,
    423,
    512,
    512,
    512
  ],
  "timesteps_mean": 474.1,
  "timesteps_std": 101.10415421732185
}