{
  "collision_rate": [
    0.0,
    1.0,
    1.0,
    1.0,
    1.0,
    0.0,
    1.0,
    0.0,
    0.0,
    1.0,
    1.0,
    1.0,
    1.0,
    0.0,
    1.0,
    1.0,
    1.0,
    1.0,
    0.0,
    1.0,
    0.0,
    1.0,
    0.0,
    1.0,
    1.0,
    0.0,
    1.0,
    1.0,
    1.0,
    1.0,
    0.0,
    1.0,
    0.0,
    1.0,
    1.0,
    1.0,
    1.0,
    1.0,
    0.0,
    1.0,
    0.0,
    1.0,
    1.0,
    1.0,
    1.0,
    0.0,
    0.0,
    0.0,
    1.0,
    1.0
  ],
  "collision_rate_mean": 0.68,
  "collision_rate_std": 0.466476151587624,
  "similarity": [
    0.9874063878180128,
    0.9999297417990518,
    0.9867587388834393,
    0.9829911509629583,
    0.9867251744505012,
    0.9791704880599704,
    0.9961102174764175,
    0.9618408860710939,
    0.9983604388470153,
    0.9857840491719915,
    0.9703347025623582,
    0.9795957640532977,
    0.9998972207851121,
    0.9824784485467025,
    0.868732435609314,
    0.9922529398244365,
    0.9899956061152699,
    0.9943001510563202,
    0.978906938149076,
    0.979670244618727,
    0.9820449038013205,
    0.9567844321533745,
    0.9892826036198339,
    0.9862846926475116,
    0.9962650300581563,
    0.9838147387340715,
    0.9931191179153059,
    0.9999852877293341,
    0.9981631316478873,
    0.9749716158826837,
    0.9690717863937567,
    -0.3708867937018784,
    0.9769838707630261,
    0.983998007583702,
    0.986350361167746,
    0.9931566713418514,
    0.9923914391302687,
    0.9633590383608215,
    0.9674819516627922,
    0.9984786558692359,
    0.9937817735353907,
    0.837667916620082,
    0.9829479548414728,
    0.9322874441854544,
    0.9503420856417609,
    0.9956462644224898,
    0.9641880546399553,
    0.9775638012005263,
    0.9857202132416474,
    0.9131627018543143
  ],
  "similarity_mean": 0.9491130095560991,
  "similarity_std": 0.19098765515467675,
  "waypoint_distance": [
    1.3611905991182125,
    0.5981421321945334,
    1.3792603800905778,
    1.9234956650864976,
    0.9096752622067681,
    1.0598318854806303,
    0.8509642949016203,
    4.499608597126101,
    5.87354140772274,
    1.762465841331773,
    6.472734889882293,
    7.8835094629457005,
    0.21884566285622475,
    6.9769224862835175,
    9.577532338317909,
    0.9057280441552615,
    1.5777040900984787,
    8.586824144784428,
    2.574088014328925,
    7.112417639830323,
    5.174609088563033,
    0.8535220157114349,
    1.3274319781751815,
    1.7525393979175097,
    0.21300031901958455,
    5.738945955418408,
    6.372907086143627,
    0.6350194491939866,
    0.5622578650314701,
    2.8950193664141977,
    3.6839267392915227,
    26.439712319090823,
    3.854448866206128,
    2.2722041981489682,
    1.0332110445137115,
    6.342956226266877,
    0.8031453873107068,
    3.0124283588181537,
    2.752920545553707,
    0.6181235428768446,
    1.0446548349816418,
    18.691784995006973,
    2.0482200393375747,
    5.907356794702478,
    0.9438287523330968,
    3.412976921100074,
    3.0021687761353006,
    3.0173699250785684,
    7.3231901021856265,
    2.949170258151324
  ],
  "waypoint_distance_mean": 3.935670679748421,
  "waypoint_distance_std": 4.608326596103525,
  "speed": [
    9.538823875397961,
    2.3687343622280936,
    10.184045354558252,
    10.147449932211224,
    9.729631797825855,
    10.16614923255594,
    9.83343497357714,
    11.337343423026475,
    10.201473715262292,
    10.07953062450185,
    11.187533663126876,
    10.100882931178505,
    1.8036391981232889,
    10.20066778370827,
    1.5232292833516154,
    10.085982738883713,
    9.870998495985594,
    10.233681257128866,
    10.192311869693773,
    10.130825084718252,
    10.181845622056025,
    9.769879973957812,
    11.368628464018729,
    10.184050086015112,
    2.0791791604224277,
    10.171105797985375,
    10.055910448342559,
    2.499846007572565,
    9.851366366047015,
    9.484550133426826,
    10.171312736682337,
    10.016840469570967,
    10.169943666745906,
    10.200633087465526,
    9.187809397216455,
    10.081646285571315,
    8.443429533047684,
    10.11510020291659,
    10.228214542048985,
    9.826479233941242,
    10.194098048955903,
    10.095850359752022,
    10.088986103517714,
    10.608489584071489,
    9.977753651502411,
    10.190163333912135,
    10.172120626395108,
    10.159399792121983,
    10.14361064601366,
    10.203635294250745
  ],
  "speed_mean": 9.296764965051768,
  "speed_std": 2.455760491752546,
  "total_reward": [
    4103.487616052917,
    -1000.0,
    4207.807035818153,
    2823.8781457967843,
    2291.41422405155,
    5006.054929560399,
    2789.826704314866,
    2787.0472884316855,
    809.8772718794112,
    3451.022661439386,
    652.7460835843478,
    543.7207213743969,
    8.953648417121107,
    1054.360939008864,
    -1000.0,
    3572.9539392338856,
    2385.030889445666,
    411.74403245564963,
    3485.4707615809243,
    711.4043967588468,
    1118.9444085883222,
    2066.5389204380417,
    5462.963029200864,
    3757.8310388550462,
    47.46571409228711,
    864.7533661448604,
    602.5989666228,
    71.05104977731328,
    2742.836558868569,
    2373.555499600185,
    2864.461369005305,
    -20.418579922379706,
    2655.818944391909,
    3445.7247164820287,
    1587.5745576136521,
    593.8851398953697,
    1251.9945606785377,
    2753.163314292582,
    3010.0242246869097,
    2323.4280245031277,
    5186.6339674374385,
    50.044324127509896,
    2515.080945490301,
    496.0287906303501,
    2601.169359492902,
    2023.5901559212218,
    3317.085801265456,
    2589.602114920865,
    677.1307251630515,
    2448.2782978636787
  ],
  "total_reward_mean": 2011.512811906659,
  "total_reward_std": 1546.7434241184337,
  "timesteps": [
    512,
    33,
    484,
    370,
    249,
    512,
    287,
    512,
    512,
    440,
    396,
    411,
    33,
    512,
    33,
    372,
    284,
    354,
    512,
    466,
    512,
    234,
    512,
    458,
    33,
    512,
    329,
    33,
    281,
    490,
    512,
    348,
    512,
    482,
    185,
    323,
    152,
    435,
    512,
    239,
    512,
    440,
    339,
    267,
    293,
    512,
    512,
    512,
    457,
    510
  ],
  "timesteps_mean": 374.64,
  "timesteps_std": 152.72390251692758
}