{
  "collision_rate": [
    0.0,
    0.0,
    1.0,
    0.0,
    0.0,
    0.0,
    0.0,
    0.0,
    0.0,
    0.0,
    0.0,
    0.0,
    0.0,
    0.0,
    0.0,
    1.0,
    0.0,
    0.0,
    0.0,
    1.0,
    1.0,
    1.0,
    1.0,
    0.0,
    0.0,
    0.0,
    0.0,
    0.0,
    0.0,
    0.0,
    0.0,
    0.0,
    0.0,
    0.0,
    0.0,
    0.0,
    0.0,
    0.0,
    0.0,
    0.0,
    0.0,
    0.0,
    0.0,
    0.0,
    1.0,
    1.0,
    0.0,
    0.0,
    0.0,
    0.0
  ],
  "collision_rate_mean": 0.16,
  "collision_rate_std": 0.36660605559646714,
  "similarity": [
    0.996085961837983,
    0.9962022887304728,
    0.9928614270888388,
    0.9957721418458376,
    0.7745088493718155,
    0.9962146783091129,
    0.9961300492898868,
    0.9969144275270654,
    0.99677351719499,
    0.996100764473835,
    0.9654994758784924,
    0.8995489851254752,
    0.9964573108644506,
    0.9959393019596203,
    0.9965798359382808,
    0.9824893008740806,
    0.12134598922496967,
    0.8342004068254513,
    0.9960927601473598,
    0.9958457212403444,
    0.9936004515731368,
    0.999986397716153,
    0.9804200634481313,
    0.9918620601460474,
    0.9954950585335333,
    0.9961068604068556,
    0.9959943690644211,
    0.033153749473843315,
    0.9961778307185618,
    0.9963671550360539,
    0.9963075466554688,
    0.9975405700498456,
    0.9129310570525844,
    0.9903618228328119,
    0.9956439286707951,
    0.9941521709142999,
    0.9962755720203202,
    0.9839144445680699,
    0.9961744341034336,
    0.9964051632324604,
    0.8417311870110683,
    0.9951051425063497,
    0.9969871494215398,
    0.9962396236452576,
    0.7995100415270358,
    0.9876980725935304,
    0.879070474044107,
    0.9409831801495369,
    -0.3316742506498462,
    0.9962221284114143
  ],
  "similarity_mean": 0.9092461329725038,
  "similarity_std": 0.2549787731694704,
  "waypoint_distance": [
    0.7747591504340402,
    2.2253818669008845,
    5.91229795086043,
    3.4847765091485496,
    3.880158301732504,
    3.6210386183277903,
    1.8954324194861558,
    1.7438353323238145,
    4.740666725711555,
    0.997986358571591,
    0.9660819043711785,
    1.6345551152440065,
    0.7896597705223927,
    6.989090688779724,
    0.8409681593061189,
    6.853806503778627,
    5.355524408551783,
    4.882459055473386,
    3.056324546446802,
    0.7927953742628626,
    6.393096195747609,
    0.8556386463031236,
    1.3008245032503793,
    5.923986323160261,
    6.868733158171537,
    0.8450648703090053,
    3.5294117757920773,
    27.79030758015758,
    0.871262994696638,
    5.289609561300564,
    7.129674379323836,
    1.5682782686564767,
    2.2833224493481525,
    5.304191260311852,
    5.389576161136198,
    9.200485052201724,
    0.8902843869494756,
    0.8314358920511428,
    0.8347669369840257,
    3.5149499024536235,
    3.6370013582751266,
    6.884888773940186,
    2.0895846893880696,
    0.895198280497378,
    2.844901940822225,
    5.650962666027391,
    3.743029213259529,
    2.6489875006284227,
    30.14580959118549,
    0.9915212977271555
  ],
  "waypoint_distance_mean": 4.351687687405809,
  "waypoint_distance_std": 5.51102049403081,
  "speed": [
    9.30747323672173,
    9.793912415917207,
    9.408805819164945,
    9.557646505909927,
    9.788444996838468,
    9.819108146595182,
    9.832509392220388,
    9.785796515006654,
    9.805436977253539,
    9.81330690469393,
    9.829082679589192,
    9.95000060168076,
    9.811566493895608,
    9.823384247734012,
    9.81135348773156,
    9.765972563182702,
    9.866402839233995,
    9.825309928763843,
    9.819096930051092,
    8.937761455217661,
    9.642158179575622,
    1.8515582724555073,
    9.825637423468722,
    9.887551016633642,
    10.96012888242446,
    9.830545327550688,
    9.819524080259487,
    9.805884231815714,
    9.797800127234588,
    9.822557818946876,
    9.828099114115364,
    9.812234689576334,
    9.86288455448435,
    9.794682931857363,
    10.970048195176286,
    9.821174356838696,
    9.817537487362099,
    9.727634261836924,
    9.824039770475679,
    9.767235803041764,
    9.782349529464359,
    9.780523227954063,
    9.804761125582608,
    9.8162872059671,
    9.807174809927535,
    8.796593103234965,
    9.910977281267536,
    9.860822615661991,
    9.847544666850382,
    9.77892294706476
  ],
  "speed_mean": 9.640144903510159,
  "speed_std": 1.1568900635756993,
  "total_reward": [
    4661.458749201811,
    3534.2931895880797,
    637.2611045569734,
    2590.2962704009615,
    3166.0995853806817,
    1633.2169972811864,
    3741.0792518996573,
    3977.7980533486398,
    1003.1957947681797,
    4949.815979443767,
    4661.043519069312,
    4160.626371834154,
    5001.716387817825,
    733.9297039568032,
    4998.950918199131,
    697.1735352970862,
    2191.750567695249,
    2762.7595311723703,
    2216.036731297303,
    2378.334585956455,
    752.0952430588123,
    50.31238646817853,
    2000.2532898984853,
    785.6336728627359,
    736.8536259245068,
    4941.651808824497,
    1670.4424251451296,
    -0.6969098073617143,
    4939.878316741022,
    877.4433310414096,
    780.2962673453983,
    4346.10777803281,
    3800.6952145605424,
    1208.807721994909,
    921.2967090120015,
    469.74849021593405,
    4976.980476080864,
    4924.3111549852465,
    4981.807451654428,
    1702.6255937619765,
    3224.1440997385553,
    724.9227740745707,
    4008.055906195515,
    4970.742964481462,
    2481.961791728949,
    486.4478469848169,
    3226.2579613521593,
    3445.8028166415056,
    -14.535032650350242,
    4701.735124178448
  ],
  "total_reward_mean": 2636.378342573855,
  "total_reward_std": 1724.5359950351415,
  "timesteps": [
    512,
    512,
    361,
    512,
    512,
    512,
    512,
    512,
    512,
    512,
    512,
    512,
    512,
    512,
    512,
    472,
    512,
    512,
    512,
    270,
    381,
    33,
    246,
    512,
    512,
    512,
    512,
    512,
    512,
    512,
    512,
    512,
    512,
    512,
    512,
    512,
    512,
    512,
    512,
    512,
    512,
    512,
    512,
    512,
    393,
    250,
    512,
    512,
    512,
    512
  ],
  "timesteps_mean": 478.2,
  "timesteps_std": 92.30449609851082
}