{
  "collision_rate": [
    0.0,
    0.0,
    1.0,
    1.0,
    0.0,
    1.0,
    1.0,
    0.0,
    1.0,
    0.0,
    0.0,
    0.0,
    1.0,
    1.0,
    1.0,
    0.0,
    0.0,
    0.0,
    0.0,
    1.0,
    1.0,
    0.0,
    0.0,
    1.0,
    1.0,
    0.0,
    0.0,
    0.0,
    1.0,
    1.0,
    1.0,
    1.0,
    1.0,
    1.0,
    0.0,
    0.0,
    0.0,
    0.0,
    0.0,
    1.0,
    1.0,
    0.0,
    1.0,
    0.0,
    0.0,
    0.0,
    1.0,
    0.0,
    0.0,
    0.0
  ],
  "collision_rate_mean": 0.44,
  "collision_rate_std": 0.4963869458396343,
  "similarity": [
    0.9957774403396088,
    0.9958649632905858,
    0.8877465631089587,
    0.9947996183214876,
    0.7115687581057204,
    0.9108924900474363,
    0.8868271065048966,
    0.7358205807035486,
    0.9989699392730147,
    0.7859315479061255,
    0.7456938055317494,
    0.8775073761455231,
    0.9325944173158578,
    0.9820608064652675,
    0.981739742631955,
    0.9927537276771519,
    0.9956938829696343,
    0.9955813790605827,
    0.9956279050811165,
    0.7454685283424235,
    0.993518367332931,
    0.9957190773998429,
    0.9326915993386214,
    0.9968431913591377,
    0.9282617860547583,
    0.9942048776292401,
    0.8735311245689662,
    0.9953712280499528,
    0.8843120744899434,
    0.9934649162455795,
    0.8998035593768993,
    0.9965669201438081,
    0.997637356976069,
    0.8287360997099409,
    0.9630040157525918,
    0.6751820847165015,
    0.995481079066528,
    0.9960307412543808,
    0.876017095395241,
    0.998187207473394,
    0.9920745108823801,
    0.9939850194137306,
    0.8973381283489976,
    0.7146254290828329,
    0.9962671872574979,
    0.754929797897299,
    0.9524540141844381,
    0.989066217090152,
    0.9955209982167175,
    0.8910746731570254
  ],
  "similarity_mean": 0.9228164191337611,
  "similarity_std": 0.09501991569918676,
  "waypoint_distance": [
    0.907529356748384,
    0.8539494437526498,
    3.066144070632674,
    1.6109972166449147,
    3.6366058801152343,
    1.8256835195378533,
    1.8708000181886126,
    3.850749118241857,
    0.8748791218249077,
    0.9772216947564538,
    3.4166393013601746,
    2.9504121005896056,
    1.044336185742655,
    2.734643615957774,
    0.8931472611333282,
    1.0705729635668895,
    0.8360182015041868,
    0.8572619133738463,
    0.8438616011917516,
    3.61350751481812,
    0.851836511617706,
    1.4632127748243133,
    1.2463367186620387,
    0.9429965999037331,
    0.9552713524041577,
    1.2268622918488394,
    3.0152366737809544,
    0.9912941881101937,
    2.9590820350162312,
    1.2833524869172337,
    1.7090720286985757,
    1.2569144020418768,
    0.8285976933880504,
    2.533186335510361,
    2.231123170116667,
    3.8414879246134537,
    0.8459878858424567,
    0.9035822865596047,
    2.950411709607537,
    0.7240433164270225,
    1.4723356287500486,
    0.9566109052228823,
    1.5246952128719926,
    3.589766874126733,
    0.8880375609421928,
    4.552084624192101,
    1.3137016952515352,
    2.072150407205569,
    0.8749956704509946,
    3.0551274974828084
  ],
  "waypoint_distance_mean": 1.8158870912413951,
  "waypoint_distance_std": 1.0733714013265074,
  "speed": [
    8.749160429072331,
    9.259611183653186,
    9.119794481982817,
    9.009084318480737,
    9.238788521043144,
    8.979155160097417,
    9.210494095407729,
    9.246020508516885,
    8.466234703326482,
    9.227641920547073,
    9.286739859079296,
    9.255204062619425,
    8.259314568376432,
    9.262620077682625,
    8.978765348985016,
    9.267054071722601,
    9.229215359258985,
    9.227281468270515,
    9.258728931467834,
    9.096740899900253,
    7.7520317970727035,
    9.333523787338452,
    9.226863288841464,
    8.723194996520963,
    9.078263114934282,
    9.218441649003987,
    9.312770369406357,
    9.281123119707441,
    9.26656977777133,
    8.846106223236928,
    9.145110743443102,
    9.068787976145869,
    8.901106283853556,
    7.558074564291067,
    9.239138617512783,
    9.257370535605123,
    9.303519317545105,
    9.250453537386331,
    9.237814907245227,
    9.018422128919845,
    8.82958222501555,
    9.251387476165652,
    9.234125475991743,
    9.223083176625467,
    9.210547151246116,
    9.304190067403947,
    9.322251374266383,
    9.273088384175555,
    9.249660546551283,
    9.28139042788624
  ],
  "speed_mean": 9.076512860212013,
  "speed_std": 0.36315147366788164,
  "total_reward": [
    4452.8896426989695,
    4719.696748184147,
    2661.06882361318,
    2785.9820902104193,
    3015.735067975458,
    2221.926749947319,
    3514.7371905498394,
    2961.448027093573,
    2032.1390661633823,
    3928.5199991484674,
    3098.0807424916966,
    3283.4282613521386,
    1591.3167196274621,
    2987.378983854022,
    3216.926585102103,
    4358.9109207725205,
    4703.380233404691,
    4701.867528640043,
    4718.173833129661,
    2620.4788998264853,
    1649.88183747269,
    4408.009956157224,
    4210.570177125792,
    2394.3532780969167,
    2687.1230147637075,
    4295.758416956281,
    3282.6288004611615,
    4728.449294826694,
    2698.705886571128,
    2468.32968260582,
    3599.4324874142676,
    2897.2091257827824,
    2704.8912760375274,
    770.6249407908781,
    3300.56711717273,
    2913.4563355812047,
    4736.6344525945115,
    4715.946434495869,
    3268.908158615304,
    2634.5089687198465,
    2276.4634456066756,
    4497.1951805252165,
    3656.612781316071,
    3020.925945253412,
    4696.644965358339,
    2813.0273993857377,
    4071.4474404478105,
    3613.6623754226384,
    4713.026755644027,
    3291.577477417789
  ],
  "total_reward_mean": 3371.813190448113,
  "total_reward_std": 970.0587972640051,
  "timesteps": [
    512,
    512,
    453,
    378,
    512,
    331,
    481,
    512,
    243,
    512,
    512,
    512,
    233,
    495,
    367,
    512,
    512,
    512,
    512,
    454,
    217,
    512,
    512,
    278,
    339,
    512,
    512,
    512,
    446,
    311,
    487,
    335,
    307,
    198,
    512,
    512,
    512,
    512,
    512,
    295,
    304,
    512,
    481,
    512,
    512,
    512,
    497,
    512,
    512,
    512
  ],
  "timesteps_mean": 445.32,
  "timesteps_std": 98.82397280012579
}