{
  "collision_rate": [
    0.0,
    0.0,
    1.0,
    1.0,
    0.0,
    1.0,
    1.0,
    0.0,
    1.0,
    1.0,
    1.0,
    0.0,
    1.0,
    1.0,
    1.0,
    0.0,
    0.0,
    0.0,
    0.0,
    1.0,
    1.0,
    1.0,
    1.0,
    1.0,
    1.0,
    0.0,
    0.0,
    0.0,
    1.0,
    1.0,
    1.0,
    1.0,
    0.0,
    1.0,
    0.0,
    0.0,
    0.0,
    0.0,
    1.0,
    0.0,
    0.0,
    1.0,
    1.0,
    1.0,
    1.0,
    1.0,
    1.0,
    1.0,
    1.0,
    0.0
  ],
  "collision_rate_mean": 0.6,
  "collision_rate_std": 0.4898979485566356,
  "similarity": [
    0.9957780860725545,
    0.9946667934373613,
    0.8863466623487924,
    0.9940108537872625,
    0.7313658897137475,
    0.9176720556880722,
    0.8884166414777657,
    0.7348359509406528,
    0.9986400851458771,
    0.9915259161964637,
    0.8339925648123615,
    0.8791502274663103,
    0.9323187821658748,
    0.9826213521694762,
    0.9812560423854566,
    0.9962868920618717,
    0.9949326145040365,
    0.9944751656338154,
    0.9954719494538676,
    0.7389133284084348,
    0.993970565752962,
    0.993871545286074,
    0.9947414136797684,
    0.9999752415345349,
    0.9291341460326951,
    0.9958577253782496,
    0.8772237908229763,
    0.9967198878466805,
    0.885184477280997,
    0.9924747253807155,
    0.9005065850331343,
    0.9949017278634074,
    0.9823680163725208,
    0.8388515604194035,
    0.9683594297397141,
    0.6737034655934175,
    0.9954042997241951,
    0.9962053500105953,
    0.9989426706732897,
    0.9936521575638801,
    0.9953416687037107,
    0.9984730493088672,
    0.8882710336894425,
    0.9943311382149602,
    0.9965003401590394,
    0.996267345427506,
    0.9968558008033606,
    0.9948213153849595,
    0.9920654208017285,
    0.8897556807092556
  ],
  "similarity_mean": 0.944148188581242,
  "similarity_std": 0.0820361629061186,
  "waypoint_distance": [
    0.9074703603623282,
    0.9066301565182565,
    3.0261989531345983,
    1.7284438836991673,
    3.7030823617536557,
    1.6119995857408265,
    1.8473519221120231,
    3.9297223975420836,
    0.866972633334906,
    2.4883949148949096,
    3.6309118798626168,
    2.929465252377475,
    1.0665397341997676,
    2.6462138480264077,
    1.013895178305739,
    1.0230341441599118,
    0.8689885124369244,
    0.9028128974413029,
    0.8526821500886637,
    3.515979040095812,
    0.823950208387783,
    0.7537914745889491,
    1.3424792658366347,
    0.5333721079331476,
    1.0121384652929255,
    0.8600154680088119,
    2.918818561745336,
    1.0060479135560667,
    3.0071069230424756,
    1.3304670588518905,
    1.8811490847872105,
    1.5077816258531753,
    1.131968288466869,
    2.3922673251251174,
    1.8797371228850797,
    3.9348522609619225,
    0.8542151825629382,
    0.9035414858114961,
    0.8771419590628577,
    1.0371779407214223,
    0.876858532081129,
    0.7455022842302611,
    1.6575148981394474,
    0.7324834115333615,
    1.1871964066848752,
    0.6642410180303501,
    0.7932829596138908,
    1.4161604138828225,
    1.4639718145092946,
    2.3563562729941956
  ],
  "waypoint_distance_mean": 1.626967550825382,
  "waypoint_distance_std": 0.9761713541287934,
  "speed": [
    8.748963805709145,
    9.224515468134276,
    9.222296615464602,
    9.03322030340832,
    9.26880640798648,
    9.086283043969038,
    9.178590151768525,
    9.268157276429573,
    7.838478720020851,
    9.316134517169733,
    9.234932228224032,
    9.23788157555681,
    8.313150860157554,
    9.248635778824422,
    9.067604365703398,
    9.159744355037583,
    9.27795666836746,
    9.28465647970808,
    9.287365351908049,
    9.180943616748086,
    7.807364435067496,
    7.055597149694181,
    8.945297962521257,
    1.962596281452851,
    9.029589246489413,
    9.26488925372327,
    9.23998743624299,
    9.297874996268684,
    9.237046243600682,
    8.936746793188314,
    9.036898279790895,
    8.989201154245078,
    9.161227061809189,
    7.56306951779832,
    9.266686836240286,
    9.302861339495069,
    9.304334446595595,
    9.196076925883068,
    8.543405685403037,
    9.26492233104758,
    9.328429370433655,
    8.826665305078382,
    9.256430765107444,
    7.675177457728586,
    8.910347895758951,
    7.324640951751857,
    8.737901209812746,
    9.01946252702841,
    8.80476366373881,
    9.27490017735302
  ],
  "speed_mean": 8.780854205812902,
  "speed_std": 1.1222681221995106,
  "total_reward": [
    4452.802018595296,
    4612.863580751407,
    2678.353723836924,
    2639.043643932264,
    3030.537302530409,
    2293.4541266416127,
    3507.4392920324103,
    2958.4365291967088,
    1668.9976826657362,
    2442.355290526271,
    2877.81462286156,
    3286.044976304223,
    1584.9324846257434,
    3088.2706064125973,
    3219.8235010025483,
    4669.426438197015,
    4720.742481325977,
    4610.015954334018,
    4732.072806383965,
    2621.4121473115047,
    1647.0148728511012,
    983.2739495211986,
    2547.055007647507,
    53.56325384474604,
    2679.17294605846,
    4722.419107017741,
    3286.785744255761,
    4743.576714331974,
    2687.189194210318,
    2405.939512885471,
    3550.860033166865,
    2615.0361156605786,
    4491.873617830739,
    798.0376400116692,
    3664.935771916662,
    2925.252996567502,
    4734.789392415712,
    4688.966754821869,
    2042.1667633340044,
    4443.927286965025,
    4752.187057560985,
    2384.748713224847,
    3585.672301721966,
    1529.4019891732114,
    2768.8772479266254,
    1293.047069459251,
    2304.146656332418,
    3211.431123427922,
    2287.213083672208,
    3512.3221070641093
  ],
  "total_reward_mean": 3060.714464686933,
  "total_reward_std": 1180.9173241412884,
  "timesteps": [
    512,
    512,
    448,
    377,
    512,
    325,
    481,
    512,
    216,
    457,
    475,
    512,
    231,
    498,
    364,
    512,
    512,
    512,
    512,
    450,
    215,
    143,
    320,
    33,
    341,
    512,
    512,
    512,
    447,
    307,
    493,
    338,
    512,
    197,
    512,
    512,
    512,
    512,
    242,
    512,
    512,
    273,
    481,
    203,
    320,
    180,
    267,
    398,
    304,
    512
  ],
  "timesteps_mean": 401.28,
  "timesteps_std": 128.69219712165923
}