{
  "collision_rate": [
    1.0,
    0.0,
    1.0,
    1.0,
    1.0,
    1.0,
    1.0,
    1.0,
    1.0,
    1.0,
    0.0,
    1.0,
    0.0,
    1.0,
    1.0,
    0.0,
    1.0,
    1.0,
    1.0,
    1.0,
    1.0,
    1.0,
    1.0,
    1.0,
    1.0,
    1.0,
    1.0,
    1.0,
    1.0,
    1.0,
    1.0,
    1.0,
    0.0,
    1.0,
    1.0,
    1.0,
    1.0,
    1.0,
    1.0,
    1.0,
    1.0,
    0.0,
    1.0,
    1.0,
    1.0,
    0.0,
    1.0,
    1.0,
    1.0,
    1.0
  ],
  "collision_rate_mean": 0.86,
  "collision_rate_std": 0.3469870314579494,
  "similarity": [
    0.9532826879911079,
    0.7904103223118787,
    0.9561302953259196,
    0.8883037239394788,
    0.9075836913109524,
    0.9704053252391242,
    0.9908865645230459,
    0.9701160947311325,
    0.8795664672679069,
    0.9406537901758121,
    0.9803283817086731,
    0.9954749442446981,
    0.6682767232397069,
    0.9946084614256535,
    0.8911823004934621,
    0.8366734189322572,
    0.9695835145297089,
    0.9203939083460181,
    0.8354483379106569,
    0.9320006605090059,
    0.9121598792637637,
    0.9494538705211046,
    0.9363103709065572,
    0.9107143633646528,
    0.9089701180401013,
    0.9332772873706094,
    0.10449132896303474,
    0.9834865424980528,
    0.9415570154777708,
    0.9423502105856609,
    0.987388444813169,
    0.9713673433923288,
    0.8985091677625261,
    0.9745199845148104,
    0.9182916140436227,
    0.9240480705393749,
    0.9286101829682825,
    0.896251371399084,
    0.9188721543092949,
    0.9881053927241918,
    0.9099602435711694,
    0.585227082116364,
    0.9972513326934445,
    0.9427121150988741,
    0.957121608520584,
    0.7436867261426476,
    -0.6002670565479864,
    0.9314860154371236,
    0.9692386139809362,
    0.9442806166233119
  ],
  "similarity_mean": 0.8716148325050131,
  "similarity_std": 0.2515654749262823,
  "waypoint_distance": [
    2.413574160946766,
    10.602507414712909,
    2.971948818346263,
    3.856637418168466,
    6.234503637851331,
    4.0488191362222805,
    0.7155651877718953,
    2.417680868904549,
    5.419133488616701,
    1.9723752518218287,
    2.946037132288592,
    3.2305096946962224,
    10.685253983567906,
    3.274115130012227,
    5.648781521490412,
    9.210328589414619,
    1.598854004130177,
    6.485293984431443,
    3.349883051500684,
    4.965781009510725,
    6.878951115788656,
    2.5050646707031237,
    6.829870845675777,
    4.797369512462496,
    4.683291207289684,
    2.2123538176852957,
    7.885055658653343,
    0.8957915633319982,
    4.2301766314733005,
    1.6948973180911975,
    1.2619793762793419,
    3.916108138327285,
    6.381761697264349,
    2.7318409408195166,
    5.516059872948634,
    4.151537674776113,
    3.988348919552188,
    5.000606922383919,
    6.616482587387629,
    2.272314792231916,
    4.249525827041128,
    11.856909919300552,
    3.1431604633854624,
    4.312742177517581,
    2.753782374188146,
    9.36325304303789,
    4.3505471898432155,
    2.6275666265420563,
    1.3892868803348355,
    2.8061672444518724
  ],
  "waypoint_distance_mean": 4.467007769863489,
  "waypoint_distance_std": 2.5877987762943127,
  "speed": [
    8.168734169539832,
    10.253012113415028,
    9.023591769781698,
    8.760420275033898,
    8.689436028101337,
    7.164294170165309,
    5.923723671857599,
    7.436394063747236,
    9.238034939521036,
    8.058720124653128,
    10.20431085881956,
    6.800933074789557,
    10.207878673557301,
    6.981608656166903,
    9.271072454813105,
    9.978054168511028,
    8.824170469145322,
    9.045003424331696,
    9.819320020811963,
    9.560362491628847,
    9.276649796147865,
    9.005376654853274,
    9.239791388214684,
    9.363886154219275,
    9.307183323497224,
    8.217366042203823,
    2.5435589035121544,
    7.064101387887369,
    9.819089821626346,
    7.3352193674620265,
    8.586895481363332,
    7.615690941199505,
    10.104246384058111,
    8.197234755944185,
    8.56742197872987,
    9.115758877730691,
    9.1172461632013,
    9.545881361450924,
    8.951663765968672,
    5.458567317047244,
    9.319069815129332,
    9.960099007467898,
    6.240533430788649,
    9.22196558428334,
    7.440882577127922,
    10.223435804888581,
    7.987705190573792,
    9.102931327403436,
    8.612320125739245,
    9.154172324577786
  ],
  "speed_mean": 8.542100413453786,
  "speed_std": 1.4331842873639207,
  "total_reward": [
    1294.1241172989105,
    1203.8333967377023,
    1288.0110378589839,
    1042.7002114231743,
    392.3708038493756,
    368.28288763719036,
    188.59857018804746,
    341.2525291849156,
    1108.1327653491824,
    638.1556283555478,
    2780.1278471907617,
    387.950028710665,
    1313.5430598458775,
    -80.46686072502973,
    1172.4054380538992,
    1281.3873424037445,
    742.482929730229,
    437.17301094278474,
    1804.4051403413903,
    1637.6838362323867,
    463.8505040136125,
    1517.709891543921,
    475.69713303373806,
    1411.8367133128638,
    1322.4162176533287,
    624.5943199007747,
    -999.4346309924554,
    751.003619356831,
    2027.3413533368962,
    465.3000889327956,
    1243.946612662842,
    -63.95281380486654,
    1806.1716590792696,
    543.0866722980145,
    -577.9446240432418,
    1365.7349156292785,
    1414.7168451865234,
    1621.0676483027307,
    427.25557675390706,
    -175.76532924341655,
    1456.2045562330736,
    1178.9037958144595,
    -147.77709863353022,
    1665.5686066586657,
    232.74182736920238,
    1418.637487828721,
    -2092.131167337369,
    1022.2555976502088,
    1159.9796058616514,
    967.4232504147933
  ],
  "total_reward_mean": 837.3718511076592,
  "total_reward_std": 814.7316072773788,
  "timesteps": [
    307,
    512,
    288,
    282,
    263,
    174,
    119,
    194,
    346,
    221,
    512,
    158,
    512,
    166,
    368,
    512,
    273,
    298,
    477,
    428,
    316,
    295,
    344,
    432,
    409,
    228,
    33,
    189,
    460,
    187,
    245,
    199,
    512,
    223,
    248,
    344,
    348,
    422,
    300,
    107,
    395,
    512,
    136,
    412,
    193,
    512,
    33,
    305,
    251,
    301
  ],
  "timesteps_mean": 306.02,
  "timesteps_std": 129.97299565679018
}