{
  "collision_rate": [
    1.0,
    1.0,
    1.0,
    0.0,
    1.0,
    1.0,
    0.0,
    1.0,
    1.0,
    1.0,
    1.0,
    1.0,
    1.0,
    1.0,
    0.0,
    0.0,
    1.0,
    1.0,
    1.0,
    1.0,
    0.0,
    1.0,
    0.0,
    0.0,
    1.0,
    1.0,
    1.0,
    1.0,
    1.0,
    0.0,
    1.0,
    1.0,
    1.0,
    1.0,
    1.0,
    1.0,
    1.0,
    1.0,
    1.0,
    0.0,
    1.0,
    1.0,
    1.0,
    1.0,
    1.0,
    1.0,
    1.0,
    1.0,
    1.0,
    0.0
  ],
  "collision_rate_mean": 0.8,
  "collision_rate_std": 0.4,
  "similarity": [
    0.9961806657330193,
    0.9889157277310642,
    0.9948419572034656,
    0.9745026981181903,
    0.9956954236500951,
    0.994017127036658,
    0.9779703284103609,
    0.9908858315778424,
    0.9806766058085472,
    0.1430079057524582,
    0.9953404676880292,
    0.9935237583352344,
    0.9999403830790751,
    0.9619642199824746,
    0.9847429116289387,
    0.9958825997062417,
    0.9937168250524875,
    0.9922689745783535,
    0.9322232470565084,
    0.993031635848256,
    0.8160564504724236,
    0.9901586819799396,
    0.9785538621717242,
    0.7487354740599184,
    0.9866905121159029,
    0.9982203558054603,
    0.9940917141559665,
    0.9172431133030644,
    0.9458105595032444,
    0.9853122848418691,
    0.995573302493825,
    0.9944574051708258,
    0.9917554399179997,
    0.8921792396675415,
    0.809067228236342,
    -0.1288991828751988,
    0.9810381489585769,
    0.9348619288747895,
    0.9846650468404835,
    0.9852028719890565,
    0.9955628427580125,
    0.9953575357438331,
    0.9933052489340157,
    0.916106587329087,
    0.9957217000671829,
    0.9923649840833868,
    0.9942781052705693,
    0.9952652589750817,
    0.9433888281955155,
    0.9810742385803184
  ],
  "similarity_mean": 0.9296505812319612,
  "similarity_std": 0.19705456894817328,
  "waypoint_distance": [
    0.5815368071958241,
    0.6724612280095746,
    0.6004969935621162,
    2.1513758813107136,
    0.6882649527992771,
    0.7843424360682857,
    1.6381368676041228,
    0.6527922378773153,
    1.522051660864699,
    15.511528078850093,
    0.6737899783547084,
    0.6733108710156985,
    0.4554156604847716,
    0.9167356291478248,
    1.3392506087834883,
    0.7014558825271016,
    0.718429519709898,
    0.7710809776972998,
    2.2561428289007335,
    0.7635196423513455,
    3.9278516241505774,
    0.8908630876034687,
    1.5745527156867658,
    4.75443612898803,
    0.7917124343987494,
    0.5179870029857228,
    0.7864382727515695,
    3.490327072525318,
    0.90347018393579,
    1.3647540706050616,
    0.667240700852277,
    0.7487031775311996,
    0.7688297663599748,
    2.2650934471922017,
    2.795723300766164,
    8.795966090290674,
    1.5335206708797393,
    1.0850273232873926,
    1.092883949304629,
    1.3828211321991686,
    0.6790989932539335,
    0.6587173518355844,
    0.8163379205582868,
    1.7454887049401568,
    0.6801784882492132,
    0.7016796109415491,
    0.7759249238174645,
    0.6832823966347749,
    1.3514877109816488,
    1.4054750528259627
  ],
  "waypoint_distance_mean": 1.6741598409889589,
  "waypoint_distance_std": 2.410181241200576,
  "speed": [
    6.69355100866162,
    6.754585494492312,
    7.232561408366806,
    8.730648642724683,
    7.796959379896489,
    7.81720787391303,
    8.845568476493494,
    6.815282458019191,
    8.779008872906683,
    7.243827632858688,
    7.7742945691419525,
    7.946001493607626,
    1.5585355031848207,
    7.322944770063773,
    8.98184248282157,
    7.860162324817308,
    8.207736281866653,
    8.342168792326063,
    7.182687806677936,
    7.844875343119969,
    8.944416780018079,
    8.257095668356328,
    8.806291339786707,
    8.741437243412083,
    7.864153175695573,
    5.703121718226878,
    7.858649528870216,
    7.55483066548098,
    7.163518049847731,
    8.89629948901661,
    7.948384537279758,
    7.96500780103588,
    7.285488590822384,
    8.652459945291294,
    8.643036065160839,
    1.545686668606798,
    8.917940269249772,
    7.789440515451864,
    8.492396187646547,
    8.967626126322433,
    7.968666620248667,
    6.767473672619907,
    7.9995686166924305,
    7.998095368441832,
    7.178649613111102,
    7.402840826082008,
    8.102689800271323,
    8.036957505767639,
    5.987462234197759,
    8.8564406086374
  ],
  "speed_mean": 7.64053151695219,
  "speed_std": 1.4610263737079243,
  "total_reward": [
    2708.932835934637,
    400.9357117130894,
    1830.4488130232228,
    3106.086760700794,
    2673.599983876285,
    2682.0369365247693,
    3548.700012567053,
    432.3455832280654,
    3584.744656404397,
    -2.9765192843611157,
    2626.362760343826,
    2275.887761528378,
    30.233391937349396,
    1737.3801877461171,
    4471.762932211215,
    2603.612884040918,
    3037.1445283030375,
    3425.3087742807706,
    1010.098320893299,
    2450.384395804435,
    2626.249424969029,
    3218.441646891589,
    3570.6197281960463,
    2385.7745181997666,
    2716.96086579333,
    1179.2986368156564,
    2706.836140677124,
    1403.4188149879815,
    1442.2447091312713,
    4391.916611271766,
    2274.8382482202073,
    2714.6100319053667,
    1909.648608953051,
    2655.4137094119806,
    2697.7007245554246,
    -10.330562498243737,
    3575.1147789067386,
    2040.5452927771457,
    3288.3063476432308,
    4375.685758406525,
    2803.198864668135,
    2252.6259197104723,
    2851.7172769884864,
    2414.963899821071,
    2778.7076802412603,
    1977.9637873383906,
    3070.3396991696277,
    2842.3994748382024,
    699.1361930663519,
    3766.281896308138
  ],
  "total_reward_mean": 2425.0731887828483,
  "total_reward_std": 1091.2741067969666,
  "timesteps": [
    410,
    63,
    257,
    512,
    347,
    348,
    512,
    67,
    499,
    289,
    342,
    291,
    33,
    258,
    512,
    333,
    375,
    417,
    236,
    320,
    512,
    408,
    512,
    512,
    353,
    210,
    349,
    380,
    221,
    512,
    352,
    346,
    267,
    441,
    484,
    33,
    508,
    313,
    436,
    512,
    356,
    337,
    367,
    394,
    392,
    272,
    384,
    358,
    148,
    512
  ],
  "timesteps_mean": 352.04,
  "timesteps_std": 128.73289556286693
}