{
  "collision_rate": [
    1.0,
    1.0,
    1.0,
    0.0,
    1.0,
    0.0,
    0.0,
    1.0,
    1.0,
    1.0,
    1.0,
    1.0,
    1.0,
    0.0,
    0.0,
    1.0,
    0.0,
    0.0,
    1.0,
    0.0,
    1.0,
    1.0,
    1.0,
    1.0,
    1.0,
    1.0,
    0.0,
    1.0,
    0.0,
    1.0,
    1.0,
    1.0,
    1.0,
    0.0,
    1.0,
    0.0,
    1.0,
    0.0,
    1.0,
    1.0,
    1.0,
    1.0,
    1.0,
    1.0,
    1.0,
    0.0,
    1.0,
    1.0,
    0.0,
    1.0
  ],
  "collision_rate_mean": 0.7,
  "collision_rate_std": 0.45825756949558405,
  "similarity": [
    0.9920613856753103,
    0.9718020053313371,
    0.9933771694884543,
    0.9962206657330274,
    0.9886549649666881,
    0.9791913250580336,
    0.9978494133267325,
    0.9853466690130019,
    0.9643815113213979,
    0.9476131607159863,
    0.97239129825587,
    0.9262243571081543,
    0.96612697517853,
    0.9714938707884976,
    0.8933816609338859,
    0.9388465265699287,
    0.9823929953495419,
    0.9372423360346911,
    0.9676558731410461,
    0.9767029318822236,
    0.9628920899561743,
    0.9707631275529306,
    0.9905502307566055,
    0.9473947926888269,
    0.9864728622343052,
    0.9878156023807622,
    0.9304136712833242,
    0.7834164257133323,
    0.9979287079691734,
    0.9999422199434551,
    0.9708483260128158,
    -0.6348317807877282,
    0.988523160132335,
    0.9818515279864575,
    0.9789313173301144,
    0.926405591400611,
    0.9889597979244199,
    0.9951034302932573,
    0.9944582048755244,
    0.8564526664748671,
    0.8687166388004486,
    0.9527029066339237,
    0.9952888009997952,
    0.9548931621295415,
    0.9934943770345535,
    0.9804450742795014,
    0.989526458798896,
    0.9908789833469078,
    0.9755069973161167,
    0.972423008300169
  ],
  "similarity_mean": 0.932542509512675,
  "similarity_std": 0.22753482193495295,
  "waypoint_distance": [
    0.7222162096046284,
    1.8272199561635751,
    0.8235523838931857,
    3.2943459079849435,
    0.9116750474537799,
    1.3835132871180391,
    0.6615253544933154,
    0.8984513794030169,
    6.249613911454378,
    2.7430413008470604,
    2.2609337956344557,
    3.330459868721275,
    2.1392462957975087,
    2.74939396756191,
    17.486602743587436,
    2.5178842784184834,
    1.8182696422320939,
    6.027738447797212,
    1.8022719057475074,
    2.955702922252236,
    2.519216405904643,
    1.1342009795840582,
    1.0637820734662724,
    3.1495678116480454,
    1.2820293294065315,
    5.13397384098402,
    3.6655800357527175,
    5.47672997374144,
    0.5991510612353969,
    0.2387036919137042,
    1.708531540425416,
    15.190496064772352,
    0.8399857433327419,
    2.5258403849432027,
    1.1389995316988784,
    4.1016377680634895,
    0.6325166385461708,
    0.9710263679356598,
    0.9163888433736139,
    3.368748862330158,
    4.529490682602066,
    12.598932957504267,
    0.909254500396934,
    2.2792067941127208,
    0.6996484887480354,
    4.692136278176294,
    1.1206744713704815,
    2.064229568721755,
    5.264947493167559,
    6.939209940720243
  ],
  "waypoint_distance_mean": 3.1871699346148983,
  "waypoint_distance_std": 3.4705942375436076,
  "speed": [
    7.344234289094637,
    9.354621575998198,
    7.328892820674679,
    8.09231412307801,
    6.941658210220902,
    9.360422798967628,
    7.634717653637077,
    9.600957443103036,
    8.148467627849385,
    8.708846302534925,
    8.51317582051727,
    9.074367468388937,
    8.47799883933792,
    9.895277943316731,
    9.537065678951333,
    8.464612832238261,
    7.6019637911130244,
    9.113931961352161,
    8.7901392676026,
    8.203547040687198,
    8.876468862222351,
    7.939220848256143,
    9.31881736076848,
    9.57634191692466,
    8.083807213168987,
    8.140765309505065,
    8.428501793958073,
    9.586142538134961,
    7.547651259942198,
    1.528555365503527,
    9.177277603277053,
    5.6517967284716235,
    8.743319967024464,
    9.141867607439497,
    8.408124196290203,
    8.504281276408564,
    9.221873974075336,
    7.187264855022221,
    9.416695662211197,
    10.391377819970414,
    9.20515591046556,
    7.987930526424238,
    7.251062411187324,
    2.138348579335085,
    7.387519079461254,
    9.138633281726198,
    8.598561323598094,
    7.591278608208274,
    8.860827182642529,
    9.208039887785748
  ],
  "speed_mean": 8.248494448761464,
  "speed_std": 1.583305054399898,
  "total_reward": [
    2237.0175159350542,
    3635.338051277958,
    -276.61352534082056,
    1542.0765868191618,
    1679.741429509625,
    4698.757502908285,
    3900.3282863160434,
    3547.0300769532473,
    555.7898342512096,
    2212.7809640962196,
    2236.8214987894607,
    1208.0833162310796,
    1945.459280509011,
    2738.4808305110378,
    72.69068354304025,
    2698.0033534442964,
    2852.254769592302,
    1087.247455681216,
    2593.1601523584313,
    2140.8903035745807,
    1921.2243067510044,
    1672.2841273018762,
    2883.545999699138,
    2601.475416727496,
    1778.5452490014652,
    572.3513817622256,
    1567.7643733095435,
    676.1735587493538,
    3856.6661822571846,
    -450.17577085495645,
    3191.004735160019,
    -504.5011603455478,
    2940.8253245822802,
    3155.9254500320376,
    1524.7961249397415,
    1334.0788699051668,
    2445.5500881685502,
    3563.5144990483304,
    2773.609766890765,
    -1000.0,
    1620.431387909642,
    49.96158993880434,
    1275.9344626050793,
    -450.64920414532287,
    1522.3613260657783,
    1262.6630924854594,
    2416.5226581845986,
    188.014199895675,
    987.2333890443329,
    652.7753821807828
  ],
  "total_reward_mean": 1786.704903484219,
  "total_reward_std": 1294.886750740262,
  "timesteps": [
    386,
    505,
    33,
    512,
    249,
    512,
    512,
    394,
    366,
    401,
    376,
    339,
    327,
    512,
    512,
    465,
    512,
    512,
    379,
    512,
    384,
    233,
    329,
    428,
    244,
    312,
    512,
    366,
    512,
    33,
    446,
    79,
    344,
    512,
    202,
    512,
    271,
    512,
    310,
    33,
    383,
    310,
    247,
    33,
    277,
    512,
    308,
    139,
    512,
    433
  ],
  "timesteps_mean": 360.88,
  "timesteps_std": 145.87318327917578
}