{
  "collision_rate": [
    1.0,
    1.0,
    1.0,
    1.0,
    1.0,
    0.0,
    1.0,
    1.0,
    1.0,
    1.0,
    1.0,
    0.0,
    0.0,
    1.0,
    1.0,
    1.0,
    1.0,
    1.0,
    1.0,
    1.0,
    1.0,
    1.0,
    0.0,
    1.0,
    0.0,
    1.0,
    1.0,
    1.0,
    1.0,
    1.0,
    1.0,
    1.0,
    1.0,
    1.0,
    1.0,
    0.0,
    1.0,
    1.0,
    1.0,
    1.0,
    1.0,
    1.0,
    0.0,
    1.0,
    0.0,
    1.0,
    1.0,
    1.0,
    1.0,
    1.0
  ],
  "collision_rate_mean": 0.84,
  "collision_rate_std": 0.3666060555964672,
  "similarity": [
    0.9991403367768609,
    0.9948968256388872,
    0.9261847121865687,
    0.9831180443534651,
    0.999917643368451,
    0.8107450422660646,
    -0.9972930116477182,
    0.999874867032069,
    0.9962282673172621,
    0.24961158361777333,
    0.9903873180925935,
    0.9487455457342963,
    0.9965546454912255,
    0.9921578571976233,
    -0.877454894119474,
    0.9916221160918373,
    0.9836985197514063,
    -0.7351988762841832,
    0.9756136998663506,
    0.9570625963480321,
    0.9948518585385924,
    0.9844885252941796,
    0.972183451572378,
    0.9700318844082576,
    0.9957619672087255,
    0.9388006387803621,
    0.971624662428574,
    0.9838006307620534,
    0.9807082478908618,
    0.9935171456794989,
    0.9857118471615431,
    0.9947894375741364,
    0.9991987430849254,
    0.9907930215932984,
    0.9914442683773312,
    0.9584534930831506,
    0.991962512052457,
    -0.8125531084786914,
    0.9733237762989159,
    0.999695043866987,
    0.9954409211779395,
    0.9711158925256276,
    0.7440250831421245,
    0.9951778682270075,
    0.9690883144474456,
    0.9940680357754378,
    0.8652896730427965,
    0.9995617737642053,
    0.16560403997930187,
    0.985213564581592
  ],
  "similarity_mean": 0.7945757210584081,
  "similarity_std": 0.5119104677038533,
  "waypoint_distance": [
    0.3291097753549297,
    0.7778519544480228,
    1.280930248254457,
    0.8276499415411335,
    0.25032815137580744,
    6.737470009940359,
    8.994132777019813,
    0.6088649900354798,
    0.6800670487291703,
    2.191905583635269,
    0.4747787412851496,
    4.8474478167537205,
    0.882044952832343,
    1.0279343093806064,
    3.812303536798518,
    1.028191492673977,
    1.9692941540946138,
    4.505834534855234,
    1.6627342548267068,
    3.605256533244258,
    0.7601619179957272,
    1.5192202446259049,
    3.777538328810334,
    2.806615008433078,
    1.0087614357893373,
    1.273945622334214,
    3.13279151905479,
    1.2480795503669375,
    1.3053594428540252,
    0.713560887442764,
    0.7050877613155018,
    0.659928627915534,
    0.13856128576269558,
    0.9996223480618417,
    0.7807342904616494,
    4.5531591339294994,
    0.7889117738546819,
    5.520254553405278,
    0.2862583075711074,
    0.4751541601143595,
    0.5924281145846866,
    1.737436784748214,
    7.3674196162406815,
    0.6920265831004112,
    4.019119809877624,
    0.6937270424785692,
    1.652390708131931,
    0.07316813565020722,
    6.265095703367687,
    0.3082877323831883
  ],
  "waypoint_distance_mean": 2.0469787447548407,
  "waypoint_distance_std": 2.094808493627414,
  "speed": [
    4.674588487584205,
    8.068233210560384,
    8.464259903741317,
    7.4049945484638044,
    2.4968206102611883,
    9.428646353911214,
    8.247514629904554,
    2.1500578162660773,
    8.159992346926874,
    5.598557843356467,
    2.054869165959261,
    9.367313050009033,
    5.122035560682382,
    9.51300762778184,
    6.457453381766801,
    7.773869375936915,
    8.255478525629796,
    16.66478160159557,
    8.33935216147977,
    9.16541377159127,
    7.714431605688712,
    1.0886451466715172,
    9.842715534233848,
    9.641690366072565,
    5.145138375783859,
    6.371727965497777,
    9.508061144132647,
    8.418853352996935,
    8.530951646149765,
    6.8597692478748895,
    6.7217403630266395,
    6.611547194509834,
    0.0918516260380513,
    8.739585545677858,
    7.33844737072097,
    9.7051452622776,
    8.519931949530784,
    13.279049231197657,
    1.3479073515557116,
    4.97935310682281,
    8.218234917607909,
    8.02656552762322,
    9.062486998907067,
    7.886262619889352,
    9.086929357147916,
    8.343105130240458,
    8.853183633637968,
    0.05910581349534387,
    18.22276317180467,
    1.6543660885600018
  ],
  "speed_mean": 7.3455357323756605,
  "speed_std": 3.5235693321445773,
  "total_reward": [
    718.4807004035613,
    1798.6651456917734,
    1974.309125329222,
    1272.6819174944267,
    -391.0953490896941,
    1869.0456543213434,
    -168.80838746981277,
    59.338703887364744,
    918.2332897937229,
    -1000.0,
    45.800217034074606,
    2076.552220501488,
    2612.4444583986287,
    3894.6197392249715,
    -1000.0,
    1410.0548600412433,
    2405.5446779816443,
    -1000.0,
    968.2236663556353,
    1020.2839822762892,
    1436.7130263762433,
    -1000.0,
    2536.1707946966058,
    2574.1032072091766,
    2608.676252122011,
    696.2726611620951,
    2072.0756831647964,
    1344.8652433854595,
    2104.9666542565114,
    945.5402708179436,
    337.42993696253285,
    1063.586770130046,
    -1000.0,
    1555.7890404921764,
    1271.8154065921335,
    2217.3090311064093,
    2118.3262023956854,
    -1000.0,
    12.799333585597708,
    -85.44534281820302,
    1892.4505328056473,
    1562.7961929598014,
    1954.4541933397206,
    1579.96798453288,
    2068.790267638034,
    2052.1077330611542,
    2444.3302678104415,
    -1000.0,
    -532.8376937363403,
    32.97295547445097
  ],
  "total_reward_mean": 1067.0080245539777,
  "total_reward_std": 1229.2272832809344,
  "timesteps": [
    158,
    227,
    287,
    247,
    46,
    512,
    224,
    33,
    176,
    33,
    33,
    512,
    512,
    467,
    33,
    188,
    416,
    33,
    300,
    440,
    190,
    33,
    512,
    453,
    512,
    139,
    500,
    250,
    295,
    142,
    54,
    165,
    33,
    246,
    178,
    512,
    255,
    33,
    33,
    85,
    234,
    259,
    512,
    204,
    512,
    250,
    382,
    33,
    33,
    33
  ],
  "timesteps_mean": 238.98,
  "timesteps_std": 174.04958948529583
}