{
  "collision_rate": [
    1.0,
    1.0,
    1.0,
    1.0,
    1.0,
    1.0,
    1.0,
    1.0,
    1.0,
    1.0,
    1.0,
    1.0,
    1.0,
    1.0,
    1.0,
    1.0,
    1.0,
    1.0,
    1.0,
    1.0,
    1.0,
    1.0,
    1.0,
    0.0,
    0.0,
    1.0,
    1.0,
    1.0,
    1.0,
    1.0,
    1.0,
    1.0,
    1.0,
    1.0,
    1.0,
    1.0,
    1.0,
    1.0,
    1.0,
    1.0,
    1.0,
    1.0,
    1.0,
    1.0,
    1.0,
    1.0,
    1.0,
    1.0,
    1.0,
    1.0
  ],
  "collision_rate_mean": 0.96,
  "collision_rate_std": 0.19595917942265428,
  "similarity": [
    0.9974059084818833,
    0.998905151052078,
    0.9873488167565496,
    0.9928180026627366,
    0.9998052277208157,
    0.92910659533499,
    -0.9951022623612319,
    0.9213172424527255,
    0.9907178350350515,
    0.19477879385103591,
    0.983214284979898,
    0.9642906605254526,
    0.9996506037751249,
    0.988447959042415,
    0.9999051135575779,
    0.9919741536315833,
    0.9878672394033772,
    -0.17294637808166313,
    0.9988557154212423,
    0.9999694927161372,
    0.9933561083351687,
    -0.872464439436367,
    0.9953265440924275,
    0.9706890436104556,
    0.9942064788632724,
    0.7627547281300808,
    0.9949405009543882,
    0.9834545024342841,
    0.022563706635849664,
    0.9497323196893628,
    0.9854702257677461,
    0.9939849747044097,
    0.9959808461059968,
    0.9973474524850136,
    0.992754052901898,
    0.9753077191798285,
    0.9905623020593411,
    0.9706437036958103,
    0.9950774295175683,
    0.9998870935532215,
    0.9999301467680963,
    0.9208531952129589,
    0.765129169426808,
    0.9935884992499041,
    0.9819945916597886,
    0.991826947507953,
    0.6644329716306898,
    0.9987360002865245,
    0.9984959581921408,
    0.9873749500325726
  ],
  "similarity_mean": 0.8350453575840995,
  "similarity_std": 0.43256568650276517,
  "waypoint_distance": [
    0.432160209199527,
    0.5273504179346158,
    0.772092003480704,
    0.503439022916554,
    1.555585930120594,
    1.7068913617706711,
    8.755717062846866,
    2.1109190579028625,
    0.9942571408617277,
    1.7520445979706127,
    1.8805074725738657,
    3.6773398606267507,
    0.05995038955812307,
    2.724737104843611,
    0.6015962637655755,
    0.8196606186077859,
    0.8993131202934713,
    12.772980841034613,
    1.355760990990737,
    0.67398034908035,
    0.6427227527967002,
    4.5422912799013115,
    0.11007034860095032,
    2.9337314744391283,
    1.0032804053528899,
    1.8629089370993412,
    0.6470694922229432,
    1.1835096929516289,
    4.482299346189955,
    2.492582017037911,
    0.7298281019168785,
    0.6429936263767351,
    0.453918537253295,
    0.5612359424265014,
    0.7823851338959149,
    2.419234236391305,
    0.8117807854977681,
    2.8735567071867094,
    0.6134980133001817,
    0.2591795631781397,
    0.43214957954011773,
    2.398489396892014,
    5.963098366815669,
    0.6623825137226804,
    2.519115070276051,
    0.7572730391702962,
    6.085286827106565,
    1.4595477127473004,
    1.6224071675661724,
    0.9822385023584633
  ],
  "waypoint_distance_mean": 1.950126967731823,
  "waypoint_distance_std": 2.3005058841193478,
  "speed": [
    6.483724359758136,
    5.8737477142768615,
    6.255029211146415,
    5.758374765315943,
    1.701931145827994,
    9.568182263858493,
    9.053869105069282,
    9.46985238649892,
    10.823302474428194,
    4.977579591108474,
    9.912216661922171,
    9.478790429380718,
    0.7206925853508921,
    11.1957311615457,
    5.174100556101179,
    10.028536153916718,
    10.070356566677583,
    16.064679590575437,
    1.4656876138563117,
    3.02679492022335,
    8.907445870825628,
    9.087803356306669,
    0.8135377007902915,
    9.838066414640286,
    4.318630646437859,
    0.40843186191957326,
    9.940892809943941,
    8.445113537216352,
    4.001482592513679,
    8.46512889671566,
    6.885839361529823,
    9.759298407183307,
    2.2115729853601986,
    7.821661841878792,
    8.450294290118661,
    9.325321714587773,
    8.698836798489385,
    9.599817752751727,
    8.402313012640272,
    0.09685274023776853,
    5.311821732334068,
    8.966377708648738,
    9.1266901095765,
    10.325600002054674,
    9.744682037297851,
    10.421600284351324,
    10.736000522294043,
    1.9795718285131378,
    0.14858473485581525,
    9.460856970867479
  ],
  "speed_mean": 7.176066155594402,
  "speed_std": 3.5958103205231833,
  "total_reward": [
    1408.8785915425024,
    -11.415362532372853,
    -1000.0,
    -36.82901997469992,
    -444.10913802251224,
    1917.3395395987432,
    -174.7505141039142,
    1664.1189442465757,
    2475.8651373196744,
    -1000.0,
    3312.3264258422423,
    2361.8208368316905,
    13.188791913127233,
    1598.3671786618315,
    -208.60266294289625,
    2022.2095071932301,
    4315.556694430287,
    -503.4493796716132,
    -1000.0,
    -1000.0,
    2082.3508519230095,
    -1000.0,
    -1000.0,
    3002.1852983496933,
    2161.056968268463,
    -1000.0,
    1701.6731560528083,
    819.4046642473916,
    -1000.0,
    432.9821302744259,
    304.5974952714545,
    2100.0776669803467,
    -1000.0,
    415.70664469530186,
    1456.075238113808,
    1295.8224590182353,
    2077.6741677560635,
    2448.979305600468,
    1458.5105666403153,
    -1000.0,
    -58.308978539028374,
    2091.731759760403,
    1600.9971536471348,
    2201.0678628297974,
    2976.2911912517643,
    2422.13073493417,
    2481.5831671666842,
    -1000.0,
    -1000.0,
    1556.8661944278247
  ],
  "total_reward_mean": 894.7994253800487,
  "total_reward_std": 1460.5190586473452,
  "timesteps": [
    221,
    85,
    33,
    83,
    33,
    334,
    208,
    259,
    279,
    33,
    451,
    493,
    33,
    404,
    58,
    206,
    486,
    33,
    33,
    33,
    238,
    33,
    33,
    512,
    512,
    33,
    224,
    167,
    33,
    200,
    48,
    219,
    33,
    119,
    176,
    386,
    245,
    443,
    177,
    33,
    85,
    347,
    418,
    217,
    488,
    237,
    489,
    33,
    33,
    287
  ],
  "timesteps_mean": 205.92,
  "timesteps_std": 164.12127710933765
}