{
  "collision_rate": [
    1.0,
    1.0,
    1.0,
    1.0,
    1.0,
    1.0,
    1.0,
    1.0,
    1.0,
    1.0,
    1.0,
    1.0,
    1.0,
    1.0,
    1.0,
    1.0,
    1.0,
    1.0,
    1.0,
    1.0,
    1.0,
    1.0,
    1.0,
    1.0,
    1.0,
    1.0,
    1.0,
    1.0,
    1.0,
    1.0,
    1.0,
    1.0,
    0.0,
    1.0,
    0.0,
    1.0,
    1.0,
    1.0,
    1.0,
    1.0,
    1.0,
    1.0,
    1.0,
    1.0,
    1.0,
    1.0,
    1.0,
    1.0,
    1.0,
    1.0
  ],
  "collision_rate_mean": 0.96,
  "collision_rate_std": 0.19595917942265426,
  "similarity": [
    0.9662682011081872,
    0.9531872096794091,
    0.9498087678451009,
    0.12955958624196806,
    0.9318558471681501,
    0.8718224700369033,
    0.8786576363990204,
    0.972575092919383,
    0.8603159325318392,
    0.9989007704398387,
    0.9738600489997419,
    0.8702788302710618,
    0.9339523233488424,
    0.9367390171976764,
    0.9024106507793398,
    0.9848877566063715,
    0.9997906576640595,
    0.9540851599442702,
    0.9860533223419685,
    0.8726541259381216,
    0.892820362238644,
    0.955424395451484,
    0.9639999482387988,
    0.9437513626139791,
    0.8460690255175054,
    0.9754334469233987,
    0.9698014816888936,
    0.9714625781285096,
    0.9440324654593454,
    0.9683962394594025,
    0.9752853699727811,
    0.9668839163678219,
    0.9178316739001885,
    0.7397024285177608,
    0.905040850332472,
    0.9741942503280124,
    0.9755329518246233,
    0.9775563846085485,
    0.8775657988566067,
    0.951992164434634,
    0.952305890284404,
    0.9004998678707564,
    0.9732669517304764,
    0.9597561162033902,
    0.9675029420857666,
    0.952113205154784,
    0.9654419622685452,
    0.9636760897500992,
    0.9592676408541688,
    0.8408361165346063
  ],
  "similarity_mean": 0.9211021457012332,
  "similarity_std": 0.12346895842468665,
  "waypoint_distance": [
    4.142827816573024,
    2.5014774044296306,
    1.8129729092727291,
    2.733216466790463,
    3.4570279383305653,
    2.1769270041609063,
    1.9391911154239019,
    2.160021641681944,
    2.510373452014879,
    0.2977119374290769,
    2.525524188533611,
    2.00607825127086,
    1.4186507843092657,
    2.247305021448204,
    2.223736717993525,
    2.7581142892323265,
    0.5836485490191936,
    2.36972697229416,
    1.7388149530857306,
    4.370721953582255,
    3.135552082900562,
    2.991050977962938,
    2.199719362111448,
    4.113844547968511,
    4.361936975630169,
    2.1793627264542805,
    2.0028239286234935,
    2.1647820513494036,
    1.7625136937693933,
    3.613361322940138,
    2.2324101228629445,
    3.8244586704099226,
    1.9853639963577123,
    3.145895507497123,
    2.6737074388127855,
    2.2381508488632216,
    2.4443609794444505,
    2.5054028822717056,
    1.90029809435921,
    3.474847164797277,
    2.9738006622240887,
    5.940893944458263,
    2.15618602249797,
    2.88370114966136,
    2.7824381923223567,
    2.1366387054978424,
    2.47074509715876,
    2.935045612771328,
    3.1031003127289103,
    2.920044046696427
  ],
  "waypoint_distance_mean": 2.624530129765605,
  "waypoint_distance_std": 0.9421605252567617,
  "speed": [
    9.127229527385476,
    9.390940182118568,
    8.05135431893523,
    9.228132303922003,
    8.967490736133712,
    8.997289635701328,
    9.679414674415124,
    8.509721308236742,
    9.75443746411306,
    1.6625424294038478,
    8.870033243499426,
    10.143361555421192,
    7.447584268859186,
    7.353184556014047,
    9.7215457034756,
    10.19660684129574,
    1.831343993713799,
    8.691810614214473,
    9.191150185901742,
    9.766798950050411,
    9.942257693074877,
    8.784240205536628,
    8.371106695237396,
    8.547341773847716,
    9.93594419982283,
    8.520030575976195,
    7.775862559809798,
    8.69426455553032,
    8.975081722648147,
    9.535316779057016,
    8.212653520430338,
    9.884007485603439,
    10.271950581547562,
    7.6219591999560565,
    10.024306530347772,
    8.37859084708338,
    8.652817255098167,
    9.404912363334004,
    9.81116986513574,
    8.701526933370284,
    8.313332525058206,
    8.684543594518463,
    7.8815378135392296,
    8.620385668176368,
    9.165978607762165,
    7.992597840163187,
    7.305193681125656,
    8.375200888818863,
    8.615484579949245,
    9.880225105120926
  ],
  "speed_mean": 8.629235882789814,
  "speed_std": 1.6060222680771699,
  "total_reward": [
    1374.3792372325129,
    1550.7398105967968,
    917.6278541868103,
    437.69177183554,
    1060.3128211800529,
    1754.4971248115958,
    3070.7386838870248,
    1582.7977343791326,
    1897.9984119287572,
    43.488826511867614,
    1569.1250744936951,
    2852.126694184482,
    1198.3644874550455,
    1013.6345512153098,
    2272.7302830931644,
    2928.63101842609,
    49.376448436515574,
    1281.6964482843864,
    2573.478592291518,
    1446.391557857336,
    2636.351504756148,
    1423.6542409821316,
    1315.7975262815964,
    1375.7479379367364,
    1880.4174345024612,
    2014.8589007675835,
    1298.835332458375,
    1681.8817309041913,
    2139.4436536228877,
    1739.1457126572461,
    1452.0528657725054,
    1889.8810028698597,
    3385.608860109881,
    658.2305342565859,
    2557.6059754244848,
    1370.479589600788,
    1470.067481943302,
    2170.820232165714,
    3198.2482494530277,
    1276.4680094865823,
    1224.718174680625,
    1081.4953609223587,
    1570.8281889389118,
    1394.6182061885793,
    1735.220414081794,
    1092.6398875228376,
    1249.8707305543421,
    1580.3812728882651,
    1345.0964096372527,
    1728.3608776379751
  ],
  "total_reward_mean": 1636.293074625853,
  "total_reward_std": 714.7460433653334,
  "timesteps": [
    430,
    278,
    168,
    239,
    261,
    355,
    456,
    306,
    409,
    33,
    314,
    434,
    214,
    228,
    427,
    505,
    33,
    249,
    369,
    368,
    440,
    325,
    264,
    410,
    421,
    354,
    261,
    313,
    347,
    416,
    296,
    445,
    512,
    203,
    512,
    272,
    298,
    388,
    449,
    326,
    302,
    426,
    310,
    325,
    352,
    228,
    307,
    359,
    327,
    418
  ],
  "timesteps_mean": 333.64,
  "timesteps_std": 102.87385673726828
}