{
  "collision_rate": [
    1.0,
    1.0,
    0.0,
    0.0,
    1.0,
    0.0,
    1.0,
    0.0,
    0.0,
    1.0,
    0.0,
    0.0,
    1.0,
    1.0,
    0.0,
    0.0,
    1.0,
    0.0,
    1.0,
    0.0,
    1.0,
    0.0,
    0.0,
    0.0,
    0.0,
    0.0,
    0.0,
    0.0,
    0.0,
    1.0,
    0.0,
    1.0,
    0.0,
    1.0,
    1.0,
    0.0,
    1.0,
    0.0,
    1.0,
    0.0,
    1.0,
    0.0,
    0.0,
    0.0,
    0.0,
    0.0,
    0.0,
    0.0,
    0.0,
    0.0
  ],
  "collision_rate_mean": 0.34,
  "collision_rate_std": 0.4737087712930804,
  "similarity": [
    0.9884496386269432,
    0.9874664604459608,
    0.6876357945205824,
    0.6087236341871007,
    0.9741708630431158,
    0.9835279783286835,
    0.9918039340022626,
    0.9684141207431989,
    0.9920809136547547,
    0.9813896529172822,
    0.9968235014619727,
    0.9937452156951304,
    0.9149062958390086,
    -0.08092757543707531,
    0.9813885205116751,
    0.9973977180241868,
    0.9890605526392302,
    0.993369052129663,
    0.9867739413521177,
    0.9945512664681112,
    0.9923547183561144,
    0.9925394071207083,
    0.9907490070157777,
    0.9889143727447695,
    0.9841600980711281,
    0.8629110182537306,
    0.9871528571527913,
    0.9977467971457566,
    0.9946264151813022,
    0.9880774479475349,
    0.995000782481355,
    0.9724572550762265,
    0.985947601487638,
    0.9911471992266364,
    0.991847701639918,
    0.9964226143854761,
    0.9998366662267123,
    0.9886897679152318,
    0.9842204886499569,
    0.9676930733160095,
    0.9834829274903151,
    0.9892390628644432,
    0.9975120417110276,
    0.9975188970659048,
    0.9756028269718434,
    0.9935491328155012,
    0.9939129892105145,
    0.9850115977704026,
    0.9824598694622091,
    0.850194761552068
  ],
  "similarity_mean": 0.9466346175092581,
  "similarity_std": 0.1633224057839607,
  "waypoint_distance": [
    4.322425407768734,
    5.816916835858083,
    16.76596595101097,
    13.184918074174798,
    8.116428038513781,
    2.4562413855253626,
    4.582841204086438,
    3.380108995486548,
    1.2369097021562219,
    8.682384812105221,
    2.852478791129584,
    1.0334449712681164,
    9.604738837376294,
    32.530660683199045,
    8.011190300296688,
    0.9363063053715457,
    8.721323715651907,
    0.9354675543090217,
    2.172029074016144,
    2.1409504088563924,
    7.3624112010654645,
    7.603849808858576,
    8.173674175827502,
    9.557976299729015,
    2.523734288759899,
    9.182201833651948,
    4.499999717929574,
    0.6681558384750347,
    4.2766829261591095,
    6.014783563503758,
    1.3423563638844047,
    8.197443770605416,
    7.5570198544626495,
    4.708953478077898,
    6.3497837471967875,
    1.7470564047946882,
    1.7696513439023234,
    7.276181523046217,
    8.361023170751055,
    3.224900139042106,
    7.668702418633883,
    2.980615499738411,
    1.9251455061536695,
    1.190508443073213,
    2.5821717391010206,
    1.246190261288086,
    1.13900831327881,
    7.490631388166682,
    7.947198926407734,
    9.417757429715797
  ],
  "waypoint_distance_mean": 5.829390008468832,
  "waypoint_distance_std": 5.205727802985387,
  "speed": [
    8.451551413671304,
    9.545085634332494,
    9.084124793861209,
    10.974105982339061,
    10.061533414766998,
    9.655769490875546,
    9.319918497227134,
    10.201371306257693,
    10.08785811846357,
    9.313351604357964,
    8.676384515454084,
    9.462585138309235,
    10.975761450223873,
    9.185949719822915,
    11.110608785204763,
    10.468155167550494,
    11.697337645288233,
    9.572100601727783,
    10.278410937718194,
    10.776577606956147,
    11.530435760659602,
    11.462159312814505,
    9.84782432998542,
    10.44203447601209,
    10.426358554105732,
    10.222991308831155,
    9.31577527184293,
    9.339627817289758,
    8.798599801677362,
    9.608271016454276,
    9.54347040991885,
    10.646666219898199,
    9.841901991145537,
    8.486840485906255,
    9.105324334283443,
    10.367144871788971,
    5.5399795584803515,
    10.022048036942282,
    9.91163173216818,
    9.881703057152482,
    9.604651475033227,
    11.297005950027883,
    8.88213746794936,
    10.287478673862243,
    9.636009002816735,
    8.602411809610969,
    9.230930836948895,
    9.922533372666456,
    10.103132707185953,
    10.544783065338791
  ],
  "speed_mean": 9.827008090664132,
  "speed_std": 1.0023637519086046,
  "total_reward": [
    624.2085652644284,
    -276.0923375612314,
    137.00053799260985,
    1464.9730730298513,
    676.4325207261653,
    3158.115001331373,
    596.5751116757607,
    2326.75561370405,
    4726.101190184853,
    641.1481366996114,
    2164.017419293626,
    4543.659393260046,
    665.0772679718541,
    -9.2976832339956,
    796.466810498545,
    5344.999890596494,
    787.8813174328142,
    4843.197761961518,
    3074.52523751481,
    4075.6365742489306,
    821.1362373723938,
    928.0908948944948,
    774.0370813965815,
    770.7628003078972,
    3249.3379778620224,
    827.2080249190448,
    1206.6904090438697,
    4770.404282887024,
    1115.2512554279228,
    610.1945704157715,
    4379.370863659951,
    669.9759954939484,
    724.9421751807611,
    604.8325802165556,
    750.239842888218,
    4549.744021137359,
    -205.7767932625784,
    1015.495728971387,
    663.0485549353425,
    2884.871274731267,
    648.8875886908606,
    3181.429825861433,
    3979.3392154673897,
    5196.752337499543,
    3030.45657440585,
    4043.2530279114067,
    4388.521332102644,
    747.7352493803077,
    709.1652572876145,
    859.9343147913601
  ],
  "total_reward_mean": 1965.1342780893951,
  "total_reward_std": 1702.937925928199,
  "timesteps": [
    290,
    367,
    512,
    512,
    477,
    512,
    245,
    512,
    512,
    451,
    512,
    512,
    487,
    502,
    512,
    512,
    498,
    512,
    447,
    512,
    394,
    512,
    512,
    512,
    512,
    512,
    512,
    512,
    512,
    343,
    512,
    475,
    512,
    278,
    386,
    512,
    78,
    512,
    442,
    512,
    390,
    512,
    512,
    512,
    512,
    512,
    512,
    512,
    512,
    512
  ],
  "timesteps_mean": 468.92,
  "timesteps_std": 87.35235314517864
}