{
  "collision_rate": [
    0.0,
    1.0,
    0.0,
    0.0,
    1.0,
    0.0,
    1.0,
    0.0,
    0.0,
    0.0,
    0.0,
    0.0,
    1.0,
    0.0,
    1.0,
    0.0,
    0.0,
    1.0,
    0.0,
    1.0,
    1.0,
    1.0,
    0.0,
    1.0,
    1.0,
    1.0,
    1.0,
    0.0,
    0.0,
    0.0,
    0.0,
    1.0,
    1.0,
    0.0,
    1.0,
    1.0,
    1.0,
    0.0,
    1.0,
    1.0,
    1.0,
    1.0,
    0.0,
    0.0,
    1.0,
    0.0,
    1.0,
    1.0,
    0.0,
    0.0
  ],
  "collision_rate_mean": 0.5,
  "collision_rate_std": 0.5,
  "similarity": [
    0.993060962353936,
    0.9997731947277155,
    0.9976848246207342,
    0.9608427882062291,
    0.9999250533019719,
    0.9847517911123126,
    0.9985324104767358,
    0.9940675100569031,
    0.9909604700154026,
    0.9976171669573928,
    0.9958125890458382,
    0.9989028456379438,
    0.9890549759319488,
    0.9979542344784527,
    0.9408471916651532,
    0.9494834170687895,
    0.990282855534354,
    0.996359598346469,
    0.9913102121901506,
    0.9949893092302525,
    0.99238968607257,
    0.9688827662836895,
    0.9946899478965634,
    0.9981324392555007,
    0.9339160713935831,
    0.9970694160031159,
    0.993593437112978,
    0.8178184298935928,
    0.9980546793251129,
    0.9920194145808038,
    0.9948224935635571,
    -0.3620113051990451,
    0.9448211017502479,
    0.9948721822843056,
    0.9670758518742855,
    0.9916100733212772,
    0.9952564130987575,
    0.991379919517282,
    0.5047157850182082,
    0.9978516489798624,
    0.7586062888144299,
    0.83785266911216,
    0.9937904551638072,
    0.8002284660783545,
    0.9477908347403377,
    0.9947298726786629,
    0.8719031166606938,
    0.9823021922325086,
    0.9956261839999266,
    0.9194707298970402
  ],
  "similarity_mean": 0.9314294932472571,
  "similarity_std": 0.20333258673332352,
  "waypoint_distance": [
    1.054501938469413,
    0.5836521901993135,
    1.8622669810538355,
    5.430521631063702,
    0.5343593738418374,
    0.6026484435386239,
    0.7335377280011328,
    0.977176766481254,
    8.558821656858754,
    0.6014100504480733,
    4.173896349124271,
    5.5708283405861545,
    1.1267518807081442,
    5.790182610675211,
    13.499883991319592,
    1.1078322118494832,
    1.1575444749219683,
    9.284354671161145,
    1.905789165126565,
    5.767321716019607,
    0.6157402077575348,
    0.9941475309732801,
    2.421747407117734,
    1.6488983129604498,
    4.34046250773626,
    0.24594475680501665,
    8.198076139205863,
    6.127473888174963,
    1.3370130453154876,
    3.84691966133391,
    1.0842202558498204,
    26.25599167180409,
    5.2659738333611505,
    1.631967506705562,
    2.135475564415357,
    5.490472973591411,
    0.5741534138781555,
    1.2875656274396923,
    2.7493191923733984,
    1.222809818240329,
    1.0280242069201895,
    18.90752084858425,
    2.646504849339825,
    16.8959339298496,
    0.9072507555309306,
    4.657371744391937,
    4.564237618542554,
    7.430177312726587,
    4.244334186412987,
    6.9688438880865915
  ],
  "waypoint_distance_mean": 4.320957096537461,
  "waypoint_distance_std": 5.100665957954618,
  "speed": [
    9.438830631116618,
    2.4559604100111176,
    10.13494142628207,
    10.795855062755864,
    2.649620476252818,
    10.77906091148326,
    10.431446600546035,
    10.705791675014376,
    11.447146324538666,
    9.012373554831191,
    10.814446840845678,
    11.020399002839838,
    8.374959428859828,
    9.750671774312416,
    10.551877456257705,
    10.767929410238631,
    10.530576485510023,
    11.45515600636756,
    8.80459298688355,
    11.603796936605447,
    3.5355861133778745,
    10.078027648002823,
    11.54649448876442,
    11.63167363764848,
    9.769067231620845,
    2.482469149001218,
    12.042107275235558,
    10.92816654444951,
    10.436464551372739,
    9.145280952929086,
    9.232737508884943,
    10.517912931641357,
    9.719399261979476,
    8.959102545866584,
    10.290051431659052,
    11.912711367082059,
    10.059181564274654,
    10.662737961294747,
    0.30125316182407436,
    9.065363176444444,
    5.282119584171372,
    9.545494232495562,
    10.413920162959622,
    11.779267891413145,
    8.649848171734938,
    10.587200404261274,
    38.55485572189989,
    10.101960686823446,
    11.080930579062969,
    11.790706287972721
  ],
  "speed_mean": 10.032550512554032,
  "speed_std": 4.870654362766198,
  "total_reward": [
    4468.689507492377,
    -1000.0,
    3932.7730668914105,
    997.6039787062455,
    -1000.0,
    5485.606644611313,
    2081.7563801212073,
    5273.317357735527,
    672.003266659634,
    4603.143278856158,
    1366.4123240616602,
    892.159983097129,
    2988.9250060487884,
    1074.0330384478211,
    52.4152778897434,
    4911.800706316183,
    5052.492368128799,
    478.6095382593281,
    3408.6495300838496,
    209.6639590111903,
    93.99210006796056,
    1792.548399812914,
    3618.8112254377943,
    2797.6078049343164,
    2465.5524026413136,
    41.34301236298139,
    693.6069765316563,
    785.6561191944331,
    5299.767729666346,
    1452.5541082773536,
    4403.20452899243,
    -20.01705680013955,
    1912.8550160150653,
    3889.63984569733,
    3213.7918015984333,
    509.1148253613675,
    2499.621112675179,
    4881.542133588677,
    -1000.0,
    3204.4445380517386,
    320.7226208523872,
    47.07818208272728,
    3237.6474608807744,
    374.2965375595585,
    2611.116927989354,
    1276.0615760300336,
    -171.20455301720725,
    793.0879185318673,
    1438.6124206418974,
    840.4362834973716
  ],
  "total_reward_mean": 1985.0709442314858,
  "total_reward_std": 1864.4983430901536,
  "timesteps": [
    512,
    33,
    512,
    512,
    33,
    512,
    249,
    512,
    512,
    512,
    512,
    512,
    391,
    512,
    283,
    512,
    512,
    453,
    512,
    333,
    33,
    197,
    512,
    333,
    491,
    33,
    416,
    512,
    512,
    512,
    512,
    327,
    472,
    512,
    428,
    216,
    252,
    512,
    33,
    412,
    86,
    454,
    512,
    512,
    337,
    512,
    33,
    369,
    512,
    512
  ],
  "timesteps_mean": 389.94,
  "timesteps_std": 166.63858016677892
}