{
  "collision_rate": [
    0.0,
    0.0,
    0.0,
    0.0,
    0.0,
    1.0,
    0.0,
    0.0,
    0.0,
    0.0,
    0.0,
    0.0,
    0.0,
    0.0,
    0.0,
    0.0,
    0.0,
    0.0,
    0.0,
    0.0,
    0.0,
    0.0,
    0.0,
    0.0,
    0.0,
    0.0,
    1.0,
    0.0,
    0.0,
    0.0,
    0.0,
    0.0,
    0.0,
    0.0,
    0.0,
    0.0,
    0.0,
    0.0,
    0.0,
    0.0,
    0.0,
    0.0,
    0.0,
    1.0,
    0.0,
    1.0,
    0.0,
    0.0,
    0.0,
    0.0
  ],
  "collision_rate_mean": 0.08,
  "collision_rate_std": 0.2712931993250107,
  "similarity": [
    0.9957615544679495,
    0.9218020206397036,
    0.9318380342227801,
    0.995727850173782,
    0.9058629751464916,
    0.9666471968223308,
    0.9679459167603901,
    0.9946377371829705,
    0.995750965522569,
    0.9927910780345556,
    0.9961827157390434,
    0.9951069758375403,
    0.9097295296873206,
    0.8578439267688363,
    0.8952992126042895,
    0.9957377645495895,
    0.29799974277063734,
    0.9604502309127341,
    0.9946395759880484,
    0.565584060169277,
    0.7289149996793586,
    0.9941013669214563,
    0.990017513322477,
    0.8138789240433473,
    0.8134609663590097,
    0.9885023289761637,
    0.9816100507663152,
    0.9887053197351233,
    0.9954156951929152,
    0.7102112847201884,
    0.9910538914746725,
    0.9935936934955093,
    0.03129642617890717,
    0.9964068873142221,
    0.9958960083421081,
    0.9948453216453395,
    0.5937890047211687,
    0.9708538600076768,
    0.718984207254998,
    0.9929168944165695,
    0.9940029303745544,
    0.46850807713918485,
    0.7368112550659264,
    0.9873994746232082,
    0.6771653274003235,
    0.9955609388117453,
    0.9923100504697074,
    0.9818246218375885,
    0.9942705034768492,
    0.9791761206008479
  ],
  "similarity_mean": 0.8845764601673659,
  "similarity_std": 0.19730179179679724,
  "waypoint_distance": [
    0.7426774797560547,
    6.256369304151988,
    4.643280620621886,
    0.8674940403065899,
    2.3957580072457954,
    2.090532184722761,
    2.78588258850558,
    0.8985112554025776,
    0.82875210862372,
    1.0248537933163375,
    0.8819041884324513,
    0.917725567426727,
    4.781399706650152,
    4.713810773335017,
    7.507547622334609,
    0.8599080029152664,
    7.570492639778954,
    1.2014929976775932,
    0.928763573438295,
    13.062517378116995,
    8.597952164107374,
    3.522924672147182,
    1.240586173381504,
    1.3046875145371237,
    5.417952803007597,
    1.784062264766941,
    2.0037349221045724,
    0.7119396177506234,
    0.9980111817783237,
    4.45435485198433,
    1.0447212512796422,
    3.19746451705144,
    32.68034842745784,
    0.774873780725748,
    2.8792332282983355,
    0.8558534846641154,
    11.882202804297709,
    1.2890124078729066,
    8.266425502217988,
    1.0078126212004752,
    3.844149731039084,
    7.294182000027024,
    5.271724289926234,
    2.662365732571397,
    11.444713212334989,
    3.5391032683873305,
    6.558139280898464,
    4.167255080295928,
    0.8505456773659691,
    3.2803255899353805
  ],
  "waypoint_distance_mean": 4.1557266377234585,
  "waypoint_distance_std": 5.13772939827217,
  "speed": [
    8.739390041339615,
    9.13562717759401,
    9.851256009170449,
    9.533878894759688,
    10.699036806030907,
    9.525611928029724,
    9.640140116957314,
    9.396083623822838,
    9.55842649737325,
    10.065019185414195,
    9.655996831804641,
    9.32733007318121,
    9.25431239936662,
    9.824949010823017,
    9.621383268478034,
    9.486316178202257,
    10.27657586822862,
    9.39799961066479,
    10.782175975467743,
    10.879846809067471,
    10.907254791731908,
    9.607554303999185,
    10.44933483877591,
    10.958281171746963,
    9.661771552674997,
    9.574332745573583,
    9.833883200136535,
    9.4031540528229,
    9.827594055425873,
    9.91453582564135,
    10.30881372604481,
    9.35598236637025,
    9.812476069077944,
    9.00529983555395,
    9.548397515001437,
    9.257889631358296,
    10.81769736176579,
    10.872218913092526,
    10.458186146985934,
    11.211824380824764,
    9.591138682746658,
    10.382911347248871,
    10.37238667774139,
    10.458131253938161,
    11.228077802308261,
    9.238579831471222,
    10.438639263824498,
    7.769887461080789,
    7.941370368491811,
    9.800646189560325
  ],
  "speed_mean": 9.853192153375865,
  "speed_std": 0.7307465661417025,
  "total_reward": [
    4452.779417733049,
    885.2526409630442,
    1690.5568350472283,
    4856.630983679989,
    3869.273439356747,
    3031.057984152384,
    3372.637697137537,
    4777.634935444669,
    4870.700622569973,
    4927.029216161674,
    4922.991131340279,
    4750.408166819454,
    1268.3445147341806,
    1678.1338210132615,
    785.1579070384747,
    4834.766807199019,
    732.8133506676631,
    4234.562603487887,
    5483.592390605501,
    760.5082532828596,
    1053.2694835077348,
    1815.018018429928,
    4685.2078720077425,
    4567.849111606261,
    1619.5086473682175,
    3799.4103816103225,
    3758.19469546001,
    4755.351088279988,
    4989.571034603932,
    3067.5116791045075,
    5037.788874851076,
    2093.458375879295,
    -0.4208807986817426,
    4593.643543905082,
    2577.32581349407,
    4710.284701928129,
    864.0233561974813,
    4956.277784640875,
    1273.2372160401126,
    5681.085769797444,
    1454.2902432861015,
    2343.676384492623,
    2264.6319291803857,
    2886.4435973522573,
    726.6394539508565,
    661.6935976183062,
    732.8807032429994,
    1044.3791595606829,
    4021.4361005416376,
    2977.0112870483426
  ],
  "total_reward_mean": 3023.910234852452,
  "total_reward_std": 1693.9008968669746,
  "timesteps": [
    512,
    512,
    512,
    512,
    512,
    428,
    512,
    512,
    512,
    512,
    512,
    512,
    512,
    512,
    512,
    512,
    512,
    512,
    512,
    512,
    512,
    512,
    512,
    512,
    512,
    512,
    501,
    512,
    512,
    512,
    512,
    512,
    512,
    512,
    512,
    512,
    512,
    512,
    512,
    512,
    512,
    512,
    512,
    448,
    512,
    240,
    512,
    512,
    512,
    512
  ],
  "timesteps_mean": 503.38,
  "timesteps_std": 40.38360558444478
}