{
  "collision_rate": [
    0.0,
    1.0,
    0.0,
    1.0,
    0.0,
    0.0,
    0.0,
    0.0,
    0.0,
    0.0,
    1.0,
    1.0,
    1.0,
    1.0,
    0.0,
    0.0,
    0.0,
    1.0,
    0.0,
    0.0,
    0.0,
    1.0,
    0.0,
    0.0,
    0.0,
    1.0,
    1.0,
    0.0,
    1.0,
    0.0,
    0.0,
    0.0,
    1.0,
    1.0,
    0.0,
    0.0,
    0.0,
    1.0,
    0.0,
    0.0,
    0.0,
    0.0,
    1.0,
    1.0,
    0.0,
    0.0,
    1.0,
    0.0,
    0.0,
    0.0
  ],
  "collision_rate_mean": 0.34,
  "collision_rate_std": 0.4737087712930804,
  "similarity": [
    0.9921938282344388,
    0.9934414352248302,
    0.9974217179602644,
    0.9028451529659604,
    0.9461357833554978,
    0.988773400364079,
    0.9950675946039738,
    0.8476682255988688,
    0.9429443941958924,
    0.9980651817901793,
    0.9858554220809951,
    0.8666377088971261,
    0.7424117545998817,
    0.934194188309447,
    0.9384186394883709,
    0.9959412729490156,
    0.9977642753729876,
    0.9971075305702006,
    0.7577024189342992,
    0.9907355732159475,
    0.9952582356707341,
    0.9841202417421988,
    0.9972117631343056,
    0.9959130091042407,
    0.9953788892170199,
    0.9809653521204155,
    -0.19907594831754563,
    0.9572249451025229,
    0.9861689908638158,
    0.8292112150497637,
    0.7412693482496604,
    0.8571967556853985,
    0.9865729303191665,
    0.9798329215849215,
    0.7435645505353621,
    0.9796834339134404,
    0.9778898836690559,
    0.8341003926038936,
    0.9848097188726603,
    0.9306592977130381,
    0.9921354341227724,
    0.647713734832939,
    0.9352079179935401,
    0.9685360381486902,
    0.9899526363481187,
    0.8174113660708047,
    0.99629693967566,
    0.9826285059407501,
    0.9566058355588891,
    0.9939620104926066
  ],
  "similarity_mean": 0.912594636894622,
  "similarity_std": 0.18056542713158338,
  "waypoint_distance": [
    1.0569560626006447,
    1.3581437148479112,
    5.51206798681545,
    2.294990155515595,
    5.987542728102716,
    2.3565948267186485,
    3.7525772622535882,
    8.098529545709724,
    2.679488637667928,
    0.8071295961722342,
    3.1124623653824286,
    8.26659834473865,
    3.0163944080914353,
    6.889217523903007,
    3.956180263904217,
    1.6000223566227707,
    0.9877709354660545,
    3.412471426842949,
    7.367241161661798,
    1.4639030555773136,
    2.834737817213153,
    1.8259206941205228,
    4.421246284864478,
    2.046264856721409,
    2.0350284297638823,
    1.4345491953342067,
    28.685341927193146,
    5.308182563568169,
    1.1964254353006616,
    4.868839269105386,
    7.168877695074365,
    5.044584751526015,
    2.382067504408238,
    4.6132634019160115,
    10.097482455604474,
    1.576723076347864,
    1.909934718471996,
    1.651030178720196,
    7.4306982184451105,
    2.5807609020827953,
    1.9087587753946682,
    8.885585736244618,
    2.006605730977958,
    2.7028002719783606,
    1.3221437517479004,
    5.517938321400563,
    6.326982960878648,
    1.932644372474553,
    2.0231044896475066,
    4.018237745992804
  ],
  "waypoint_distance_mean": 4.194660877822294,
  "waypoint_distance_std": 4.227714619288209,
  "speed": [
    9.488692967525527,
    10.300283662888058,
    11.058255089334455,
    10.842304560346642,
    10.97220338942003,
    9.621188356176248,
    10.751663990823054,
    10.954659905814927,
    10.473172888747534,
    8.193293109433403,
    9.888350110796035,
    11.465652653792583,
    9.76648127000829,
    9.028423782050982,
    10.534902681376286,
    11.395031566464665,
    10.72208733742738,
    9.221354804515029,
    11.487723376833076,
    10.023894130880905,
    10.222752684947217,
    10.782744081783404,
    10.819486297748766,
    10.995141860118544,
    10.948935638724981,
    8.126463527444226,
    12.149052753849498,
    9.329353731456408,
    10.067450347020838,
    9.63296309484758,
    10.970366820479187,
    10.033162688186911,
    10.84331790610387,
    10.063034272784785,
    11.102305237744137,
    10.358451284347833,
    9.996094742207578,
    11.095900889732494,
    10.952970176253357,
    10.017090340660376,
    9.205045178019413,
    11.169937773114151,
    10.05428064896827,
    10.861505266253287,
    8.986596267039412,
    10.909128749878207,
    10.240369727056338,
    8.955544778924068,
    9.874904712314887,
    10.267069965330247
  ],
  "speed_mean": 10.304420821559908,
  "speed_std": 0.8393040747379914,
  "total_reward": [
    4483.04080418345,
    4127.67241368304,
    976.8346369427517,
    2561.3460413282532,
    837.9307650393258,
    3111.524187510784,
    3214.5568773118157,
    1068.572312286282,
    3626.804113352833,
    4185.705151226513,
    962.0151422069374,
    541.7746900811211,
    2581.7908984533365,
    411.7078624665012,
    2525.416463321895,
    4703.003168355581,
    5476.0675835199045,
    337.95880205416165,
    2616.6055744353853,
    4279.680582452119,
    2490.921322124335,
    3910.0101272106012,
    1159.171537942791,
    4397.915668239878,
    4230.495276895825,
    2237.55290648245,
    -15.25073962029703,
    1309.2934326178154,
    2893.7039731948967,
    2574.583318310578,
    2449.478571949156,
    1554.6049509140792,
    3594.943838267006,
    899.8620288080768,
    710.9329105052539,
    4378.067854053439,
    3792.9579280659714,
    3285.969472020503,
    643.4421487242645,
    2893.351303290184,
    3937.861237577517,
    2353.528995576252,
    3622.1347519505393,
    3367.33216282736,
    3934.094981222967,
    2935.112654283951,
    530.7344358263056,
    3400.9642276681348,
    3936.8011234735227,
    1388.0290586623505
  ],
  "total_reward_mean": 2628.572190585554,
  "total_reward_std": 1414.1294495316113,
  "timesteps": [
    512,
    474,
    512,
    446,
    512,
    512,
    512,
    512,
    512,
    512,
    260,
    363,
    439,
    309,
    512,
    512,
    512,
    304,
    512,
    512,
    512,
    468,
    512,
    512,
    512,
    343,
    457,
    512,
    333,
    512,
    512,
    512,
    512,
    386,
    512,
    512,
    512,
    389,
    512,
    512,
    512,
    512,
    496,
    468,
    512,
    512,
    393,
    512,
    512,
    512
  ],
  "timesteps_mean": 474.72,
  "timesteps_std": 67.04298322718046
}