{
  "collision_rate": [
    1.0,
    0.0,
    0.0,
    0.0,
    1.0,
    0.0,
    1.0,
    1.0,
    1.0,
    1.0,
    1.0,
    1.0,
    0.0,
    0.0,
    1.0,
    1.0,
    0.0,
    0.0,
    1.0,
    1.0,
    1.0,
    1.0,
    0.0,
    0.0,
    0.0,
    0.0,
    0.0,
    1.0,
    1.0,
    0.0,
    0.0,
    1.0,
    0.0,
    1.0,
    1.0,
    1.0,
    1.0,
    0.0,
    1.0,
    1.0,
    0.0,
    0.0,
    0.0,
    0.0,
    1.0,
    0.0,
    1.0,
    1.0,
    1.0,
    0.0
  ],
  "collision_rate_mean": 0.54,
  "collision_rate_std": 0.49839743177508455,
  "similarity": [
    0.9976436935483347,
    0.9962457922772682,
    0.9985909499067696,
    0.969426545996215,
    0.9923085938510867,
    0.9519604910257777,
    0.9915098586270554,
    0.9940577516538414,
    0.9943755926129999,
    0.25839525159777477,
    0.820624944855344,
    0.9709129729261136,
    0.973047053977821,
    0.9980887962633788,
    0.9155329668175285,
    0.9958815631097971,
    0.9825297558155933,
    0.9965516330682984,
    0.9923300626256975,
    0.9964528069761485,
    0.8641877122298207,
    0.9957415729798779,
    0.9936467691556108,
    0.9832567518754267,
    0.9741173000638358,
    0.9947494092436621,
    0.9968014826050391,
    0.40273205562347253,
    0.9918306632591884,
    0.9976669103683866,
    0.9980289091919242,
    -0.4465372688774439,
    0.9698558619797502,
    0.9946666283301155,
    0.9863225190821173,
    0.9952674865466141,
    0.8883088342633045,
    0.9906123665243248,
    0.9885101091211409,
    0.9917795816736946,
    0.9683237075342616,
    0.8964956069037465,
    0.9870122283762984,
    0.7136990091486074,
    0.9651202273685698,
    0.9785418489447137,
    0.9935286551772448,
    0.9825442624735378,
    0.9706748830096634,
    0.929823939815407
  ],
  "similarity_mean": 0.9144755420304952,
  "similarity_std": 0.2372065629988486,
  "waypoint_distance": [
    0.7431708689935429,
    0.9773423112041656,
    2.246789352421423,
    6.179815764896431,
    0.8182104379400543,
    4.852439066979202,
    0.6237082932518134,
    1.908038372829962,
    4.460942917553256,
    1.6457515861563197,
    1.2015981680040089,
    3.4375902350738627,
    1.2207928022097532,
    4.405880068030629,
    16.39251905833177,
    0.8839324100232812,
    2.8582961014638752,
    7.153482690355119,
    1.1152350114738632,
    5.778512316843535,
    2.5572931363527163,
    0.6903646412050718,
    2.3673039085362175,
    4.9165464876037,
    2.7486022732251394,
    8.160888608327035,
    6.8601252831607145,
    6.512259684340505,
    1.8887806425146563,
    6.002095224854758,
    1.0826882775918953,
    25.330306197706157,
    4.451792624049262,
    1.1715989841598415,
    1.1331153142094246,
    7.177714885259778,
    2.1817391313316272,
    2.5913543521387545,
    1.0265425683837692,
    1.7247662549746618,
    2.475594034026444,
    16.56252630900748,
    2.965255594872328,
    17.078402796903788,
    1.2657435319513528,
    6.501353228603014,
    1.6492927274903981,
    6.4335188793493066,
    3.136623664365598,
    6.356288478104334
  ],
  "waypoint_distance_mean": 4.478090511172712,
  "waypoint_distance_std": 4.862115594542534,
  "speed": [
    8.74317729695433,
    9.268722151462258,
    9.949673107310415,
    10.09748531176631,
    6.762098164627938,
    9.972948586789183,
    5.423041764630943,
    10.043406555436666,
    9.312102398487205,
    0.6628714582190007,
    0.002200844796159906,
    10.564340245619672,
    7.879698893361005,
    9.226956940544195,
    10.376367405554868,
    8.896085237515353,
    9.79969298393258,
    10.195252227389824,
    6.786240516963048,
    10.640696070738018,
    8.236968673559698,
    6.49868466910914,
    10.826091102924272,
    10.673358109884623,
    8.803283224575972,
    10.959149892091153,
    11.037178254857215,
    9.064175812116664,
    9.482314879223665,
    8.586888237022142,
    8.131304444975735,
    9.414933789537944,
    8.922495155960918,
    7.438067337395778,
    7.679968095425956,
    10.905397405463603,
    9.921644960206994,
    9.662663026385808,
    8.320440821685237,
    8.76790185801462,
    9.461461815336227,
    8.669459037504884,
    9.75382213613518,
    10.905441693449847,
    7.549470538300176,
    9.905069802109388,
    8.600245765516819,
    9.137305122668595,
    10.484945622655419,
    10.988035218678501
  ],
  "speed_mean": 8.867824493297421,
  "speed_std": 2.157926761411827,
  "total_reward": [
    3610.381773284129,
    4537.452255723332,
    3305.8638682508863,
    749.2433018022783,
    570.367981927493,
    1995.777028318995,
    71.21971755162315,
    2921.892414637156,
    21.893625569629307,
    -4.564346619337253,
    -1000.0,
    2207.7741346667226,
    3457.024288852087,
    1344.5035500281313,
    56.374445651244955,
    2494.329697264611,
    2912.9809284939865,
    597.5977393643525,
    1355.5461490892437,
    220.76721433148157,
    676.4901641475736,
    531.7477475034129,
    3548.076448875904,
    2329.101933520757,
    2711.972261612535,
    639.246929768551,
    877.9937685228057,
    465.86195689772455,
    2782.3971994859967,
    674.4209129376873,
    4146.722178008632,
    -21.861677837563363,
    1852.4504182752396,
    1672.5709696122822,
    1609.6395822152738,
    605.2043346038776,
    2870.140561747669,
    2883.8860984196353,
    1647.6019751394726,
    2993.4796379379345,
    3240.8652578006768,
    70.6281989033995,
    2629.121759603768,
    296.9771527418548,
    2382.846342852789,
    942.7934678264731,
    2771.5079466686075,
    815.6285120922462,
    2211.6055452879673,
    835.7408205205882
  ],
  "total_reward_mean": 1662.425683477636,
  "total_reward_std": 1301.4930235392917,
  "timesteps": [
    474,
    512,
    512,
    512,
    161,
    512,
    108,
    419,
    229,
    33,
    33,
    458,
    512,
    512,
    441,
    343,
    512,
    512,
    284,
    407,
    171,
    161,
    512,
    512,
    512,
    512,
    512,
    419,
    426,
    512,
    512,
    393,
    512,
    296,
    220,
    375,
    418,
    512,
    212,
    459,
    512,
    512,
    512,
    512,
    372,
    512,
    414,
    411,
    434,
    512
  ],
  "timesteps_mean": 406.94,
  "timesteps_std": 137.88682460626904
}