{
  "collision_rate": [
    1.0,
    0.0,
    0.0,
    0.0,
    0.0,
    1.0,
    0.0,
    0.0,
    0.0,
    0.0,
    1.0,
    0.0,
    0.0,
    1.0,
    0.0,
    0.0,
    1.0,
    0.0,
    0.0,
    0.0,
    1.0,
    0.0,
    0.0,
    0.0,
    1.0,
    1.0,
    1.0,
    1.0,
    0.0,
    0.0,
    1.0,
    1.0,
    0.0,
    0.0,
    0.0,
    1.0,
    1.0,
    0.0,
    0.0,
    0.0,
    0.0,
    0.0,
    1.0,
    1.0,
    0.0,
    1.0,
    1.0,
    0.0,
    0.0,
    0.0
  ],
  "collision_rate_mean": 0.36,
  "collision_rate_std": 0.48,
  "similarity": [
    0.9897112754589016,
    0.8930468853216915,
    0.9805970797810003,
    0.9920430785027425,
    0.9882340540249057,
    0.9282008868384067,
    0.9914300143645898,
    0.8839215365494009,
    0.9915066666340518,
    0.9853671081827405,
    0.9806389515853442,
    0.9904191855529093,
    0.9856790656287838,
    0.8485541539066611,
    0.9759593929771296,
    0.9836100560813421,
    0.9929207081074973,
    0.9911336691472058,
    0.9836741679529213,
    0.9908078917815665,
    0.9867724148716528,
    0.9842258338308777,
    0.9963261823627441,
    0.9903303920582017,
    0.9305227131870638,
    0.9923207222007322,
    0.9821906301860762,
    0.9998854725413985,
    0.9944388697149658,
    0.940143302138579,
    0.9913611393208452,
    0.9940638934488949,
    0.9819502937325523,
    0.9826416463974291,
    0.8823925897194331,
    0.9607536678773796,
    0.9877417097142459,
    0.9942942286319656,
    0.9063824208009958,
    0.9924271041753139,
    0.8016021364003986,
    0.9871217312155133,
    0.9774104905055884,
    0.9911830890357842,
    0.9839621355032755,
    0.9925640195461966,
    0.9935551569390818,
    0.9937745730621897,
    0.9889585456284637,
    0.9945111496824672
  ],
  "similarity_mean": 0.970465281656202,
  "similarity_std": 0.041845525063181205,
  "waypoint_distance": [
    5.024979009239145,
    12.325894619364059,
    4.228065262561168,
    0.8598204381747804,
    1.0375893784422372,
    3.4757126494465176,
    1.0606510859854434,
    4.473480734507233,
    1.1873983577514315,
    1.2482192214872783,
    1.4310352108823676,
    5.307119927448052,
    1.175866413720108,
    3.989326231006485,
    1.8170085646838103,
    1.3987284670841953,
    5.71566499529743,
    5.967365083219331,
    6.1375112546631465,
    0.9590751771388947,
    6.753735845689173,
    1.3512879740505908,
    1.063563322520113,
    1.0123635934781303,
    4.914871886890679,
    0.8480313963710869,
    17.535057584210456,
    0.556453095820303,
    1.1972579337745313,
    2.9574999037082788,
    5.9922065844904235,
    0.7851022393965714,
    4.7481270853010376,
    1.3498907817747046,
    8.499816352110063,
    1.260567081310797,
    6.579442030378812,
    0.9145128378432313,
    3.996801015053659,
    0.8991946582199413,
    5.426241841864668,
    7.72460117342006,
    6.70990671193756,
    5.721282003705472,
    5.914405031389492,
    0.8206756473652286,
    7.859695378428859,
    0.996058640180003,
    5.882869085770109,
    2.2978646483981
  ],
  "waypoint_distance_mean": 3.827797908939105,
  "waypoint_distance_std": 3.3266826420677296,
  "speed": [
    8.262128772581528,
    9.486132244973357,
    8.746419220871674,
    7.59984858320679,
    7.667369430431642,
    9.179297636638056,
    9.54686959372632,
    9.553996614691508,
    9.82720368330512,
    8.733473153320144,
    7.924859455628584,
    8.40097803187818,
    8.32156924620344,
    7.8698697105112085,
    9.909742289558336,
    8.601812631089754,
    9.78832825189611,
    8.505596630209446,
    9.619547571247999,
    7.608217231815331,
    8.365679395311266,
    9.637654912895398,
    8.669187733986696,
    8.618774136239963,
    7.519898654068301,
    7.306265755291674,
    9.18574549328547,
    1.7678795327461323,
    9.301939706365683,
    9.567293879834407,
    9.95491156357377,
    8.84127516388074,
    8.73839276413864,
    8.268986143379466,
    9.66405686080802,
    6.564492906527739,
    9.612147894204984,
    7.983519836247916,
    9.063558013612079,
    8.528336701233059,
    8.754629814303362,
    9.28603436992615,
    9.04596203209324,
    7.892308641700996,
    8.524743844796633,
    8.848611688394731,
    7.632451514029634,
    7.90307915461071,
    8.450626176608921,
    8.733908441085225
  ],
  "speed_mean": 8.547712254179311,
  "speed_std": 1.2382164183652042,
  "total_reward": [
    752.3946532623015,
    422.7526891427904,
    1258.9826037700127,
    3781.960422020734,
    3537.404189365079,
    2517.3137794861814,
    4376.996820533644,
    2447.597670096396,
    4911.157006002847,
    3790.906371797686,
    3201.9862005715036,
    875.9213378605134,
    3764.4188896517,
    1596.9509600464787,
    3844.2208171052225,
    3602.370139064601,
    787.4980243364109,
    970.2731726487507,
    904.8073193631284,
    3634.2945660221744,
    800.3089057051618,
    4244.516659416635,
    4412.595840417628,
    4136.235172013901,
    455.70222335146036,
    1867.6470175649667,
    385.8276362598185,
    46.91042100637358,
    4723.450110282762,
    3252.386795319586,
    723.4222981396623,
    3133.919532266535,
    995.5502390401292,
    3481.7284522891828,
    782.8755450213023,
    1465.5503929200286,
    716.9189793283683,
    4060.307588139389,
    2424.975552081124,
    4260.704949591699,
    2050.743573414922,
    758.8265367914308,
    738.4826255146878,
    694.5417701491768,
    840.436118816947,
    3376.5384697466516,
    408.6045240216387,
    4017.149476622043,
    820.1619795266577,
    2793.2971009408157
  ],
  "total_reward_mean": 2277.010482356977,
  "total_reward_std": 1502.5921516393043,
  "timesteps": [
    386,
    512,
    512,
    512,
    512,
    492,
    512,
    512,
    512,
    512,
    508,
    512,
    512,
    401,
    512,
    512,
    367,
    512,
    512,
    512,
    501,
    512,
    512,
    512,
    283,
    260,
    487,
    33,
    512,
    512,
    362,
    359,
    512,
    512,
    512,
    264,
    409,
    512,
    512,
    512,
    512,
    512,
    440,
    411,
    512,
    387,
    410,
    512,
    512,
    512
  ],
  "timesteps_mean": 462.88,
  "timesteps_std": 93.22738653421537
}