{
  "collision_rate": [
    1.0,
    1.0,
    1.0,
    1.0,
    1.0,
    1.0,
    1.0,
    1.0,
    0.0,
    1.0,
    0.0,
    0.0,
    0.0,
    1.0,
    1.0,
    0.0,
    1.0,
    1.0,
    1.0,
    0.0,
    1.0,
    1.0,
    1.0,
    1.0,
    0.0,
    1.0,
    1.0,
    0.0,
    0.0,
    0.0,
    1.0,
    1.0,
    1.0,
    1.0,
    1.0,
    1.0,
    1.0,
    1.0,
    1.0,
    1.0,
    0.0,
    1.0,
    0.0,
    1.0,
    0.0,
    1.0,
    1.0,
    1.0,
    1.0,
    1.0
  ],
  "collision_rate_mean": 0.74,
  "collision_rate_std": 0.4386342439892262,
  "similarity": [
    0.9984856724226189,
    0.9989729063389783,
    0.9946484425895825,
    0.9944882930175359,
    -0.29984751831050827,
    0.9225302736990827,
    -0.9942186664152128,
    0.998420466593796,
    0.944357997433107,
    0.9991108528270349,
    0.9736172513313621,
    0.9778840096714071,
    0.9992418434220812,
    0.9953855282597893,
    0.9921372624679451,
    0.9241201811760683,
    0.9978173214482534,
    0.9773147553207263,
    0.9082652479892162,
    0.9894524585586201,
    -0.9544241967009698,
    0.9997082871061753,
    0.9978300274661986,
    0.9983134491067744,
    0.9871302715939878,
    0.9354650435912609,
    0.9988396913837649,
    0.9863571611476457,
    0.971405285880436,
    0.9823287492093957,
    0.9944903490474668,
    0.9965961798884602,
    0.9950382410784895,
    0.9992314347167609,
    0.9921423418029285,
    0.9966541823698314,
    0.9940841641223905,
    -0.49369120482304074,
    0.9777612409868235,
    0.9956035482861973,
    0.9879470628778443,
    0.9993554669647546,
    0.6157599335772902,
    0.9934141089572913,
    0.939982124585532,
    0.9881691489912482,
    0.7744981341037471,
    0.9413281607215449,
    0.9812959853050669,
    0.9981701448481776
  ],
  "similarity_mean": 0.837259381960699,
  "similarity_std": 0.46110675566515347,
  "waypoint_distance": [
    0.4516861633960444,
    0.6367286457949627,
    0.6653943643124823,
    0.5006691597241454,
    3.1212924940498685,
    1.5895724670129885,
    10.279658708207858,
    0.48377843770816714,
    3.1609406582721977,
    0.5807496258853597,
    2.505325300030477,
    1.7762401474098906,
    0.5410131641349812,
    0.5225736979887531,
    0.5628628958193143,
    2.412482759183753,
    0.5673668027944913,
    1.2284556716275918,
    2.6720303651221173,
    1.1507226510308415,
    5.051500036700822,
    0.25932500297571437,
    0.5818053319800388,
    0.5668024335578101,
    0.9301555959837244,
    1.3491317355652808,
    0.06286188401848465,
    1.370874352486461,
    2.0051709078271545,
    1.6165236184851142,
    0.6211681230635362,
    0.6241740198971888,
    0.23458783127043503,
    0.5068851480663497,
    0.8757546712509587,
    0.7716109924561154,
    0.6659958971467371,
    1.536351495361542,
    1.3996770247991048,
    0.36780613035192367,
    1.3920196415601043,
    0.5271398647002453,
    6.848796630978399,
    0.8122524637834634,
    4.153274791521254,
    0.8079375108529482,
    3.468267767783925,
    3.209399184632261,
    5.128947220528921,
    0.6036871264839843
  ],
  "waypoint_distance_mean": 1.6751885723115256,
  "waypoint_distance_std": 1.8836208750426076,
  "speed": [
    5.576354176749499,
    8.032484450823926,
    6.499443817792262,
    5.817217403994325,
    6.289480072559481,
    8.826283253507864,
    7.651737902727881,
    2.28787480449309,
    9.550633609410328,
    6.259434010148045,
    8.45050471880148,
    8.326535581046478,
    2.0562921169220263,
    6.990254453597164,
    4.015301930751607,
    9.658718155636318,
    7.662363208985757,
    9.136492803201659,
    8.592903350861164,
    8.64726526183456,
    10.720993156964186,
    1.976634085901244,
    8.729896003788523,
    5.767977597819698,
    2.4004221201016036,
    6.331880919172435,
    0.06926638241261136,
    8.585584724646836,
    9.082090429979056,
    8.1678129372996,
    7.624540655145444,
    9.175219854202293,
    1.059431192289271,
    8.536243376509159,
    7.282512614246773,
    7.61483521579464,
    7.744637321767601,
    2.798964237437005,
    8.559884027101468,
    0.8690363225231159,
    8.165559000067041,
    5.66746676811772,
    6.636377576755667,
    9.16908470213041,
    8.701120236212654,
    9.745527845406418,
    9.00939126361709,
    9.064067434544533,
    18.364211634341267,
    6.462976053784261
  ],
  "speed_mean": 7.088224415478489,
  "speed_std": 3.0706430980009305,
  "total_reward": [
    1200.2944877675716,
    1912.5907514808068,
    298.99121256173237,
    97.50042340955201,
    -1000.0,
    3352.2492282174885,
    -164.3444389740514,
    64.23880928466241,
    3179.984621612571,
    -378.04807258560413,
    2920.4742810046864,
    3217.807306382503,
    1052.1847680949663,
    288.0504667985157,
    -307.9658496078054,
    3639.0216172538253,
    1736.7103337892513,
    2689.5536772908713,
    2705.656128934901,
    4370.19030299442,
    -1000.0,
    14.465990446868513,
    2020.6470784002463,
    3.1431138787706914,
    1214.8324882048307,
    706.6898217562897,
    -1000.0,
    3724.0972532454107,
    3433.4331440521746,
    3349.5510865486003,
    485.6840436924912,
    2368.473402639074,
    -1000.0,
    1512.2417295106702,
    885.157009044292,
    1259.7849828518024,
    2208.7736171746114,
    -1000.0,
    3457.904224376592,
    -1000.0,
    3492.5361972814476,
    68.90687486512263,
    1614.015159645039,
    2666.9740744626383,
    2296.65435082587,
    2559.764843498701,
    2241.1862265880654,
    -1000.0,
    -412.95829524054744,
    -313.18576436117485
  ],
  "total_reward_mean": 1314.6782541819748,
  "total_reward_std": 1591.8256120083279,
  "timesteps": [
    307,
    302,
    125,
    105,
    33,
    460,
    266,
    33,
    512,
    101,
    512,
    512,
    512,
    115,
    50,
    512,
    294,
    337,
    462,
    512,
    33,
    33,
    291,
    89,
    512,
    143,
    33,
    512,
    512,
    512,
    67,
    315,
    33,
    237,
    193,
    233,
    353,
    33,
    489,
    33,
    512,
    102,
    512,
    349,
    512,
    329,
    421,
    33,
    33,
    33
  ],
  "timesteps_mean": 271.08,
  "timesteps_std": 191.0683479805067
}