{
  "collision_rate": [
    0.0,
    0.0,
    0.0,
    0.0,
    0.0,
    1.0,
    0.0,
    0.0,
    0.0,
    0.0,
    0.0,
    0.0,
    0.0,
    0.0,
    0.0,
    0.0,
    0.0,
    0.0,
    0.0,
    0.0,
    0.0,
    0.0,
    0.0,
    0.0,
    0.0,
    0.0,
    1.0,
    0.0,
    0.0,
    0.0,
    0.0,
    0.0,
    0.0,
    0.0,
    0.0,
    0.0,
    0.0,
    0.0,
    0.0,
    0.0,
    0.0,
    0.0,
    0.0,
    1.0,
    0.0,
    0.0,
    0.0,
    0.0,
    0.0,
    0.0
  ],
  "collision_rate_mean": 0.06,
  "collision_rate_std": 0.23748684174075835,
  "similarity": [
    0.9913386881171417,
    0.8735163863356737,
    0.9759588917515034,
    0.9971636831775593,
    0.9685913352381025,
    0.9897608266908805,
    0.9740215445400006,
    0.9975794892999571,
    0.996693325300983,
    0.9961643192654717,
    0.9972498782887076,
    0.9972801526336305,
    0.9151254193562763,
    0.8792829227238266,
    0.8535752558700924,
    0.9972984698876881,
    0.38302874585732083,
    0.9427227815322444,
    0.9972789536686665,
    0.7569106419495878,
    0.8775594352454683,
    0.9980893337848076,
    0.9980844240854506,
    0.9974007771807545,
    0.8799297923152346,
    0.9967448845673622,
    0.9655876649615053,
    0.9753690685416901,
    0.9966024128535232,
    0.8271813351118583,
    0.9973789402190545,
    0.9972459952386313,
    -0.058138271931136826,
    0.9961501897003274,
    0.998092361974129,
    0.9972219802777595,
    0.7813325470719124,
    0.996764416643984,
    0.8563175807431861,
    0.9979633712648404,
    0.9975414824968749,
    0.658129156097163,
    0.8903777811562024,
    0.9808037991308142,
    0.8573837816775657,
    0.9738069420562006,
    0.9980453660741688,
    0.9913890477608005,
    0.9820858475544537,
    0.9825807946846763
  ],
  "similarity_mean": 0.9173112790004915,
  "similarity_std": 0.17681218128192294,
  "waypoint_distance": [
    1.7599327265627915,
    6.678004465229588,
    4.346975059636105,
    0.8125924014850097,
    1.8268365219658358,
    1.2380881095373388,
    2.2510109317181692,
    0.8064312494386485,
    0.8689657873703985,
    0.8331959278160657,
    0.8746846154407716,
    0.9596287291383193,
    5.031701680007116,
    5.40198083346921,
    6.690998205187501,
    0.8604702366272289,
    7.154612649501561,
    1.118527985242398,
    0.7636839756001935,
    9.887402055266458,
    6.715838390738994,
    4.026217507285153,
    0.7774639391504871,
    0.8357022560424691,
    5.842475918960359,
    0.8717662456946269,
    1.452418175079098,
    2.5764649656029386,
    0.9013481888998693,
    4.099833864709963,
    0.7877257332636476,
    2.5407043383776946,
    29.37573175052974,
    1.0479773418875176,
    3.8636941973050347,
    0.8066479678172922,
    8.943208150333826,
    0.6701622820277078,
    6.535811768814195,
    0.8371569369982027,
    3.3887950424145656,
    6.83832862286312,
    5.57884960591064,
    2.1188027813182955,
    6.61529034431139,
    1.8369493637581964,
    4.920009242488563,
    3.7520780699236314,
    3.412812122224532,
    3.9950455319524565
  ],
  "waypoint_distance_mean": 3.722620695858498,
  "waypoint_distance_std": 4.427575942765205,
  "speed": [
    8.803230855317729,
    10.555786080285628,
    9.57617547115801,
    9.867001861145802,
    9.45003309025656,
    8.647223092010398,
    10.453669755471603,
    9.688671646800104,
    9.927202343807785,
    9.664273385869441,
    9.534744014999903,
    9.523399598786172,
    10.048917725615656,
    9.703837294892239,
    10.47744342510286,
    9.75795877929057,
    10.320879727056584,
    9.8059378164465,
    9.423311778448804,
    9.602029624602135,
    9.441785040906181,
    9.776860661420388,
    9.385521662087783,
    9.56313644982339,
    9.499056732053434,
    9.51856377293257,
    9.334236388880546,
    9.378166918741686,
    9.263214607269637,
    10.024498846694962,
    9.503405766082272,
    9.62512605723364,
    9.067324903327847,
    9.90882657507211,
    9.683528744677258,
    9.458542267736675,
    9.6874433225166,
    9.319529362964467,
    9.18758008382564,
    9.44277793604731,
    9.703085747237175,
    10.371622298684406,
    9.338326601141056,
    8.587738341688961,
    9.534699149660192,
    10.55669723905059,
    9.115831659548757,
    9.099796258862,
    9.864029854608162,
    9.961466633586783
  ],
  "speed_mean": 9.62068294503454,
  "speed_std": 0.43640242782750416,
  "total_reward": [
    3227.8253538150025,
    1197.6847203930743,
    1171.909705517427,
    5036.722727358495,
    3877.2392634949506,
    3576.306830018927,
    3732.1619232097523,
    4948.311057900855,
    5059.3345376232555,
    4927.3570161446005,
    4868.261268058362,
    4863.553798129417,
    1097.491943970592,
    904.3458568663507,
    1355.3894663667252,
    4982.608911491386,
    907.7563483454325,
    4543.978608162496,
    4811.105364298978,
    695.3970780533288,
    777.7136251511197,
    1217.3193355219782,
    4793.056172619835,
    4883.331737618567,
    896.4077430773445,
    4829.61794604206,
    4038.707222189656,
    2991.226421595447,
    4722.764414443747,
    3055.8706140380095,
    4853.186301056599,
    3371.9452238265885,
    -0.3013178534392038,
    4791.958311267165,
    1277.7182714952994,
    4828.307272503282,
    747.9363968624532,
    4755.574024004173,
    865.2536601259064,
    4819.6532345153755,
    1789.482109865714,
    2437.6855176547615,
    917.3269250170033,
    3024.454755172564,
    970.0707719725626,
    4306.206591691226,
    962.0956800428013,
    1436.5415053724241,
    2489.9407170168483,
    2051.461779679468
  ],
  "total_reward_mean": 2973.7450948561186,
  "total_reward_std": 1706.6305444697637,
  "timesteps": [
    512,
    512,
    512,
    512,
    512,
    479,
    512,
    512,
    512,
    512,
    512,
    512,
    512,
    512,
    512,
    512,
    512,
    512,
    512,
    512,
    512,
    512,
    512,
    512,
    512,
    512,
    506,
    512,
    512,
    512,
    512,
    512,
    512,
    512,
    512,
    512,
    512,
    512,
    512,
    512,
    512,
    512,
    512,
    505,
    512,
    512,
    512,
    512,
    512,
    512
  ],
  "timesteps_mean": 511.08,
  "timesteps_std": 4.757478323650042
}