{
  "collision_rate": [
    1.0,
    1.0,
    0.0,
    0.0,
    0.0,
    1.0,
    0.0,
    1.0,
    1.0,
    0.0,
    0.0,
    1.0,
    0.0,
    0.0,
    0.0,
    0.0,
    0.0,
    0.0,
    1.0,
    0.0,
    1.0,
    1.0,
    1.0,
    1.0,
    0.0,
    0.0,
    1.0,
    1.0,
    1.0,
    1.0,
    1.0,
    0.0,
    0.0,
    1.0,
    1.0,
    0.0,
    1.0,
    0.0,
    0.0,
    0.0,
    1.0,
    0.0,
    0.0,
    1.0,
    1.0,
    1.0,
    1.0,
    0.0,
    1.0,
    1.0
  ],
  "collision_rate_mean": 0.52,
  "collision_rate_std": 0.49959983987187184,
  "similarity": [
    0.6059140577940303,
    0.9352347305836344,
    0.9843491636017264,
    0.4740399834199709,
    0.9801736543314894,
    0.9947715857997432,
    0.9652555243642742,
    0.9978498926081347,
    0.994534440442203,
    0.9424410627755545,
    0.757022907304331,
    0.9993697600058836,
    0.9560100817287134,
    0.9519922891443466,
    0.9809775134410441,
    -0.043841964007142784,
    0.9128411293197974,
    -0.12671668961829657,
    0.9870410809101926,
    0.9814454912607339,
    0.9813894815741371,
    0.6876033135083799,
    0.9860014702850375,
    0.9821933688449965,
    0.9243798602051522,
    0.9817238391274142,
    0.9974525513788094,
    0.994236427191014,
    0.9766330307493329,
    0.9859092117700483,
    0.9987131756044003,
    0.9805316793151584,
    0.9751075568365872,
    0.9910084566696391,
    0.9514102729030243,
    0.9611476525720558,
    0.9902263279021111,
    0.6166447386907432,
    0.9781539846920436,
    0.72760900246821,
    0.9415554720044398,
    0.9836146402259811,
    0.9818046488582015,
    0.15674161554642835,
    0.9896101917659536,
    0.9885367086212455,
    0.9997698971926686,
    0.5762651673235449,
    0.8010185073240168,
    0.57203266031578
  ],
  "similarity_mean": 0.8577946121335382,
  "similarity_std": 0.25732040903028586,
  "waypoint_distance": [
    10.170060441890875,
    3.6724597482933437,
    2.902721015169203,
    9.896536751830531,
    1.6262673692195666,
    0.6442649870849644,
    2.9617058968039855,
    0.5623318824983565,
    1.3791754987984373,
    5.35478694617916,
    5.0606659708034005,
    0.5240721091221923,
    3.6413320989461493,
    1.9016802811740414,
    1.6852598904074372,
    37.631201409164596,
    1.586562363209363,
    38.846358305611844,
    1.0561798185234268,
    4.1401296302909305,
    1.5212798304627415,
    1.14681129252357,
    1.1401174101460438,
    3.232629024546769,
    4.046613084298073,
    2.442732618189532,
    0.6165958926105578,
    0.5234432688541913,
    6.77747451335085,
    0.37294191113016545,
    1.3165157921975612,
    1.6415189341704308,
    2.7175164335148003,
    3.5922011025308285,
    2.075721084109446,
    3.0860358530672922,
    3.126189246840172,
    11.55720287942754,
    1.8226258109902573,
    8.71372458463472,
    1.6287878538282057,
    3.8790321235172427,
    1.4887559644249904,
    14.551613806084562,
    0.8399650860711988,
    3.93089932636948,
    0.4886168023454258,
    9.385402366968778,
    2.639552083094403,
    16.89993282709722
  ],
  "waypoint_distance_mean": 5.048924024448377,
  "waypoint_distance_std": 7.690592217140151,
  "speed": [
    8.039418975480924,
    8.69424770171443,
    1.271328043282653,
    8.820879201056538,
    8.236434008697795,
    8.233334069054875,
    8.39742019855542,
    8.651285509472986,
    0.45421815153089595,
    8.6438209961197,
    8.268431260850715,
    5.916739935486567,
    8.870581153142732,
    8.278953920869085,
    8.343248124900208,
    8.052520345943583,
    8.83007079647646,
    8.545097347963292,
    8.502876756246994,
    8.724578800857461,
    8.621530890671423,
    8.378589224902022,
    8.863411728723552,
    8.665163042933305,
    8.521883460748382,
    8.289815456693766,
    10.702889974201751,
    2.673459420221953,
    19.03583756280309,
    2.0297144872038624,
    4.7173005316487275,
    8.77493950827757,
    9.018486797897312,
    8.34266823928458,
    8.300477982100764,
    8.245583599165121,
    8.414951883320022,
    9.785970904517537,
    8.30236687382075,
    8.296538941331846,
    7.676027225333943,
    9.16056357731702,
    8.441388232786261,
    7.905315450990578,
    8.286800175847379,
    8.200748923514853,
    2.175394957425012,
    8.717849409990846,
    8.898066245955803,
    8.301424676782421
  ],
  "speed_mean": 7.950412893682295,
  "speed_std": 2.6833313142826074,
  "total_reward": [
    574.4056584177503,
    1052.2095120438942,
    370.00989391740075,
    1464.6453749548841,
    3335.5849361841583,
    2757.1221836867358,
    2683.419576336755,
    2095.9841628606982,
    -1000.0,
    934.5077828659882,
    2207.9174806915485,
    87.82482060590519,
    2616.953290536864,
    3208.9269524726783,
    3300.3994884847166,
    -0.057042241860818785,
    3549.1955909651274,
    -0.8549976260827132,
    3202.824154242298,
    1533.3948375047553,
    2979.5658025898665,
    2653.251221846375,
    3530.540251073223,
    2354.83929586986,
    1616.2088496015572,
    2567.7691147681103,
    -1.5517663376371047,
    -417.18929857059396,
    -942.6964577837431,
    -74.96111763463574,
    140.92452604940217,
    3453.94651986048,
    2494.314546311416,
    1112.9693771188324,
    2648.561529501715,
    2207.909267842647,
    1215.2969404866749,
    1010.5643386137931,
    3205.7012155960833,
    721.1247290619768,
    1022.9071217853887,
    1639.5419210212935,
    3519.157365774073,
    8.106964288986617,
    2794.9847574603605,
    1050.9633174908186,
    -1000.0,
    1545.8697166635775,
    2642.1661140528468,
    -457.88208645250137
  ],
  "total_reward_mean": 1584.346354697089,
  "total_reward_std": 1363.4171305824773,
  "timesteps": [
    503,
    351,
    512,
    512,
    512,
    339,
    512,
    302,
    33,
    512,
    512,
    101,
    512,
    512,
    512,
    512,
    512,
    512,
    418,
    512,
    499,
    421,
    471,
    488,
    512,
    512,
    48,
    33,
    33,
    33,
    33,
    512,
    512,
    414,
    510,
    512,
    442,
    512,
    512,
    512,
    256,
    512,
    512,
    339,
    411,
    436,
    33,
    512,
    446,
    377
  ],
  "timesteps_mean": 401.16,
  "timesteps_std": 168.20777152081888
}