{
  "collision_rate": [
    1.0,
    1.0,
    1.0,
    1.0,
    1.0,
    1.0,
    1.0,
    1.0,
    1.0,
    1.0,
    1.0,
    1.0,
    1.0,
    1.0,
    1.0,
    1.0,
    0.0,
    1.0,
    1.0,
    1.0,
    1.0,
    1.0,
    1.0,
    1.0,
    1.0,
    1.0,
    1.0,
    1.0,
    1.0,
    1.0,
    1.0,
    1.0,
    1.0,
    1.0,
    1.0,
    1.0,
    1.0,
    1.0,
    1.0,
    1.0,
    1.0,
    0.0,
    0.0,
    1.0,
    1.0,
    1.0,
    1.0,
    1.0,
    1.0,
    1.0
  ],
  "collision_rate_mean": 0.94,
  "collision_rate_std": 0.23748684174075835,
  "similarity": [
    0.9556748256806338,
    0.9875200227102794,
    0.9510863495978158,
    0.8405776959633152,
    0.9128203542614319,
    0.9639516939274995,
    0.9553157108196535,
    0.9223301859740175,
    0.9829238972914289,
    0.8669407336163738,
    0.9896087510611297,
    0.997655977358911,
    0.9998018863827159,
    0.9956859722490004,
    0.8591567328307584,
    0.8352557481368269,
    0.7594851863554312,
    0.9107539516715849,
    0.9622821316042961,
    0.8985619546621717,
    0.9127166321034821,
    0.9373529365088308,
    0.8885235716770481,
    0.9753376153638044,
    0.8907590662934616,
    0.8374462769621015,
    0.41235036408619574,
    0.9431588997940318,
    0.9088207799949904,
    0.99111793180163,
    0.8936780234927243,
    0.8974294094629239,
    0.9492370477228079,
    0.9241745659297547,
    0.9911798804803085,
    0.8755911501780054,
    0.8585943306035863,
    0.8862044846694525,
    0.9899092834311287,
    0.3231866242119375,
    0.83231742655534,
    0.5207336705684507,
    0.8606373310311857,
    0.9972604174162362,
    0.8431135438303283,
    0.8344745643189716,
    0.949874392742582,
    0.9957668505218753,
    0.8417982244668167,
    0.8904693395524648
  ],
  "similarity_mean": 0.8880120879585546,
  "similarity_std": 0.1332632686721179,
  "waypoint_distance": [
    2.464419022611535,
    0.658092354199645,
    3.0023732750046532,
    3.66325182451014,
    6.282497439903902,
    4.171087433738657,
    1.7474323048527327,
    2.565646879558308,
    1.8075073920819777,
    4.095682530743202,
    0.8327098473992952,
    2.227174596465517,
    0.3752686684570066,
    2.9157344803265453,
    4.930427154658463,
    4.872629240313072,
    7.582704033934666,
    6.234806499987242,
    2.5042142367618707,
    5.325067472527079,
    6.950624030221015,
    1.76241039124141,
    8.378650855056241,
    2.719749162326886,
    4.368668025581611,
    4.100591796012348,
    15.3271610145882,
    1.4844881845561662,
    4.995175875973709,
    0.5284593128984267,
    2.0984323386934993,
    5.977388762185531,
    3.6788919328905454,
    4.895507209043462,
    1.7387045047426908,
    5.868841212908038,
    5.4517914323925885,
    4.011493649294737,
    2.4315652707521838,
    5.950614348949178,
    3.7225627410518536,
    15.30902684835614,
    6.0726600877971055,
    0.6099617708704893,
    4.199387590165524,
    4.055193811690701,
    1.7842614725737935,
    0.45162934542862154,
    5.699165396110674,
    4.38086844057412
  ],
  "waypoint_distance_mean": 4.14525307005926,
  "waypoint_distance_std": 3.0126260821249202,
  "speed": [
    8.143932858493068,
    4.7726927903645615,
    8.850065849722444,
    8.90025499619693,
    9.437815664640501,
    8.06401137010391,
    8.134293988002595,
    9.720418696375411,
    0.2129377030193258,
    9.503748109468994,
    3.622700849396207,
    6.652485056480939,
    2.668013818594181,
    6.053700405309804,
    9.720132239473655,
    9.518995962946486,
    10.009046813537244,
    9.926422955600232,
    8.687065093318648,
    9.335097821972248,
    9.034497165812798,
    8.658567667543297,
    9.114885270663573,
    8.163818592411179,
    9.074457232260038,
    9.24785021389254,
    9.08540444385019,
    7.157632558150065,
    8.898647652289903,
    4.532798500033726,
    9.25857056852178,
    9.457066061464676,
    9.053232419808266,
    9.314733502381639,
    4.995100149739173,
    14.518218415142778,
    9.54364644934554,
    9.751908414862074,
    5.81887398611094,
    9.892982552447343,
    9.827808302536928,
    11.445560025130167,
    10.692565506696704,
    6.369901310649352,
    9.949866907479644,
    9.15048801829021,
    6.137229416165867,
    3.0400735972489032,
    9.830334379761199,
    9.221878756544237
  ],
  "speed_mean": 8.243448621605044,
  "speed_std": 2.4520736307802657,
  "total_reward": [
    1304.364927541791,
    -113.19673945179255,
    1041.4112382636897,
    877.4551012033271,
    436.60324997753384,
    358.9395217328163,
    804.9063225761868,
    2953.931516927202,
    -1000.0,
    1214.5740364475678,
    -1000.0,
    300.4542031936803,
    -913.2538009177854,
    -137.93420395727202,
    1252.618565647869,
    559.6197133237172,
    1344.9287749913403,
    460.43915227126763,
    846.5612111126179,
    1239.6268627039453,
    460.6066085623249,
    1324.7770991097375,
    416.9609372650638,
    565.2828123483175,
    1262.7056285058563,
    979.5972052031335,
    5.374440431290255,
    339.53272508316354,
    1209.670101419851,
    -216.60751250142778,
    2859.198840136522,
    421.4467684584779,
    472.684179265985,
    1401.6959726162393,
    -203.263778457927,
    -484.92473978253133,
    1213.4647737369453,
    1440.344907670058,
    -174.78222389649613,
    324.72297176484335,
    1060.2168646060284,
    1014.0897789783702,
    1381.2930827933467,
    474.50803262433135,
    1084.5795248414238,
    958.5617063099472,
    -1000.0,
    88.80712593799153,
    1265.96732153944,
    1083.1612146936188
  ],
  "total_reward_mean": 657.2344404570326,
  "total_reward_std": 819.0703577033354,
  "timesteps": [
    315,
    84,
    256,
    233,
    263,
    148,
    229,
    476,
    33,
    291,
    33,
    83,
    33,
    136,
    321,
    295,
    512,
    267,
    278,
    360,
    324,
    224,
    352,
    227,
    382,
    259,
    260,
    153,
    370,
    65,
    422,
    235,
    362,
    452,
    86,
    33,
    345,
    317,
    105,
    285,
    273,
    512,
    512,
    155,
    305,
    259,
    33,
    33,
    346,
    348
  ],
  "timesteps_mean": 253.6,
  "timesteps_std": 135.2656645272554
}