{
  "collision_rate": [
    1.0,
    0.0,
    1.0,
    1.0,
    1.0,
    1.0,
    1.0,
    1.0,
    1.0,
    1.0,
    1.0,
    1.0,
    1.0,
    1.0,
    1.0,
    1.0,
    1.0,
    1.0,
    1.0,
    1.0,
    1.0,
    1.0,
    1.0,
    1.0,
    1.0,
    1.0,
    1.0,
    1.0,
    1.0,
    1.0,
    1.0,
    0.0,
    1.0,
    1.0,
    0.0,
    1.0,
    1.0,
    1.0,
    1.0,
    1.0,
    1.0,
    1.0,
    0.0,
    1.0,
    1.0,
    1.0,
    1.0,
    1.0,
    0.0,
    1.0
  ],
  "collision_rate_mean": 0.9,
  "collision_rate_std": 0.3,
  "similarity": [
    0.9888393464083013,
    0.9539747906021688,
    0.9667986480812099,
    0.981646622876744,
    0.9885180900704351,
    0.9931825995671,
    0.9975097275345514,
    0.9904285367263641,
    0.9988255717643131,
    0.991068563903605,
    0.9990204535118067,
    0.8578989940158201,
    -0.32920319203441584,
    -0.22692427905005677,
    0.9933155952691821,
    0.9982336299091115,
    0.991750507956609,
    0.9856363832039396,
    0.3618007099838157,
    -0.035396290046947804,
    0.9873643423705485,
    0.8999290849020823,
    0.9631536752552459,
    0.9957006150293438,
    0.9874860145688862,
    0.9957007756300972,
    0.938906215423134,
    0.9221112335637259,
    0.9944801489549157,
    0.9453634005203947,
    0.817511474708969,
    0.4915013822164446,
    0.9915872231306863,
    0.9676394136306878,
    0.9924238658174144,
    0.9788129610130046,
    0.9886704221449127,
    0.9920670717686844,
    0.9973623905281814,
    0.9910735767307913,
    0.9942043135491214,
    0.9931414701902658,
    0.997087987001161,
    0.9936260178677648,
    0.9872699531320945,
    0.9971637003546353,
    0.9862442595615708,
    0.9182722721279891,
    0.9794359010003425,
    0.9951081887903775
  ],
  "similarity_mean": 0.8825464872347426,
  "similarity_std": 0.29705848232946186,
  "waypoint_distance": [
    0.9830902161140789,
    2.8202594600513557,
    2.0621354117653596,
    1.2995627593849124,
    1.6478550298433763,
    1.1868089121248548,
    0.6602105975855714,
    0.9176638748270044,
    0.6810754192881835,
    1.0054503503985626,
    1.0511960470775024,
    5.3461980817346975,
    9.046388282491213,
    2.558871074294289,
    0.8173605948095517,
    0.6359687597819276,
    0.8569238772831347,
    1.4991586819559202,
    2.7643954983422536,
    2.863677151121291,
    1.38020534962713,
    1.1369177162201138,
    2.0652144457561157,
    0.7942654057754301,
    0.8588765615099249,
    0.7719355016737666,
    2.5535566332215547,
    3.539210095365145,
    0.7999195100692484,
    2.186902555948098,
    1.3462709802924244,
    2.3154946334368978,
    1.1716972643677788,
    1.3793215155254523,
    0.8131882293383893,
    1.3536861463262368,
    0.9641414096768718,
    0.6206920916816275,
    0.8344523450831816,
    1.0094921734519675,
    0.8510945940481383,
    0.9986724439906045,
    0.7554178705560135,
    0.715710483722938,
    2.555366200344501,
    0.7666697509405034,
    1.771000162198552,
    1.1132433905085848,
    1.5533658365719116,
    0.6908495456991426
  ],
  "waypoint_distance_mean": 1.607421618464066,
  "waypoint_distance_std": 1.39695732855621,
  "speed": [
    7.539835259729337,
    9.461817489915267,
    9.875041605598904,
    9.76841347107987,
    8.138197459290776,
    7.7240861049133915,
    8.544222900344563,
    8.65805241778549,
    7.688316423393153,
    8.376586052483278,
    2.003602279804803,
    21.204971145575687,
    11.253415231931314,
    4.048822138422143,
    8.212564911151867,
    6.177147101015045,
    8.342907365223043,
    8.384154731319308,
    8.823803860149393,
    4.260666796017804,
    8.36152784317172,
    7.709262895727241,
    9.66940386725133,
    6.868431923602349,
    6.231897346973959,
    6.6475009308713116,
    8.711422809920908,
    8.576977895265417,
    5.670589396043711,
    8.832939948751573,
    0.2346917186613794,
    9.871730982442815,
    8.617624523932392,
    8.83161908982172,
    7.318169804834091,
    8.401369062355391,
    9.67489316847107,
    5.62861151267089,
    6.239393044551136,
    8.471142333271928,
    9.145860774754189,
    8.698689285748223,
    7.249597977797584,
    8.694539912325672,
    9.041720934696642,
    7.986454733190695,
    8.310448510921942,
    8.624352608498464,
    9.763038330696759,
    8.239462827651328
  ],
  "speed_mean": 8.096199814800366,
  "speed_std": 2.70349820155431,
  "total_reward": [
    2450.3215168032098,
    3238.104173806104,
    3295.1288543396854,
    3007.255197110793,
    1547.0862124048344,
    2094.621019546747,
    1564.7129894583427,
    1590.8386165836996,
    1471.9287673674164,
    3566.659030708761,
    -434.83267388355415,
    -414.53081066451585,
    -1000.0,
    -558.3412306922771,
    2377.144919138774,
    528.3514888397755,
    2940.4771959061886,
    3444.094815142887,
    -1000.0,
    -1000.0,
    2580.4862853013324,
    1916.9612548816594,
    2790.2808085158626,
    516.8141267286378,
    1335.329428090774,
    1859.9634125882594,
    2562.850136452647,
    2452.095237182284,
    720.4508647975346,
    2860.5049629386262,
    -1000.0,
    3266.5504896506723,
    1856.334338156979,
    3075.567955348328,
    3683.9099235390536,
    2332.7130720603304,
    3279.470041847369,
    533.5573293218134,
    914.6862335796095,
    1856.987535696328,
    2142.6194537561787,
    1504.5484497529683,
    3700.8061100913274,
    1506.32387377804,
    1195.6354631603085,
    1370.3620148222067,
    1435.9835951836985,
    2565.3056888447995,
    4113.453562832636,
    1661.8491737285303
  ],
  "total_reward_mean": 1786.0284180909136,
  "total_reward_std": 1355.9555272247412,
  "timesteps": [
    419,
    512,
    457,
    353,
    299,
    276,
    186,
    188,
    258,
    491,
    33,
    33,
    33,
    33,
    354,
    89,
    427,
    503,
    33,
    33,
    434,
    301,
    395,
    150,
    220,
    284,
    429,
    484,
    131,
    445,
    33,
    512,
    298,
    419,
    512,
    331,
    423,
    99,
    150,
    294,
    238,
    178,
    512,
    177,
    434,
    236,
    289,
    341,
    512,
    265
  ],
  "timesteps_mean": 290.72,
  "timesteps_std": 157.38755223968633
}