{
  "collision_rate": [
    0.0,
    1.0,
    1.0,
    1.0,
    1.0,
    1.0,
    1.0,
    1.0,
    0.0,
    0.0,
    0.0,
    1.0,
    1.0,
    1.0,
    1.0,
    1.0,
    1.0,
    0.0,
    1.0,
    1.0,
    1.0,
    1.0,
    0.0,
    1.0,
    1.0,
    1.0,
    1.0,
    0.0,
    1.0,
    1.0,
    1.0,
    1.0,
    1.0,
    1.0,
    1.0,
    0.0,
    1.0,
    1.0,
    0.0,
    1.0,
    1.0,
    1.0,
    1.0,
    0.0,
    1.0,
    1.0,
    1.0,
    1.0,
    1.0,
    1.0
  ],
  "collision_rate_mean": 0.8,
  "collision_rate_std": 0.4,
  "similarity": [
    0.9907327878039112,
    0.988551839765148,
    0.7782839097535598,
    0.22357964399148259,
    0.9969639523711455,
    0.9999736199892079,
    0.9028677050079528,
    0.9932714348853565,
    0.9948060530055941,
    0.995605009554399,
    0.6739630383758621,
    0.9987790462709948,
    0.9986820442759311,
    0.9736151783087077,
    0.8350228867934425,
    0.9869470556028406,
    0.9873413733780454,
    0.9949028491924885,
    0.9977485981479974,
    0.9753033048651624,
    0.9837721910441283,
    0.9927497661571166,
    0.9816192492600008,
    0.9892634675162574,
    0.9814042828001368,
    0.9995369597614299,
    0.9961318496465681,
    0.9814564153544735,
    0.9978549883163368,
    0.9473803029278878,
    0.8256126513799176,
    0.998805866888956,
    0.9903314295464718,
    0.9653991096584708,
    0.991496007069245,
    0.9734511717154567,
    0.9947213529074859,
    0.9791869885556853,
    0.9880604793970807,
    0.9923184163319627,
    0.9939718926259954,
    0.9921842327347353,
    0.9951073249908351,
    0.771695683334171,
    0.8705921892952904,
    0.9920975675246846,
    0.9999998354714064,
    0.9999842274656654,
    0.8468872187655749,
    0.9918570472175238
  ],
  "similarity_mean": 0.9458374299400034,
  "similarity_std": 0.12491608122449704,
  "waypoint_distance": [
    1.2851412660761243,
    1.224434873582942,
    1.2239735453613017,
    4.313486261117022,
    0.9599375644826675,
    1.1410296277254321,
    2.178033406591832,
    0.9969449193731741,
    1.4067178948894536,
    1.479901233404956,
    5.439079291619485,
    1.0605486250520406,
    0.6348709947218482,
    0.7846138490328652,
    2.4279740601682027,
    1.5091471526085163,
    0.9801054086987424,
    1.8359965493111823,
    0.9879350685337215,
    0.762362797323067,
    1.4864959173236079,
    0.9927373831658001,
    2.1987534866686174,
    1.0536662499060736,
    0.8310432759704922,
    0.7217390279803951,
    0.8618582891026332,
    1.537386664824878,
    0.7351693321120999,
    1.4696845843011943,
    2.793755688843705,
    1.035269266342001,
    0.9421370503103841,
    4.584533763218679,
    1.1364789500640942,
    5.685706862706981,
    0.7602705947706789,
    3.007207379341126,
    1.5064036278353587,
    2.0761787454646323,
    1.20236821435592,
    1.6390959541355736,
    0.4928273355702333,
    3.974901340786084,
    2.453068812435777,
    1.2253419672140826,
    1.6914710570248135,
    0.6913692517984031,
    2.376053442455999,
    1.6020107535336647
  ],
  "waypoint_distance_mean": 1.7079443731847712,
  "waypoint_distance_std": 1.1943671739153257,
  "speed": [
    9.717835542928073,
    11.168005887705366,
    8.366821997086134,
    8.588254578395071,
    10.126438926894602,
    0.9780741997378752,
    8.799862516320019,
    8.548160633202157,
    9.002061119102285,
    10.590160147885099,
    10.628044208994842,
    1.0227276943152117,
    5.76151417399573,
    8.727214080184408,
    10.607845465703893,
    9.723363295625033,
    10.794197909814592,
    10.359738938503252,
    9.428376214119865,
    7.068418545173263,
    1.1538214879385702,
    8.409605770461338,
    10.193727732194612,
    10.451241165270616,
    8.378556197816694,
    0.13073108670388753,
    1.4360920186516002,
    10.746634545443486,
    7.248383425818928,
    8.760161203641152,
    8.640727866817137,
    1.3551065805906768,
    10.739535017755719,
    9.686939209583171,
    9.381423135592627,
    10.45604556231368,
    10.63669082309284,
    9.79306887547464,
    9.83198479220143,
    10.370137041344622,
    1.6920818981466572,
    9.59753662335674,
    4.663506990097826,
    10.246668223150767,
    10.839905836349551,
    9.089753850785389,
    0.0006376967138860545,
    1.552155530957397,
    10.238432994848171,
    9.592441877805035
  ],
  "speed_mean": 7.9064170227321116,
  "speed_std": 3.456234498835286,
  "total_reward": [
    4579.415936769009,
    4809.1809338028515,
    2404.2141443721307,
    1991.85167258117,
    3429.8245329944925,
    -1000.0,
    3176.067914909635,
    3028.3055695523058,
    4560.588028924827,
    5266.091250971575,
    3075.6147233453585,
    -467.49332214433923,
    466.85577572540035,
    2068.73017994476,
    2500.093007270706,
    1101.9104356583393,
    3170.707082493521,
    4148.841554601941,
    1602.0121345405778,
    1476.068163780169,
    -463.8657020837904,
    3222.1017865113126,
    3730.8140552924297,
    3415.890575373233,
    1505.7464864089786,
    -1000.0,
    -1000.0,
    4726.7130405800035,
    1051.0444112654864,
    1805.0121532316066,
    1011.0127270581538,
    -457.1371347345489,
    3699.209292024459,
    1210.8550437711135,
    3262.7364184327866,
    1457.3942530053996,
    2255.8437808806634,
    1563.5712097146106,
    4123.259718928568,
    2862.74194394196,
    -446.14291549274253,
    1583.9449556252594,
    -27.071986743374794,
    3280.554086786796,
    2446.213123172179,
    1527.9057382912129,
    -1000.0,
    -450.31186175523044,
    3566.9557147497944,
    3125.0236457343235
  ],
  "total_reward_mean": 2059.5778856013017,
  "total_reward_std": 1734.7981256850796,
  "timesteps": [
    512,
    455,
    451,
    496,
    343,
    33,
    474,
    369,
    512,
    512,
    512,
    33,
    170,
    242,
    335,
    212,
    300,
    512,
    225,
    218,
    33,
    389,
    512,
    335,
    187,
    33,
    33,
    512,
    216,
    398,
    226,
    33,
    354,
    392,
    369,
    512,
    262,
    349,
    512,
    398,
    33,
    285,
    104,
    512,
    327,
    309,
    33,
    33,
    485,
    420
  ],
  "timesteps_mean": 310.24,
  "timesteps_std": 168.0014952314413
}