{
  "collision_rate": [
    1.0,
    1.0,
    0.0,
    1.0,
    1.0,
    1.0,
    1.0,
    1.0,
    1.0,
    1.0,
    1.0,
    1.0,
    1.0,
    0.0,
    1.0,
    1.0,
    1.0,
    1.0,
    1.0,
    1.0,
    1.0,
    1.0,
    1.0,
    1.0,
    1.0,
    1.0,
    1.0,
    1.0,
    1.0,
    1.0,
    1.0,
    1.0,
    1.0,
    1.0,
    1.0,
    1.0,
    1.0,
    1.0,
    1.0,
    1.0,
    1.0,
    1.0,
    1.0,
    1.0,
    1.0,
    1.0,
    1.0,
    1.0,
    1.0,
    1.0
  ],
  "collision_rate_mean": 0.96,
  "collision_rate_std": 0.19595917942265428,
  "similarity": [
    0.9922781129014271,
    0.9716887699141831,
    0.6343235522826106,
    0.9907547380480963,
    0.9374300486974015,
    0.9981639017843617,
    0.8864610527798205,
    0.9881289782230657,
    0.9854197708709443,
    0.9882917004319949,
    0.9987679297679679,
    0.9911951940104895,
    0.9938684685397117,
    0.9385161010945899,
    0.8438045472704084,
    0.9969326503261503,
    0.9867683353758567,
    0.996883481386002,
    0.9750443259863866,
    0.8724496480834283,
    0.9793956094243191,
    0.9711248269448599,
    0.9938938259497163,
    0.8673022779270284,
    0.8588191850058967,
    0.990788440074341,
    0.9971212280370944,
    0.9474891332041104,
    0.9957908974782889,
    0.9965681511985116,
    0.9991367627888583,
    0.9956330357430234,
    0.9976934055853267,
    0.9901293005783501,
    0.9778379156846241,
    0.9960703560380273,
    0.9649991583977084,
    0.9953737905171561,
    0.9996943714023171,
    0.9934824414276985,
    0.9881357560272819,
    0.9911820036163292,
    0.9539124677635991,
    0.9989605016219676,
    0.9978360541265673,
    0.9981956856579373,
    0.9937683391439741,
    0.9831536778887525,
    0.9962745447603198,
    0.975857680937119
  ],
  "similarity_mean": 0.96705584265452,
  "similarity_std": 0.06164179856362252,
  "waypoint_distance": [
    0.8931515928196495,
    2.3171016685911523,
    2.134323919173601,
    1.201405924018428,
    5.235289207216133,
    1.0484408464285657,
    1.3706289811865981,
    1.0204299295510142,
    1.0660244987818894,
    1.3640255470192382,
    0.8692412980710529,
    0.5852055511510836,
    0.956587827208924,
    5.538141613234177,
    1.9427874060072237,
    0.7522056672568932,
    1.3056752777767804,
    0.6733975396919213,
    1.3835120121358786,
    2.549316212074635,
    1.1641876708200074,
    1.3737264938756115,
    0.8676757935633048,
    4.387299047576407,
    2.6645369804455634,
    1.1457919345131364,
    0.7168844942478985,
    3.7621581028456865,
    0.8396461834724516,
    0.7909381741789999,
    1.3341394072474548,
    0.5958085551559643,
    0.5776437095789227,
    0.9769671462948886,
    1.4094673062544356,
    0.8366308525660257,
    2.0637840856735603,
    0.8136315491967037,
    0.9232880262491691,
    1.1306208958124588,
    0.8055205438605139,
    1.093217110981731,
    2.0991722567831355,
    0.7545207440048974,
    0.6642078655779093,
    0.6168664737656893,
    0.8165132191672692,
    1.3836733236736503,
    0.7979372894846061,
    1.6487501875729136
  ],
  "waypoint_distance_mean": 1.465241958876716,
  "waypoint_distance_std": 1.1066420768345673,
  "speed": [
    6.784560205912087,
    9.566730498321467,
    8.845411806917477,
    7.988058902783854,
    9.778413515850707,
    2.432853530182104,
    9.203623790804917,
    8.482845810134256,
    7.63348985123715,
    9.781826311009235,
    8.020460849726955,
    5.346925779172557,
    7.11958434541726,
    9.91197251528497,
    10.132583955131969,
    9.498660211017183,
    10.333536076799152,
    9.082054991183211,
    8.701408524111805,
    7.379462276778006,
    7.3005677865496885,
    7.6054499129331585,
    8.663188402519278,
    10.216989426857655,
    8.255799469661842,
    8.991054023890833,
    9.106413962751217,
    9.561921098485241,
    7.024781195680686,
    6.676839084539972,
    0.17531488771268913,
    6.5156337949285055,
    8.466300506800481,
    8.336757925067214,
    8.608565959772372,
    9.523063432982681,
    9.54219030231577,
    9.816468927607717,
    0.01851890782186677,
    9.593476152669606,
    9.601379795155326,
    9.08541542082708,
    8.60558998832604,
    8.49835188657215,
    8.00374983703575,
    8.803955475262107,
    7.334306779254134,
    8.244673264276484,
    7.82018685338016,
    8.19545042426419
  ],
  "speed_mean": 8.084336372673565,
  "speed_std": 2.1286466287308894,
  "total_reward": [
    1561.8769774293892,
    2359.4413470798327,
    2907.6345578112805,
    3225.980398563156,
    1708.9842886299123,
    -421.5210863988322,
    3290.95420110939,
    3050.7840455180603,
    2503.5028761035887,
    3347.8249202795355,
    1227.2078895918849,
    601.1271347785008,
    1520.8490997385356,
    1966.7732675000277,
    2595.998335104722,
    1507.1806789084599,
    3016.975041405296,
    2477.8352574970518,
    1485.7207620861147,
    1391.558355341824,
    779.9611873544434,
    1871.6160149968175,
    2058.2051054985927,
    2129.344054827384,
    1382.2213800193003,
    1918.0310767923693,
    2638.597251958834,
    1448.731446495782,
    624.0909764150974,
    1378.7018252286543,
    -1000.0,
    879.9267869493037,
    1327.5878349011186,
    1910.700738208259,
    2271.875158407139,
    3544.5013940930517,
    1682.0473062197755,
    4351.504557046815,
    -1000.0,
    3252.3907887691475,
    1705.9382038070075,
    2529.9654798312513,
    2189.78240417533,
    1939.4374755274341,
    628.0683672127946,
    1749.7815010204167,
    1970.9408039534133,
    1155.0256049757174,
    1538.5491621936408,
    1679.2981840685875
  ],
  "total_reward_mean": 1837.270208380504,
  "total_reward_std": 1049.3168123566813,
  "timesteps": [
    236,
    366,
    512,
    464,
    430,
    33,
    436,
    372,
    352,
    391,
    156,
    117,
    218,
    512,
    351,
    213,
    338,
    276,
    205,
    306,
    192,
    295,
    242,
    468,
    272,
    289,
    293,
    397,
    162,
    210,
    33,
    139,
    160,
    235,
    317,
    376,
    259,
    503,
    33,
    371,
    236,
    302,
    368,
    231,
    143,
    257,
    273,
    162,
    200,
    265
  ],
  "timesteps_mean": 279.34,
  "timesteps_std": 118.91452560557941
}