{
  "collision_rate": [
    1.0,
    1.0,
    1.0,
    1.0,
    1.0,
    0.0,
    1.0,
    1.0,
    1.0,
    1.0,
    1.0,
    0.0,
    0.0,
    1.0,
    1.0,
    1.0,
    1.0,
    1.0,
    0.0,
    1.0,
    1.0,
    1.0,
    1.0,
    0.0,
    0.0,
    1.0,
    1.0,
    0.0,
    1.0,
    1.0,
    1.0,
    0.0,
    1.0,
    1.0,
    1.0,
    0.0,
    1.0,
    0.0,
    1.0,
    1.0,
    1.0,
    1.0,
    1.0,
    1.0,
    0.0,
    1.0,
    0.0,
    1.0,
    1.0,
    1.0
  ],
  "collision_rate_mean": 0.76,
  "collision_rate_std": 0.4270831300812525,
  "similarity": [
    0.9971881205226246,
    0.9946041281646042,
    0.925825189882327,
    0.9942069043843461,
    0.9980983510702722,
    0.7828953736905049,
    -0.9984451497210722,
    0.7732608197530718,
    0.999631232131021,
    0.36277844876221954,
    0.9985061699212109,
    0.9948366721949541,
    0.9989238241509185,
    0.9711983731250362,
    0.9963214232642363,
    0.9949574523684199,
    0.9841898768183587,
    0.9460318893894847,
    0.8562386381657415,
    0.9998677539730464,
    0.9998197630892186,
    0.428886470513005,
    0.9996314980531893,
    0.9926263528794343,
    0.9985155719044377,
    0.23936634475496193,
    0.6471725793838606,
    0.9893809277491517,
    0.9972277643727052,
    0.9924338761281869,
    0.9866987975939925,
    0.9681629997005475,
    0.996825514095907,
    0.992431402449343,
    0.9623647813994392,
    0.9926710627512635,
    0.9946099963974293,
    0.9912083391042441,
    0.9971598199889303,
    0.9904816563643898,
    0.9957521490494587,
    -0.5417503774719602,
    0.9264449466085601,
    0.9955652705612109,
    0.9917661133291267,
    0.9962284913286582,
    0.6845896947358266,
    0.008414446912141563,
    0.24885556570116119,
    0.9998364307661016
  ],
  "similarity_mean": 0.8206898748441049,
  "similarity_std": 0.3995731400494455,
  "waypoint_distance": [
    0.6269276283516199,
    0.7450508048550412,
    1.2197254427162587,
    0.5973153918088407,
    1.3578955520621525,
    5.667181262766538,
    8.260073866099738,
    6.850716954735564,
    0.4102023828722862,
    13.158483909585062,
    0.2870620969620443,
    0.815605775330729,
    0.5964966769429935,
    1.8665370829671244,
    0.7452536958287593,
    0.9632412112071098,
    0.8635265055905667,
    1.7608698316792168,
    3.2712621326471423,
    0.4299973335297355,
    0.4997561561471318,
    2.761157311862673,
    0.3852047943909291,
    1.0909261652562945,
    0.703678984559283,
    10.067068726519325,
    1.249229657339105,
    1.3273432224193853,
    0.8139286797582931,
    1.4372539590577402,
    0.6961292284626296,
    1.4711860061566489,
    0.7531997341090354,
    1.4258099747060786,
    0.8691779639457983,
    1.0734321775293207,
    0.9448930753463388,
    1.6191434591633753,
    0.5901001640254775,
    1.3739739195914495,
    0.801967355427286,
    2.53426761076089,
    1.805534721855183,
    0.6831012826507241,
    2.516638716295165,
    0.8823620584606462,
    6.9887948896375836,
    6.111140812260626,
    3.1786147159071145,
    0.20933144270479073
  ],
  "waypoint_distance_mean": 2.147155450096897,
  "waypoint_distance_std": 2.682424537234085,
  "speed": [
    9.06052482068576,
    8.749757795627376,
    9.315882010167607,
    4.95175654624494,
    0.12357804904323524,
    10.493864554413891,
    8.445404168349626,
    9.21015558603944,
    1.2824255564830735,
    13.387024889922175,
    1.0108172906989352,
    9.865157135854071,
    5.017483493192581,
    9.525164992187237,
    8.328572862010837,
    10.970814464291939,
    9.97332776128223,
    1.9621456374288526,
    10.028247560519283,
    1.0790408014794395,
    3.381627065227691,
    2.6071238276822153,
    1.0474606732087521,
    9.753509992609743,
    5.134675399878941,
    28.19551263879123,
    0.8045886379168622,
    10.2202246523024,
    10.56895319707051,
    9.964948515465693,
    6.345642176587784,
    11.55593774629922,
    10.129326809730353,
    11.196026703919118,
    10.127043626723585,
    9.794234949420579,
    9.455321905988512,
    9.691349415058804,
    8.60821121100503,
    0.01557142164525472,
    9.383769570538913,
    8.597209962076722,
    8.728232929051709,
    6.758906819412466,
    10.127344497121076,
    11.67179346361041,
    10.576190953712967,
    22.026614127920983,
    16.198537559403473,
    0.760770418053906
  ],
  "speed_mean": 8.324156136867147,
  "speed_std": 5.203372825848686,
  "total_reward": [
    4492.6114631760975,
    2206.8940292822576,
    1943.4981915132423,
    59.25770816853401,
    -1000.0,
    2659.5052245611496,
    -166.8011301519152,
    1243.9295081163104,
    21.134513475921857,
    -995.5051935886736,
    -67.74114501940065,
    4977.973253632521,
    2565.6830100434313,
    1249.0361850576023,
    853.7287089834529,
    3391.4264179021798,
    4132.93800894131,
    -1000.0,
    3475.126120391411,
    -1000.0,
    -197.70368541953525,
    -1000.0,
    -1000.0,
    4699.805136002322,
    2624.2623610151863,
    -1000.0,
    -103.1693952566865,
    4583.493715739786,
    3349.3735378256542,
    3998.888304823922,
    348.3991252938207,
    5036.965492705673,
    3421.854742798507,
    4566.1784657623775,
    3085.9180220129706,
    4752.0369899029465,
    3870.182290917904,
    3957.6102705662393,
    2156.7752517964723,
    -1000.0,
    3129.0323288819104,
    -220.20924099339766,
    1710.4389910336586,
    379.2688294109487,
    2732.431274158896,
    5556.801058961979,
    2531.005241074769,
    -1000.0,
    -1000.0,
    14.6105096403351
  ],
  "total_reward_mean": 1780.538889862842,
  "total_reward_std": 2114.8278015657893,
  "timesteps": [
    500,
    257,
    261,
    116,
    33,
    512,
    221,
    401,
    33,
    33,
    33,
    512,
    512,
    214,
    165,
    317,
    487,
    33,
    512,
    33,
    92,
    33,
    33,
    512,
    512,
    33,
    33,
    512,
    414,
    480,
    59,
    512,
    390,
    483,
    424,
    512,
    421,
    512,
    254,
    33,
    390,
    33,
    279,
    133,
    512,
    480,
    512,
    33,
    33,
    33
  ],
  "timesteps_mean": 277.54,
  "timesteps_std": 201.35940107181486
}