{
  "collision_rate": [
    0.0,
    0.0,
    1.0,
    0.0,
    0.0,
    1.0,
    0.0,
    1.0,
    0.0,
    0.0,
    1.0,
    1.0,
    1.0,
    0.0,
    1.0,
    1.0,
    0.0,
    1.0,
    0.0,
    1.0,
    0.0,
    1.0,
    1.0,
    0.0,
    0.0,
    0.0,
    0.0,
    0.0,
    1.0,
    1.0,
    1.0,
    0.0,
    0.0,
    0.0,
    0.0,
    0.0,
    1.0,
    0.0,
    1.0,
    0.0,
    0.0,
    0.0,
    1.0,
    0.0,
    1.0,
    1.0,
    0.0,
    0.0,
    0.0,
    0.0
  ],
  "collision_rate_mean": 0.4,
  "collision_rate_std": 0.48989794855663565,
  "similarity": [
    0.991779188379968,
    0.9987252049687262,
    0.9905679376263277,
    0.9962392211033924,
    0.8508922663675035,
    0.9821921004313362,
    0.997398644456266,
    0.9949451776829241,
    0.9784372548640663,
    0.9922737729033824,
    0.993249306613546,
    0.9953746409153235,
    0.9957144929800841,
    0.9975848375326162,
    0.9757007688623569,
    0.9790258562075365,
    0.9811465580058014,
    0.9049281245138685,
    0.9948178157796289,
    0.9889477626883609,
    0.9858401337727103,
    0.9731592482152357,
    0.9721212975499691,
    0.9975488876859001,
    0.9958115187467647,
    0.9855057041955302,
    0.9977554621143675,
    -0.059311181616839466,
    0.9835025401696025,
    0.9781057780950504,
    0.9950589694041004,
    0.9980069838509312,
    0.877733762587466,
    0.9937579576554396,
    0.9967161220895018,
    0.996740131740885,
    0.9932669793880713,
    0.9737273445335903,
    0.7577199803006579,
    0.996843824448849,
    0.8381964313038931,
    0.9969611333044149,
    0.9780327700013228,
    0.9978575514622411,
    0.8620674942677973,
    0.9946649363793585,
    0.8535248850847571,
    0.8912297191473719,
    -0.36523778733218204,
    0.996509571965547
  ],
  "similarity_mean": 0.9202671816679063,
  "similarity_std": 0.23909380909273792,
  "waypoint_distance": [
    1.7596762010455345,
    1.8936689111709106,
    5.1085479754690715,
    3.9395915906134746,
    3.078118878200752,
    2.693769027413385,
    1.2897356047969057,
    1.5760953525945791,
    5.125924162515494,
    1.6871969880278075,
    0.8526215371061207,
    1.0533474015405235,
    0.9695676736104404,
    6.350118216306369,
    3.7719747437298743,
    6.184306816597644,
    2.2782061603213406,
    1.8930170061889897,
    4.448627651768399,
    1.0786470098061574,
    3.2046241270549523,
    3.03730575530921,
    1.367802757005692,
    2.2575249142055354,
    5.407918552339507,
    1.5609823754966552,
    3.1093487456698714,
    24.780769595568422,
    2.8444177503491757,
    2.713275157227284,
    8.706007052005049,
    1.367204756737124,
    2.530475176999994,
    6.024590923174369,
    5.0079202079259995,
    10.018845928124122,
    1.0267500324856387,
    3.108467940250204,
    3.684132158514484,
    4.671128131537813,
    2.9202397437348093,
    7.1278592745110325,
    2.6888672719389572,
    0.8208971732521883,
    2.743198734097469,
    7.441003908975508,
    3.3149985883382014,
    5.820121868236879,
    33.03951478158313,
    1.2043864884424442
  ],
  "waypoint_distance_mean": 4.41166677559831,
  "waypoint_distance_std": 5.491441825102501,
  "speed": [
    8.905703792961097,
    9.349935876879265,
    8.022792757422705,
    9.16993245278336,
    9.325997587852875,
    9.876814148943147,
    9.87131439846,
    9.297752223351457,
    9.760979507974234,
    8.264607664536184,
    9.675561689892078,
    6.997421618749735,
    9.616054776117469,
    10.248570242572907,
    9.930835283418327,
    8.516934293453017,
    10.31303928029761,
    10.086992225869686,
    9.400780438054033,
    9.867772312470915,
    9.563095766996822,
    10.015415292895788,
    8.17293764673336,
    9.55959869621621,
    10.902579471376578,
    10.602736668195183,
    9.372673517823587,
    8.772143317958601,
    9.650883357109278,
    10.947399991222786,
    11.271955118990778,
    9.869009120851812,
    9.88484986445416,
    10.386324480232387,
    11.02183779246019,
    9.96991629123024,
    10.405854484031687,
    9.93435169597828,
    9.948755062637629,
    8.979178813974796,
    9.280084677565178,
    9.948792214318685,
    9.797546383228157,
    9.295672720744804,
    8.833775837452885,
    10.363215844960925,
    10.339796748995992,
    10.571473120428756,
    11.266794404035762,
    8.879184607810975
  ],
  "speed_mean": 9.686152511659447,
  "speed_std": 0.8377199763652778,
  "total_reward": [
    3230.4371611363695,
    3549.709963603232,
    496.7816919209362,
    2378.025262045099,
    3207.913958873488,
    2517.7363686763206,
    4839.086704664519,
    2962.4042616010724,
    1094.8437897944223,
    3314.116775667168,
    2997.765918760065,
    2241.2581283906266,
    3177.7472865849027,
    846.2942037945302,
    2066.768132103149,
    498.4894219482583,
    3696.8870930230646,
    3019.844862305685,
    1070.4284842315947,
    4697.8250209881135,
    2047.412415486908,
    2385.8839044757174,
    1445.3298593979773,
    3422.1165340982884,
    1052.6505603514897,
    4419.2199919958875,
    2193.9830062393416,
    -0.2107798819543104,
    2578.355802317037,
    3025.7280188447476,
    575.1633193094121,
    4613.250082533756,
    2623.057083169057,
    1022.871877221266,
    1092.0829135928457,
    437.5408221464284,
    4546.390861970139,
    2801.982131139744,
    2196.9890631820676,
    895.6801147680188,
    3171.855664370382,
    773.0652654427793,
    2227.1498793902847,
    4750.305773922654,
    2401.235696092925,
    557.4288988273873,
    3482.0876384314192,
    2367.352145745521,
    -12.21987458995667,
    4192.310242843216
  ],
  "total_reward_mean": 2383.808268058948,
  "total_reward_std": 1347.1332337864667,
  "timesteps": [
    512,
    512,
    301,
    512,
    512,
    432,
    512,
    400,
    512,
    512,
    323,
    327,
    342,
    512,
    465,
    345,
    512,
    407,
    512,
    489,
    512,
    455,
    216,
    512,
    512,
    512,
    512,
    512,
    473,
    485,
    465,
    512,
    512,
    512,
    512,
    512,
    466,
    512,
    494,
    512,
    512,
    512,
    375,
    512,
    438,
    337,
    512,
    512,
    512,
    512
  ],
  "timesteps_mean": 467.9,
  "timesteps_std": 72.02173283113925
}