{
  "collision_rate": [
    1.0,
    1.0,
    1.0,
    0.0,
    1.0,
    1.0,
    0.0,
    1.0,
    0.0,
    1.0,
    1.0,
    1.0,
    0.0,
    1.0,
    0.0,
    0.0,
    1.0,
    1.0,
    1.0,
    1.0,
    0.0,
    1.0,
    1.0,
    1.0,
    1.0,
    1.0,
    1.0,
    1.0,
    1.0,
    0.0,
    1.0,
    1.0,
    1.0,
    1.0,
    1.0,
    1.0,
    0.0,
    1.0,
    1.0,
    0.0,
    1.0,
    1.0,
    1.0,
    0.0,
    1.0,
    1.0,
    1.0,
    1.0,
    1.0,
    0.0
  ],
  "collision_rate_mean": 0.76,
  "collision_rate_std": 0.4270831300812525,
  "similarity": [
    0.9961995307548416,
    0.9855212486661896,
    0.9942616069949319,
    0.972531549724848,
    0.9952970593644835,
    0.9948117294515431,
    0.9818350435354465,
    0.991428631944201,
    0.974678850539466,
    0.0133966454172627,
    0.9953467065285619,
    0.9936523911466297,
    0.7963722573088707,
    0.9620925709079781,
    0.9789478564635138,
    0.9960634044033306,
    0.9943295867585347,
    0.9931321776775712,
    0.943089277665306,
    0.937668423554363,
    0.8099147919528233,
    0.9895475504352059,
    0.9945286596424728,
    0.8835078271014923,
    0.9946989716483194,
    0.9981165213301744,
    0.9940042047429863,
    0.8985152427728588,
    0.9503899287395786,
    0.9832491667326207,
    0.9954937543590393,
    0.9940686090825963,
    0.9937666312723085,
    0.8906947878463235,
    0.7869533627346491,
    -0.3127992388345853,
    0.9750496980673332,
    0.863940324299926,
    0.966563344425978,
    0.9820437070695307,
    0.9956385620801872,
    0.9961353063429041,
    0.9931943902705713,
    0.6317209186131303,
    0.9966420628295461,
    0.9923772120579317,
    0.9923546315257534,
    0.9882602083521242,
    0.6815572822913474,
    0.972623235899214
  ],
  "similarity_mean": 0.9072681640898445,
  "similarity_std": 0.23232244615287023,
  "waypoint_distance": [
    0.6077099352001613,
    0.7074678173699926,
    0.7435150327099933,
    1.941266078924885,
    0.6901576281316902,
    0.7030274822556201,
    1.282555122929236,
    0.6489200546446348,
    1.862331528312713,
    17.7711428128133,
    0.6716496651607128,
    0.6866289840713078,
    4.95085320740608,
    0.9289544609836169,
    1.2665263277293302,
    0.6933372841752595,
    0.703544265230221,
    0.7625619030285565,
    2.3223724312504372,
    1.1191820671160602,
    3.235719897210438,
    0.8892729800277399,
    0.7065393141438905,
    2.2902017178990945,
    0.6558639190411606,
    0.4870262936763083,
    0.6776794861905198,
    4.089618789660553,
    0.999549257985689,
    1.621882742239703,
    0.6327098704681585,
    0.7328374675362813,
    0.7150355696595957,
    2.1985748141537798,
    2.86168039569081,
    22.057985780855915,
    2.2039942622649495,
    1.854710420463199,
    1.9653933452484724,
    1.4542223683531343,
    0.6694860111414432,
    0.6076517847517735,
    0.8585260805525289,
    4.448927770540779,
    0.6631971800625651,
    0.6924132913731044,
    0.8764721192766829,
    1.0465532661192267,
    3.245477893887401,
    2.3916536376857325
  ],
  "waypoint_distance_mean": 2.177891236352089,
  "waypoint_distance_std": 3.7963762786140838,
  "speed": [
    6.717647698100275,
    6.285721920292405,
    8.110891268026066,
    8.953676961107503,
    8.155231468325413,
    7.771474556984007,
    7.881434294706917,
    6.553402114848552,
    8.163138921511436,
    7.352976849371848,
    7.799868234002444,
    8.247939615799156,
    9.386998750263578,
    7.334600834398888,
    9.343071453655545,
    8.31535436593889,
    8.442588671074837,
    8.019158886781693,
    7.557799055084317,
    8.770813855516407,
    8.648822497516827,
    8.405774533793508,
    8.108074034429176,
    8.142393486423051,
    7.797061028498894,
    5.639832398006089,
    7.961353877478725,
    6.71699670861812,
    7.7894088761297855,
    9.120044840666242,
    7.729118150469467,
    8.182629879936513,
    8.19967955355507,
    8.940355816069228,
    8.811451872791668,
    8.823154401808196,
    8.42802243304876,
    8.49953580589904,
    8.854981813199936,
    9.052833293729627,
    7.407919007864152,
    6.20454816645024,
    8.397432898333545,
    9.15913854742733,
    6.935025141844194,
    7.5909237165876675,
    8.79047149731513,
    8.153135574447806,
    8.174089023992803,
    8.437392978543327
  ],
  "speed_mean": 8.045307832613286,
  "speed_std": 0.8300576252927434,
  "total_reward": [
    2772.7547316725886,
    339.845187013796,
    2759.9518831725927,
    3349.959309890323,
    2731.5979137421823,
    2701.0467914082524,
    3396.0184225140883,
    428.1548301539899,
    3104.399546745836,
    -497.8042865976658,
    2720.2237533075845,
    2430.443319620472,
    2450.162512393247,
    1720.5320314430705,
    4640.361859669632,
    2590.399181402331,
    3043.439411757092,
    3059.2147464744257,
    1216.8942468300945,
    3400.376997022447,
    2839.2840239703964,
    3250.1280979932153,
    2681.005569989566,
    2209.4989263683237,
    1973.686337628806,
    1120.34172143797,
    2851.425764364088,
    1238.9260174422236,
    1391.7196803981228,
    3916.340379122103,
    1835.8158545217157,
    2921.6051069503483,
    3049.5400251280075,
    2660.3636022889305,
    2511.9975096298654,
    -20.70657894530332,
    2991.4759948410156,
    2137.8451275662833,
    2763.0660550123575,
    4261.8259255204675,
    2532.7938963627903,
    2096.467432764054,
    2875.989334865634,
    2515.858179915133,
    2461.581464021051,
    2177.883174702275,
    3377.3414410981622,
    2250.197519940784,
    976.8794679386008,
    2894.1577560738515
  ],
  "total_reward_mean": 2422.0461439709447,
  "total_reward_std": 1005.7290203357162,
  "timesteps": [
    418,
    58,
    345,
    512,
    339,
    352,
    512,
    69,
    512,
    358,
    353,
    299,
    512,
    255,
    512,
    313,
    365,
    387,
    260,
    450,
    512,
    405,
    335,
    403,
    257,
    202,
    363,
    417,
    202,
    512,
    305,
    362,
    377,
    430,
    473,
    373,
    512,
    353,
    441,
    512,
    346,
    342,
    355,
    512,
    359,
    292,
    390,
    297,
    398,
    512
  ],
  "timesteps_mean": 374.6,
  "timesteps_std": 106.47722761229277
}