{
  "collision_rate": [
    1.0,
    1.0,
    1.0,
    1.0,
    1.0,
    1.0,
    1.0,
    1.0,
    1.0,
    1.0,
    1.0,
    1.0,
    1.0,
    1.0,
    1.0,
    1.0,
    1.0,
    1.0,
    1.0,
    1.0,
    1.0,
    1.0,
    1.0,
    1.0,
    1.0,
    1.0,
    1.0,
    1.0,
    1.0,
    1.0,
    1.0,
    1.0,
    1.0,
    1.0,
    1.0,
    1.0,
    1.0,
    1.0,
    1.0,
    1.0,
    1.0,
    1.0,
    1.0,
    1.0,
    1.0,
    1.0,
    1.0,
    1.0,
    1.0,
    0.0
  ],
  "collision_rate_mean": 0.98,
  "collision_rate_std": 0.13999999999999999,
  "similarity": [
    0.9983604444206374,
    0.982005359188901,
    -0.13786705918242978,
    0.587288900813002,
    0.9088556336074812,
    0.9999579724912503,
    0.89641598413034,
    0.9671845358894169,
    0.979477435025405,
    0.9999285584953886,
    0.8844605843522644,
    0.9999339328937762,
    0.9826887798856988,
    0.970275920744704,
    0.750653480736769,
    0.9754315168343075,
    0.9910575573099614,
    0.9508072478537447,
    0.996502387565569,
    0.98570561729371,
    0.9979586674869048,
    0.9353349402186122,
    0.9959454630174166,
    0.9905192294641154,
    0.9844470088729634,
    0.995157942760645,
    0.9970444224666047,
    0.9730779791882944,
    0.9397909575210959,
    0.9997622522584624,
    0.783608147044356,
    0.9567750166141873,
    0.9969412685130778,
    0.9616902674165091,
    0.9768128725968982,
    0.9132999001008941,
    0.9970385078202632,
    0.9762122827634313,
    0.9557728469218173,
    0.9144210907119198,
    0.9748819716531387,
    0.9958563013135634,
    0.998910431357979,
    0.8871866696079506,
    0.7463051464755555,
    0.9748580017772643,
    0.9975861729714052,
    0.8534656768022012,
    0.9056592698733777,
    0.992780151581775
  ],
  "similarity_mean": 0.9247645129504515,
  "similarity_std": 0.17139057287063275,
  "waypoint_distance": [
    1.0983762327276678,
    1.8112937111576912,
    7.63982638447602,
    1.4392704848696012,
    4.617781616461172,
    1.1846170365598823,
    3.591867862687221,
    2.8667750225819426,
    2.3464384751936134,
    0.9737525823733811,
    1.414082530259282,
    0.9373343305008637,
    0.9455752540516589,
    1.1194989740908676,
    6.7139278779484375,
    1.8458313076384145,
    0.9048400905545452,
    2.812180078843871,
    0.6486632162387522,
    0.6885424918518481,
    1.1117947089934028,
    4.716260506439597,
    0.8453404580595512,
    1.1114565888573986,
    0.7574458931351697,
    0.6211852711681893,
    0.776880337323197,
    1.6471550412403568,
    1.264728995962379,
    1.0501441094272026,
    3.1232469379959635,
    2.84756579332668,
    0.6696806618266087,
    2.7935184360284477,
    2.9172423216167735,
    4.085803142480541,
    0.6357053726349609,
    1.6082106845356168,
    2.755272216710724,
    5.268192911056649,
    2.606599990312461,
    1.0644846129184884,
    0.5680457825246159,
    2.834545116764803,
    6.487055791552546,
    1.8961034179241614,
    1.265825117854303,
    1.769642353328692,
    3.3987979089922153,
    1.1411658076579487
  ],
  "waypoint_distance_mean": 2.184791436994328,
  "waypoint_distance_std": 1.6811050515862709,
  "speed": [
    6.583179902260009,
    8.879175474398952,
    8.528351368528627,
    9.80081318954285,
    9.927944823407133,
    1.9909720780409104,
    9.52622974420638,
    7.995250222923209,
    8.640465560794915,
    1.8790930018947831,
    9.09935732460465,
    1.9431018502524195,
    8.951602573406564,
    9.659855774464958,
    10.093751009730003,
    9.023121540375302,
    4.57545258296117,
    8.617214245053907,
    6.164331025431033,
    8.567907370664974,
    0.08074732604095271,
    9.675459125978813,
    7.854662274212835,
    7.743337490502828,
    7.277653253203915,
    5.825822180607846,
    6.055471922991959,
    8.453588363977204,
    9.998232475642322,
    0.7553370076195712,
    8.070447764693371,
    9.30288185774071,
    7.305193721949342,
    9.594500755247001,
    9.227461991281952,
    8.117517078097546,
    7.668312428997753,
    9.704188499941248,
    9.315285348687405,
    9.430725803439108,
    7.810368654471689,
    8.074894363586088,
    5.608840244943611,
    9.929473015440879,
    10.115385660546268,
    8.935530574888203,
    0.02624822654125014,
    8.676435738245154,
    9.350554841880227,
    9.579004305833895
  ],
  "speed_mean": 7.600214659203474,
  "speed_std": 2.715428546649198,
  "total_reward": [
    310.12040735779897,
    2360.553901265721,
    1004.4260994344384,
    2124.0905466474605,
    1848.699086227743,
    -435.5206766463042,
    2014.7874661829862,
    1814.587505962423,
    1816.6090289433114,
    -1000.0,
    2892.7306793588305,
    -437.1952348286408,
    3745.82216369858,
    3808.845373327293,
    1417.255682986253,
    987.0842434815463,
    285.44193558985734,
    2705.9169103846934,
    -156.20537196783107,
    1527.6052391954922,
    -1000.0,
    1901.0792826246259,
    2068.188119098807,
    1985.6246464870896,
    1517.1286719587022,
    285.0471503912703,
    335.26536423984714,
    2820.5798413199514,
    1588.6936937825117,
    -1000.0,
    1009.6252684427395,
    1359.0788412173215,
    1662.7602176409164,
    2552.637851697828,
    2536.8792569056586,
    1481.5338174173014,
    2284.389329987335,
    2792.8792523874477,
    2491.1259423802744,
    1513.0130865202605,
    1737.3132086699832,
    2182.0931938844997,
    -17.95768190366499,
    2329.2245624707825,
    1546.7439111148392,
    1173.498917181524,
    -1000.0,
    2952.67176384399,
    2451.5066021977627,
    4869.309542703027
  ],
  "total_reward_mean": 1540.9117728252857,
  "total_reward_std": 1289.0601827135938,
  "timesteps": [
    201,
    347,
    508,
    339,
    408,
    33,
    387,
    394,
    325,
    33,
    409,
    33,
    430,
    429,
    401,
    232,
    67,
    487,
    139,
    184,
    33,
    452,
    267,
    272,
    215,
    137,
    140,
    423,
    289,
    33,
    241,
    276,
    231,
    408,
    448,
    400,
    365,
    359,
    418,
    422,
    376,
    337,
    88,
    441,
    405,
    262,
    33,
    450,
    455,
    512
  ],
  "timesteps_mean": 299.48,
  "timesteps_std": 146.04933960822964
}