{
  "collision_rate": [
    1.0,
    0.0,
    0.0,
    0.0,
    0.0,
    0.0,
    1.0,
    0.0,
    1.0,
    0.0,
    0.0,
    0.0,
    0.0,
    0.0,
    0.0,
    1.0,
    0.0,
    0.0,
    0.0,
    0.0,
    0.0,
    0.0,
    0.0,
    0.0,
    0.0,
    0.0,
    0.0,
    0.0,
    0.0,
    0.0,
    0.0,
    0.0,
    0.0,
    1.0,
    0.0,
    0.0,
    0.0,
    0.0,
    0.0,
    0.0,
    0.0,
    0.0,
    0.0,
    1.0,
    0.0,
    0.0,
    0.0,
    0.0,
    0.0,
    0.0
  ],
  "collision_rate_mean": 0.12,
  "collision_rate_std": 0.3249615361854384,
  "similarity": [
    0.9940242460688279,
    0.996608938805259,
    0.7249833387421658,
    0.5949016924900297,
    0.9964988851693174,
    0.996203979462878,
    0.9958416071198136,
    0.9931090848386493,
    0.9961475895623323,
    0.9757200754905572,
    0.9971554068217274,
    0.9969592307295921,
    0.9557458753724177,
    0.05208555340031788,
    0.9971094220120323,
    0.9945327462201913,
    0.9967023780901828,
    0.9973234221183366,
    0.9948939430795779,
    0.9842232477150082,
    0.9967115859390382,
    0.9966825279895879,
    0.994983575713827,
    0.9967670037905516,
    0.9941591663890992,
    0.9399821054531977,
    0.996419692496458,
    0.9980191478494016,
    0.9966914471370467,
    0.9979083138094877,
    0.9943206351670091,
    0.9971193344248845,
    0.9975143505453177,
    0.9964007706906575,
    0.9971718878213641,
    0.9906512140646209,
    0.9977916858983011,
    0.997539935833286,
    0.9973223157949777,
    0.990895222848838,
    0.9938888650508229,
    0.9898832447773304,
    0.9955940044784307,
    0.9931493212007471,
    0.9787917903184553,
    0.9977256999754558,
    0.998112876112343,
    0.9978611417498284,
    0.9976279736964979,
    0.9240592751372528
  ],
  "similarity_mean": 0.9592503355092665,
  "similarity_std": 0.14620037477545036,
  "waypoint_distance": [
    6.777675737052265,
    5.52160441101345,
    15.85411255629434,
    13.173932115211631,
    5.5562467154114765,
    0.7746738446459579,
    7.813256868931294,
    4.999071258715361,
    1.533672852152982,
    8.429778544132446,
    3.2286930346486136,
    0.7461919245491464,
    7.260832080501196,
    31.911133109339392,
    4.753405277220776,
    1.2493007127596782,
    6.413501470307659,
    0.6484147805659929,
    1.6678382696193712,
    2.8917038510972004,
    8.332384277912174,
    7.51296410929712,
    7.301510913613132,
    8.160920091686902,
    0.9704109136830928,
    6.206401793139692,
    2.4671209192243486,
    0.6543104382960104,
    3.2371874785484005,
    4.889801662168752,
    1.8449201165206448,
    5.74121094080425,
    5.262738410135204,
    6.796777422092647,
    6.237358332853405,
    2.867530198629301,
    3.5303482931270755,
    6.419709790647823,
    6.826184828792324,
    1.4220740552049589,
    7.631884184341515,
    2.8599302775166167,
    1.4180443339598332,
    1.9133645834876112,
    2.378961985874021,
    0.6299419475083876,
    0.6465095476922759,
    4.604791349686527,
    4.69865017410307,
    6.696392106869836
  ],
  "waypoint_distance_mean": 5.2273074978317435,
  "waypoint_distance_std": 4.974768352868248,
  "speed": [
    9.67940232620956,
    9.794973818777486,
    9.091346602970678,
    11.068081276402376,
    9.903854473097711,
    9.505610994529778,
    10.088424869439033,
    10.484104956235148,
    10.043307549570429,
    9.459400889244074,
    8.821699015604457,
    9.35976046970689,
    10.694555354980597,
    9.321938752351123,
    11.165163599193194,
    9.498047895779381,
    11.506304770143284,
    9.326924636609832,
    10.43964399652734,
    10.766717765991276,
    11.911962012729841,
    11.602182916222079,
    9.971091141439706,
    10.768936580288006,
    10.266095927452847,
    9.992288617727052,
    9.20776885232205,
    9.202753430870278,
    8.797738271776874,
    9.986944096578117,
    9.40940883730618,
    10.60180090771121,
    9.641533533523464,
    8.94414538451912,
    9.7169571601338,
    10.395299532206867,
    8.86308069184065,
    9.998588723466723,
    9.993389476783785,
    9.971694128947954,
    9.821523707839301,
    11.24450825143523,
    8.774051624032106,
    10.018666100653341,
    9.593857440621044,
    8.72394683424021,
    9.092741088744223,
    9.77948071877745,
    9.873306508648692,
    10.343195004626436
  ],
  "speed_mean": 9.930564030336564,
  "speed_std": 0.7677839790675219,
  "total_reward": [
    793.1036682247521,
    915.1049089976559,
    143.92039730843732,
    1449.118633735613,
    917.3011816142387,
    4836.615447893833,
    747.8131647326803,
    952.1148133827796,
    3683.461954827716,
    780.726694054299,
    1629.9597341327985,
    4775.74414135841,
    825.5891934332146,
    3.1020339843217464,
    1211.719476473789,
    2381.5822750794327,
    945.7258756198682,
    4760.915692528283,
    4203.88994155625,
    3367.544756344765,
    840.5839773582155,
    814.5612119345684,
    821.4512533593415,
    799.7946105803288,
    5041.003838652626,
    1089.244729584881,
    2711.272802937255,
    4701.293965802277,
    1635.9536466808677,
    955.1393909326016,
    3818.321702195851,
    890.8543032043729,
    921.9639635585927,
    755.9893781000691,
    943.2777665772135,
    3004.1981613516514,
    1387.3420883012893,
    911.0382509619731,
    841.1560163192721,
    4314.083191531548,
    793.47544069642,
    3388.882109596011,
    3981.791788717922,
    3746.4717515837697,
    3199.3916699798874,
    4455.39893675203,
    4645.455690259608,
    1114.9003866835603,
    1095.564417529208,
    1067.3692277363086
  ],
  "total_reward_mean": 2080.2455930948536,
  "total_reward_std": 1557.6627922418236,
  "timesteps": [
    453,
    512,
    512,
    512,
    512,
    512,
    459,
    512,
    414,
    512,
    512,
    512,
    512,
    512,
    512,
    273,
    512,
    512,
    512,
    512,
    512,
    512,
    512,
    512,
    512,
    512,
    512,
    512,
    512,
    512,
    512,
    512,
    512,
    474,
    512,
    512,
    512,
    512,
    512,
    512,
    512,
    512,
    512,
    488,
    512,
    512,
    512,
    512,
    512,
    512
  ],
  "timesteps_mean": 501.78,
  "timesteps_std": 37.36645019265276
}