{
  "collision_rate": [
    1.0,
    1.0,
    1.0,
    0.0,
    0.0,
    0.0,
    0.0,
    1.0,
    1.0,
    1.0,
    1.0,
    1.0,
    0.0,
    1.0,
    0.0,
    0.0,
    1.0,
    1.0,
    1.0,
    1.0,
    1.0,
    1.0,
    0.0,
    0.0,
    0.0,
    0.0,
    0.0,
    1.0,
    1.0,
    1.0,
    0.0,
    0.0,
    1.0,
    0.0,
    1.0,
    1.0,
    0.0,
    0.0,
    0.0,
    0.0,
    1.0,
    1.0,
    1.0,
    1.0,
    0.0,
    0.0,
    1.0,
    1.0,
    1.0,
    1.0
  ],
  "collision_rate_mean": 0.58,
  "collision_rate_std": 0.4935585071701226,
  "similarity": [
    0.9984540555463781,
    0.9924886776771331,
    0.9924217491438451,
    0.9933364576098686,
    0.9434495175466094,
    0.9974900215364205,
    0.9983629636990393,
    0.9937274356797497,
    0.9986856570696205,
    0.030478988025515692,
    0.9976515747938697,
    0.996134713425981,
    0.7362964293706807,
    0.9596723977274123,
    0.9523057413148036,
    0.9979396419097502,
    0.9966689761943783,
    0.9978606110238729,
    0.9311614843935293,
    0.9333992364096387,
    0.8976538261550074,
    0.9847312146042081,
    0.9972499534809749,
    0.7152905556402519,
    0.7892233630873612,
    0.9966186697290753,
    0.9971364798251956,
    0.8899696951208689,
    0.9465624178369838,
    0.984957396292615,
    0.9979087314965723,
    0.8065602127646739,
    0.9735959834991638,
    0.7912719356324995,
    0.8213006396943286,
    -0.34311006103527236,
    0.9944406764026872,
    0.682371088214795,
    0.892105165000542,
    0.9961565207759827,
    0.9982346211360693,
    0.9984094433132201,
    0.996277012624405,
    0.7344927051982899,
    0.9956476943526134,
    0.8668226957579317,
    0.9967185332222349,
    0.9909204889269685,
    0.7009618547762072,
    0.9884530750866437
  ],
  "similarity_mean": 0.8903383783742239,
  "similarity_std": 0.23597548843085567,
  "waypoint_distance": [
    0.492392970190359,
    0.6286664850070574,
    1.474813200151431,
    1.57109912527071,
    1.0188555984499734,
    0.7993812006402382,
    0.7608205955580186,
    0.6352649171586017,
    0.6955966155411168,
    17.022184035635746,
    0.7092027699908261,
    0.8677311739249488,
    6.317979294834386,
    0.8872325924369476,
    2.292513340373702,
    0.8414823501602023,
    0.8256938411166691,
    0.7958099280220423,
    2.4081007439806,
    1.1149198013481285,
    1.963407439523981,
    1.3812511187693997,
    0.7975077533000496,
    6.67743700938759,
    4.156301203810396,
    1.5009272689448723,
    0.8510795297748538,
    3.6999394387199973,
    1.167442930812339,
    2.7873690206872994,
    0.7687216674711259,
    3.612622590486871,
    0.9699210415423278,
    5.647286898861813,
    2.447066161580313,
    18.465901188899437,
    1.7780044344335024,
    7.763509198405148,
    2.3724583545116333,
    0.7788271392670836,
    0.6759244136316552,
    0.6301085017205079,
    0.8977343859119274,
    3.6938382452294367,
    1.8396291080218803,
    2.6121606395762664,
    0.7128703434667244,
    1.1291036606607274,
    3.190802540301717,
    1.4399540900588326
  ],
  "waypoint_distance_mean": 2.571376957951228,
  "waypoint_distance_std": 3.523044713918265,
  "speed": [
    7.2922377623944925,
    6.498151463834992,
    9.619035627891398,
    9.291039215599353,
    9.190282914413228,
    11.007761435900075,
    9.070968306753421,
    6.878634999580854,
    9.66109877739537,
    8.08428085093234,
    7.5110705511426135,
    8.120031584320575,
    9.990703710369434,
    7.042556666500939,
    10.459630087120678,
    8.26910111252256,
    8.107705512045367,
    10.351142694301421,
    7.460190500169901,
    10.22584612458378,
    9.627731862424504,
    7.360252454997264,
    9.543555330358238,
    10.344155816575725,
    9.988522578743373,
    9.319131475067678,
    9.535690403832408,
    8.11673658302339,
    7.222434127202928,
    9.172478324110376,
    10.915402479927353,
    11.03734804031917,
    9.515475753310472,
    11.175242640705601,
    9.878076094089534,
    7.944793023463592,
    9.452542066869945,
    10.691785915087458,
    10.910770685344758,
    9.557434919150792,
    9.052163115488785,
    7.947110604490613,
    9.12607262978772,
    9.04768403207268,
    10.380846649078427,
    9.973191398377192,
    9.718936872621397,
    7.742717262240588,
    9.853119826304354,
    7.7548256849808626
  ],
  "speed_mean": 9.120753970956399,
  "speed_std": 1.2356150059128204,
  "total_reward": [
    2815.8308470203183,
    450.88099699450515,
    3912.4075546584945,
    3811.7172856351826,
    4239.716678847093,
    5621.341394864542,
    4637.21809001946,
    574.5176303877065,
    4130.25476354372,
    -498.616558452742,
    1867.479617734161,
    2244.5082162140343,
    2390.8168304037954,
    1648.5807685284951,
    3715.677734977119,
    2618.3721661656214,
    2129.340025052291,
    3898.8249145594164,
    936.4413078463028,
    3366.688678920446,
    2636.6032537896604,
    1661.634801188192,
    4871.167586548025,
    2574.2191642385696,
    3051.8557301817245,
    4136.555786665608,
    4868.365741878573,
    1238.8520523436919,
    1334.2494092177706,
    2630.75184678187,
    5571.00991246798,
    3701.3660148109207,
    4528.480277662696,
    3006.556577691805,
    2849.009531895781,
    -22.14214077573107,
    3636.588752777357,
    2315.8707566873945,
    4317.839322919098,
    4873.435972435035,
    4543.475015576725,
    3428.6719297024433,
    3608.362797634313,
    2520.6222669570384,
    3921.226658397322,
    3620.1509260600924,
    3774.3788181855152,
    1823.8881925409678,
    1113.5236017636157,
    2198.123888418785
  ],
  "total_reward_mean": 2976.9338678112563,
  "total_reward_std": 1420.2498141186732,
  "timesteps": [
    390,
    73,
    505,
    512,
    512,
    512,
    512,
    87,
    481,
    329,
    252,
    280,
    512,
    259,
    512,
    318,
    266,
    380,
    237,
    376,
    400,
    255,
    512,
    512,
    512,
    512,
    512,
    326,
    217,
    505,
    512,
    512,
    509,
    512,
    427,
    324,
    512,
    512,
    512,
    512,
    505,
    435,
    409,
    471,
    512,
    512,
    392,
    244,
    355,
    336
  ],
  "timesteps_mean": 411.66,
  "timesteps_std": 119.78407406663041
}