{
  "collision_rate": [
    1.0,
    0.0,
    1.0,
    0.0,
    0.0,
    0.0,
    0.0,
    0.0,
    0.0,
    0.0,
    0.0,
    0.0,
    0.0,
    0.0,
    0.0,
    0.0,
    0.0,
    0.0,
    0.0,
    0.0,
    0.0,
    0.0,
    0.0,
    0.0,
    0.0,
    0.0,
    0.0,
    0.0,
    0.0,
    0.0,
    0.0,
    0.0,
    0.0,
    0.0,
    0.0,
    0.0,
    0.0,
    0.0,
    1.0,
    0.0,
    1.0,
    0.0,
    0.0,
    1.0,
    1.0,
    0.0,
    0.0,
    0.0,
    0.0,
    0.0
  ],
  "collision_rate_mean": 0.12,
  "collision_rate_std": 0.3249615361854384,
  "similarity": [
    0.7564795653424745,
    0.9215250306787126,
    0.9301602950481391,
    0.823616862995561,
    0.9971805465525749,
    0.9982102111050085,
    0.9586707882597608,
    0.8924200143769828,
    0.7235505421238486,
    0.9904681221357331,
    0.9959216797114563,
    0.9978144457724973,
    0.9983659735296664,
    0.6713898665916043,
    0.9966508856452642,
    0.8313018082726927,
    0.9950004552383042,
    0.9975985943757929,
    0.8001021843285173,
    0.9968722819158253,
    0.9842278564966854,
    0.9899571298618414,
    0.9954544210876015,
    0.9914109082183536,
    0.995231212510104,
    0.9970684809122464,
    0.9609192585045039,
    0.9961343168679042,
    0.7253409442189147,
    0.9979074155147918,
    0.9975295450419708,
    0.9968067081681345,
    0.9978927210391185,
    0.9977500425987219,
    0.9972640077190836,
    0.9970517187669485,
    0.8218030169899317,
    0.9820459197759454,
    0.9730376673759675,
    0.4970497046067591,
    0.9319899372307998,
    0.997055422062269,
    0.9960051916917776,
    0.905045122509132,
    0.9905937775537261,
    0.9970849409708508,
    0.9977385705999463,
    0.9430997184321023,
    0.9895372643374977,
    0.9369859672961179
  ],
  "similarity_mean": 0.9370063812592033,
  "similarity_std": 0.1052308257265662,
  "waypoint_distance": [
    7.822536594447223,
    1.8403309072036567,
    2.298343429047401,
    5.7650407407023545,
    1.2029419202464713,
    0.6886502611624852,
    1.1522937651591336,
    5.1528587374834975,
    9.7469145402289,
    4.187469759420538,
    3.284726031595315,
    2.476845557916832,
    3.6358144626589595,
    13.28861267219527,
    1.910578597766569,
    7.839286108810339,
    0.9886220587919141,
    0.6976294102233487,
    4.064139027603352,
    1.1462355503741695,
    3.704335656928763,
    2.8687438340518656,
    3.0168792102716893,
    2.583145234393576,
    0.8221688568660853,
    0.8329756861661816,
    7.669461404404615,
    1.33475086107712,
    6.556662801632121,
    0.6623290162964613,
    0.7532117787372081,
    0.7876458341667034,
    0.7832037669919123,
    0.7265654453036442,
    3.9298090966797288,
    0.7769536748329876,
    3.4905104915714533,
    2.712810766522104,
    0.9294068936661439,
    3.761215170747205,
    2.610098907474142,
    3.6508743428438257,
    1.0110250600224167,
    8.906803889423921,
    1.7208728222192675,
    2.492950903836426,
    0.7991938603205548,
    4.034505478202765,
    0.9689559414689051,
    0.966079226622908
  ],
  "waypoint_distance_mean": 3.101080320935608,
  "waypoint_distance_std": 2.75770200724735,
  "speed": [
    9.130747650801872,
    10.18792937250809,
    8.386698437469349,
    10.172344498548801,
    9.6393013979823,
    8.728186391846581,
    9.2461664931455,
    10.137897600194535,
    9.521327616696459,
    8.390032747143444,
    9.62430302831504,
    9.985709561013884,
    9.744397825516522,
    10.158269067760168,
    9.898277776561477,
    9.91160552413705,
    10.052809715828227,
    9.178756265071302,
    9.1217679055791,
    9.472115702397991,
    8.918669320743115,
    9.371742135880664,
    9.19697689271964,
    9.561779654535673,
    9.480145222576216,
    9.489517109890345,
    9.41388444020392,
    9.58253884276894,
    10.305446032952876,
    8.67877304333879,
    9.450744845810547,
    10.096470925203507,
    9.16988007431301,
    9.294677191498508,
    9.99986375135769,
    8.98125970274872,
    9.311278611324534,
    10.05029001310257,
    9.520210474370474,
    9.87557078436283,
    8.39460351755401,
    9.740906675111058,
    10.1261229628671,
    8.811876718072815,
    9.190607113819844,
    9.17394324719759,
    8.569732186283899,
    10.514724898959482,
    9.236335838965786,
    9.390107283311576
  ],
  "speed_mean": 9.471746481807267,
  "speed_std": 0.5258418528567337,
  "total_reward": [
    615.0568762329166,
    4155.726405584649,
    1636.7590870946437,
    2038.3315903615937,
    4921.067931711307,
    4460.753503244963,
    4218.626947273117,
    1137.6282056555217,
    1383.0713259539211,
    918.7273452656538,
    1982.224313925357,
    2843.4540953101136,
    1511.3222602706596,
    554.9912636685407,
    3754.0541324014666,
    792.31700238718,
    4981.31737056988,
    4687.645649270065,
    2817.747004539912,
    4565.796123247202,
    1231.2412328361097,
    2276.2848470313215,
    2368.0452223707475,
    2644.6926430540766,
    4828.043456797184,
    4842.795796501871,
    592.4281018237184,
    4846.0295729901645,
    2488.7423742568653,
    4433.840404571419,
    4825.989458486935,
    5151.899522174954,
    4684.868039519882,
    4747.430602862411,
    1289.5657345016568,
    4573.1053215561815,
    2987.173116372488,
    2850.729998619888,
    4318.7175029408,
    2813.896060722842,
    1453.2755185522167,
    1580.3601884805573,
    4961.626139099219,
    488.23192444504,
    3016.992333154561,
    3000.6723462069212,
    4377.096662900627,
    1934.6784516158075,
    4556.5008521004065,
    4289.687950056655
  ],
  "total_reward_mean": 3048.625196211444,
  "total_reward_std": 1526.7037784274771,
  "timesteps": [
    428,
    512,
    317,
    512,
    512,
    512,
    512,
    512,
    512,
    512,
    512,
    512,
    512,
    512,
    512,
    512,
    512,
    512,
    512,
    512,
    512,
    512,
    512,
    512,
    512,
    512,
    512,
    512,
    512,
    512,
    512,
    512,
    512,
    512,
    512,
    512,
    512,
    512,
    489,
    512,
    317,
    512,
    512,
    486,
    435,
    512,
    512,
    512,
    512,
    512
  ],
  "timesteps_mean": 500.0,
  "timesteps_std": 40.75291400624009
}