{"collision_rate": 0.08, "similarity": 0.9161831097162524, "waypoint_distance": 3.770850907190277, "speed": 8.770568431866096, "total_reward": 2595.7410863114287, "timesteps": 486.38}