{"collision_rate": 0.39, "similarity": 0.8998775037439001, "waypoint_distance": 3.170556950615002, "speed": 8.288231475299702, "total_reward": 1841.5570208120291, "timesteps": 412.04}