{"collision_rate": 0.27, "similarity": 0.9291579307247239, "waypoint_distance": 3.33031799033565, "speed": 8.45251050002192, "total_reward": 2272.6601487609105, "timesteps": 440.64}