{
  "collision_rate": [
    0.0,
    1.0,
    1.0,
    0.0,
    1.0,
    1.0,
    1.0,
    0.0,
    0.0,
    1.0,
    1.0,
    1.0,
    1.0,
    1.0,
    1.0,
    1.0,
    1.0,
    1.0,
    1.0,
    1.0,
    1.0,
    0.0,
    1.0,
    1.0,
    1.0,
    1.0,
    1.0,
    1.0,
    1.0,
    1.0,
    1.0,
    1.0,
    1.0,
    1.0,
    0.0,
    1.0,
    1.0,
    0.0,
    1.0,
    1.0,
    1.0,
    1.0,
    0.0,
    1.0,
    1.0,
    1.0,
    0.0,
    1.0,
    0.0,
    1.0
  ],
  "collision_rate_mean": 0.8,
  "collision_rate_std": 0.4,
  "similarity": [
    0.9904742504641434,
    0.9956643865132969,
    0.8123847276110908,
    -0.26551382373072646,
    0.9961718161376131,
    0.9999768260726178,
    0.9177642195279503,
    0.994183430756677,
    0.9830533805198693,
    0.9925666334306574,
    0.9896702252540851,
    0.9997943513763637,
    0.9950949580258727,
    0.9089382947417889,
    0.8793307218126352,
    0.9982206839279966,
    0.9943847335579602,
    0.994972958757053,
    0.9940306104412614,
    0.9781653022938178,
    0.8906749953229598,
    0.9536065138252003,
    0.9958723113016807,
    0.9959761068760968,
    0.8716569865625942,
    0.999738559420121,
    0.9998887063691331,
    0.9963954681395389,
    0.9300338963774349,
    0.947305217576988,
    0.9999554023327808,
    0.9851935980300779,
    0.995636257443787,
    0.9922307733047676,
    0.9943639454243788,
    0.9954492505469721,
    0.9964446273049248,
    0.9917317405874435,
    0.9966555189588175,
    0.9962916661573412,
    0.9851928589385901,
    0.9968506339781628,
    0.9930673891038156,
    0.9975774299658964,
    0.8842801796378982,
    0.9969638814935,
    0.9325355482242179,
    0.9008686909362884,
    0.8705990675465022,
    0.9940179535525066
  ],
  "similarity_mean": 0.9445276772546488,
  "similarity_std": 0.1787332818695708,
  "waypoint_distance": [
    1.3423215699585613,
    0.6552420930707693,
    1.777369892172318,
    11.240051353492781,
    1.010068937474724,
    1.2271297966746877,
    1.329219430895243,
    1.0212566921536494,
    1.8997519596973855,
    1.3242233542286261,
    1.3038593355967956,
    1.0071269649447498,
    0.7243345216566267,
    0.9947843356845634,
    2.109396379734853,
    0.5962273518292402,
    1.2148194108533306,
    1.6740828645614212,
    1.960381529868613,
    0.7195587443361885,
    1.8437133247626822,
    1.1075318882615874,
    0.8216242133560849,
    0.6762003750246086,
    2.0250048948781374,
    0.8487119108437331,
    1.0038608932634652,
    0.7747060348002339,
    1.543891132130702,
    1.2621735806985166,
    1.574114820437128,
    1.4534403933991875,
    0.7983055614538898,
    1.0465650859236963,
    1.685032129827334,
    0.8233462094298982,
    0.7569592970566266,
    1.1375944800568116,
    0.7169707145991212,
    0.873311880624566,
    1.4262703865794342,
    0.6976768809912841,
    1.35196766198269,
    0.7270000683809833,
    2.0824752107897337,
    0.7595331566055991,
    1.1364118292928456,
    1.2592370224687015,
    4.095764532024247,
    1.2905374219493924
  ],
  "waypoint_distance_mean": 1.454622790215561,
  "waypoint_distance_std": 1.5136744139724485,
  "speed": [
    9.548772011470815,
    8.744407386108355,
    9.524329341819097,
    9.937899220732735,
    9.450604062426981,
    0.7691814178007168,
    9.621227977652097,
    9.742179203360276,
    9.758706308535656,
    9.787525017373904,
    9.00311911684249,
    0.17714039599150674,
    9.104986589531787,
    1.5131307395012341,
    9.455902971910442,
    8.567724605008717,
    9.200179897429475,
    9.852792205041347,
    9.859690422559396,
    7.857595634587922,
    0.8170002441977818,
    9.854322185613995,
    9.622394412221036,
    8.864333694010666,
    8.840973506766755,
    0.5647739111305818,
    0.3489518172932567,
    9.308272786042409,
    9.00851190366676,
    9.565851850540101,
    0.7886125007454866,
    0.7079277450781178,
    9.678775367545791,
    9.333896287508049,
    9.917267083692062,
    9.5250567750591,
    9.155935586080462,
    9.891812416436634,
    9.02550304816012,
    9.761222382647603,
    0.8700855463071393,
    8.996830420326573,
    9.9238291911621,
    8.60384331009543,
    9.453780511841673,
    8.801321680880704,
    9.943700789953972,
    9.590448150428188,
    9.894787874088982,
    9.695345209204005
  ],
  "speed_mean": 7.83664925428821,
  "speed_std": 3.360736623189075,
  "total_reward": [
    4472.00172196326,
    2299.9230549069434,
    2550.498192092841,
    1059.8161555295296,
    3385.0868462151925,
    -475.5594806468071,
    3326.983997463655,
    4951.636295330579,
    3832.9634308511318,
    4397.522185123227,
    2364.5971562713426,
    -30510.0,
    2984.197134668074,
    -1456.2977684458283,
    2545.385464913982,
    1547.5644642476932,
    2951.138184949649,
    3412.503520210771,
    3139.043653752116,
    1483.7600584041165,
    -2478.1864630969058,
    4740.768363978544,
    3444.592120900311,
    2070.1026969083728,
    1615.8019094445249,
    -3481.61022100987,
    -1489.03373472221,
    2676.4737896752567,
    1958.2850586716295,
    3031.3184650377593,
    -994.8093346489369,
    -477.527748068348,
    3751.9585236463267,
    3095.8576128993564,
    4552.582260135704,
    3538.6390287430727,
    2261.270528705863,
    4698.150260844782,
    2185.9718458314123,
    4208.048241613727,
    -472.5209497332131,
    2196.2193671756922,
    4985.930090668915,
    2148.7723370165363,
    2549.7000019658553,
    1776.9020259724598,
    4664.839289825183,
    3054.870499612787,
    2672.475660114783,
    4018.3062901588996
  ],
  "total_reward_mean": 1695.338241721395,
  "total_reward_std": 4995.073954210921,
  "timesteps": [
    512,
    267,
    398,
    512,
    368,
    33,
    416,
    512,
    512,
    489,
    293,
    33,
    332,
    33,
    377,
    241,
    346,
    437,
    481,
    198,
    33,
    512,
    362,
    237,
    268,
    33,
    33,
    344,
    283,
    375,
    33,
    33,
    392,
    347,
    512,
    376,
    304,
    512,
    300,
    435,
    33,
    302,
    512,
    253,
    376,
    261,
    512,
    393,
    512,
    474
  ],
  "timesteps_mean": 322.84,
  "timesteps_std": 161.4804458750347
}