{
  "collision_rate": [
    1.0,
    0.0,
    1.0,
    0.0,
    0.0,
    0.0,
    0.0,
    0.0,
    0.0,
    0.0,
    0.0,
    0.0,
    0.0,
    0.0,
    0.0,
    0.0,
    0.0,
    0.0,
    0.0,
    0.0,
    0.0,
    0.0,
    0.0,
    0.0,
    0.0,
    0.0,
    1.0,
    0.0,
    0.0,
    0.0,
    0.0,
    0.0,
    0.0,
    0.0,
    0.0,
    0.0,
    0.0,
    0.0,
    1.0,
    0.0,
    1.0,
    0.0,
    0.0,
    0.0,
    0.0,
    0.0,
    0.0,
    0.0,
    0.0,
    0.0
  ],
  "collision_rate_mean": 0.1,
  "collision_rate_std": 0.3,
  "similarity": [
    0.7279820732295881,
    0.9644477690257706,
    0.9407436090304114,
    0.7790258831483691,
    0.9962397826101069,
    0.9961543945718117,
    0.9750217196472744,
    0.8879608562559731,
    0.7489514547118473,
    0.9831741195881503,
    0.9957686995948064,
    0.9956900079892143,
    0.9955906453604226,
    0.5741390020529149,
    0.9943442880033259,
    0.7890164014249642,
    0.9955941425428401,
    0.9958145407236256,
    0.6887263308403065,
    0.9958081269576764,
    0.9832284273355605,
    0.9831749173411253,
    0.9955232761050787,
    0.9775014111359537,
    0.9800015318481496,
    0.9958650491112597,
    0.9799903792823061,
    0.9955279951802061,
    0.7889246997346505,
    0.9965220150309809,
    0.9958663338616535,
    0.9954902027251812,
    0.9956195312783819,
    0.996020075823378,
    0.9957283708350028,
    0.9954080901052103,
    0.8648489454766084,
    0.9959543989270458,
    0.9510920320769827,
    0.521225667482602,
    0.9410609552670415,
    0.9881277875706894,
    0.9948863377669578,
    0.8433034794583681,
    0.9957198647940273,
    0.99580096399802,
    0.9964953710704945,
    0.9745392426560189,
    0.9750182090028837,
    0.9187877210143831
  ],
  "similarity_mean": 0.9325489426121121,
  "similarity_std": 0.11244111635788892,
  "waypoint_distance": [
    9.18018652358529,
    2.5391865440723187,
    2.270472779444956,
    4.539656959783453,
    1.10688065842258,
    0.7596273583368189,
    1.0974876203637853,
    4.363881981457124,
    10.635521572687926,
    2.4158240753899123,
    2.5524590810088417,
    2.694950335548231,
    3.2833927980750777,
    12.626652869667325,
    1.311666343951574,
    6.536265435905137,
    0.8040406978354047,
    0.8009381383282029,
    4.490323671527633,
    1.1948033551443948,
    2.389905089729375,
    2.916709046301945,
    3.3326896278375795,
    2.5536030865108144,
    1.113494911933968,
    0.8421869490828389,
    6.458800125123022,
    1.3476613451551054,
    6.34137097742349,
    0.8115192083218112,
    0.8404621742130669,
    0.8203676273957872,
    0.8614817324879244,
    0.8154364161951262,
    2.48426452354519,
    0.9033657617828117,
    4.038209457867738,
    2.3036116763389654,
    1.2910277896972222,
    2.9083668236732945,
    2.4758385724316776,
    3.0090054506271877,
    0.8640819946763717,
    9.903594027395123,
    0.808847479068948,
    2.6311939160817643,
    0.7928742769706564,
    4.170147637891335,
    1.5355471121977582,
    1.3820930793496538
  ],
  "waypoint_distance_mean": 2.963039533956871,
  "waypoint_distance_std": 2.7327960262561466,
  "speed": [
    8.512142505923885,
    9.795593036343162,
    8.89840376982889,
    9.180359995461336,
    9.211681230283883,
    8.635095303617362,
    9.2377881910541,
    9.267045731192193,
    9.295760601105064,
    8.533306577053724,
    9.67979673686212,
    9.195825354078695,
    9.320312757455083,
    9.256738410587968,
    9.27106093786764,
    9.243278857870134,
    9.28071232393422,
    9.295931212164083,
    9.223368198130528,
    9.249147948815432,
    8.526266019403076,
    9.332163862967336,
    9.304994397364876,
    9.018595292238627,
    9.183562151679642,
    9.255074768602311,
    8.769704571473596,
    9.601564547402347,
    9.603398192633316,
    8.599353255438201,
    9.210763307630806,
    9.688291238481204,
    9.330010842721132,
    9.041519162773607,
    9.601337292240968,
    9.326182687431531,
    9.311693226279763,
    9.209657816614037,
    9.274738126772679,
    9.280917935357271,
    8.985822383999848,
    9.25280617702993,
    9.285070255538951,
    9.076642016006405,
    9.298496618319758,
    9.292406316599504,
    8.768967794043974,
    9.838443794057573,
    9.275664684762809,
    9.311743466166472
  ],
  "speed_mean": 9.20878403763322,
  "speed_std": 0.3013128666461491,
  "total_reward": [
    661.3810550485262,
    3109.3288884394815,
    1766.1255889858426,
    2859.1425358217894,
    4686.815380477459,
    4403.086540456955,
    4413.920489407058,
    1724.6608721010734,
    1168.5564336376697,
    2937.671551106565,
    3184.451056259566,
    2475.797053876029,
    1947.4546777388823,
    625.3745219079166,
    4093.0099748004,
    1257.7268074498961,
    4725.529635168628,
    4738.146723361964,
    2786.322447326944,
    4681.226909804462,
    2968.351279111675,
    2919.118778908163,
    1886.8424565416917,
    3139.2411745150143,
    4423.446664953919,
    4717.395646143697,
    528.5533783585305,
    4602.422004850184,
    2348.8344990680703,
    4385.7991249941715,
    4694.716115962857,
    4936.814715171683,
    4754.594285317784,
    4609.666508686185,
    3254.5041631019517,
    4627.226208423034,
    2797.9587504833016,
    3230.8631580290926,
    4029.995111527369,
    2900.0673785388217,
    1650.295548012129,
    2297.164550558023,
    4683.658394558493,
    553.5357944820759,
    4738.952959149031,
    3074.7325004327113,
    4472.314036701888,
    1245.1627474598233,
    3876.5976427017986,
    4189.731335693079
  ],
  "total_reward_mean": 3215.685721112267,
  "total_reward_std": 1354.106864580364,
  "timesteps": [
    458,
    512,
    309,
    512,
    512,
    512,
    512,
    512,
    512,
    512,
    512,
    512,
    512,
    512,
    512,
    512,
    512,
    512,
    512,
    512,
    512,
    512,
    512,
    512,
    512,
    512,
    420,
    512,
    512,
    512,
    512,
    512,
    512,
    512,
    512,
    512,
    512,
    512,
    490,
    512,
    302,
    512,
    512,
    512,
    512,
    512,
    512,
    512,
    512,
    512
  ],
  "timesteps_mean": 500.38,
  "timesteps_std": 42.5257051675807
}