{
  "collision_rate": [
    0.0,
    1.0,
    1.0,
    0.0,
    1.0,
    1.0,
    1.0,
    0.0,
    1.0,
    1.0,
    1.0,
    0.0,
    1.0,
    1.0,
    0.0,
    0.0,
    0.0,
    1.0,
    0.0,
    0.0,
    0.0,
    0.0,
    1.0,
    0.0,
    0.0,
    0.0,
    1.0,
    1.0,
    0.0,
    0.0,
    1.0,
    0.0,
    0.0,
    1.0,
    0.0,
    0.0,
    0.0,
    1.0,
    1.0,
    1.0,
    0.0,
    1.0,
    0.0,
    0.0,
    0.0,
    0.0,
    1.0,
    1.0,
    1.0,
    0.0
  ],
  "collision_rate_mean": 0.46,
  "collision_rate_std": 0.49839743177508455,
  "similarity": [
    0.9781506250343053,
    0.9843740931152564,
    0.9692662366271497,
    0.9471728261025805,
    0.9993483345711827,
    0.9825327279988382,
    0.9796280708630242,
    0.9484268741523851,
    0.997588793135173,
    0.9920430754897391,
    0.9969505421538019,
    0.8281495718194581,
    0.82074737976885,
    0.995574924075474,
    0.9719821106546345,
    0.9820135087162323,
    0.9859069220945417,
    0.9986355657893129,
    0.907909160166812,
    0.9807605059372546,
    0.9805720887126782,
    0.9702764413756392,
    0.9026845026624255,
    0.9822357142512591,
    0.9806999893242001,
    0.9802278471993999,
    0.10268085245009802,
    0.9968230501599004,
    0.9714916913131433,
    0.9387160037617758,
    0.9865690214635723,
    0.8796738554457245,
    0.9797173679839917,
    0.9878921560716939,
    0.7856873593146932,
    0.9807000791067707,
    0.9808333064045448,
    0.9994131405750762,
    0.9919085036842892,
    0.9985485718602485,
    0.9902331470266001,
    0.9999916947752878,
    0.989376804782144,
    0.9805739505027862,
    0.9740941795309257,
    0.8324265467667337,
    0.9825370041905921,
    0.9912969413575221,
    0.9974948426506243,
    0.9731402299987576
  ],
  "similarity_mean": 0.946713574659382,
  "similarity_std": 0.1305187995663768,
  "waypoint_distance": [
    1.748044836385056,
    1.3996477688895872,
    3.159052465847202,
    1.7332599674044784,
    3.344819546838279,
    4.6413108489355555,
    1.6757766820735052,
    4.756873029971611,
    0.5642896265582011,
    0.9556546731627362,
    4.012670298951847,
    8.907898595024452,
    7.371092391718198,
    0.2497051292776357,
    1.7390983676680751,
    1.5419671624398767,
    1.379803903635251,
    3.2061505275531346,
    3.8788293476527627,
    1.5814623516135924,
    4.441649557368878,
    1.9444851258439761,
    3.6245755089286,
    2.770054827710245,
    2.6634674101577756,
    1.6292671425073189,
    23.73005763551559,
    0.7451889461178801,
    2.5971237375684972,
    1.7505827498320212,
    1.7334708867866269,
    5.400718633155477,
    1.6320858958523081,
    2.9638059951530087,
    5.741059773474838,
    1.5747800750743457,
    1.580691602804554,
    0.49210888850144135,
    4.216848776418047,
    3.251962429971916,
    4.256503510701122,
    1.1164481597281815,
    2.8705439493049996,
    1.5836606050863833,
    2.5820110986439526,
    3.0654561706230545,
    7.09679907193111,
    3.889974157122427,
    0.6937491300673256,
    2.5878234070228086
  ],
  "waypoint_distance_mean": 3.2414872476115146,
  "waypoint_distance_std": 3.445492598591242,
  "speed": [
    7.740900315369779,
    8.382811355203481,
    8.436209983736145,
    8.405728037408455,
    7.511633030849227,
    8.27451197933225,
    8.277368035733401,
    8.410042730668458,
    8.133109198691844,
    8.193421377153781,
    8.413308580519498,
    8.445477957943922,
    18.341624456197792,
    2.4352981232816147,
    8.398321903043252,
    8.413405661816086,
    8.419778792451476,
    8.013425042308535,
    8.441552424919202,
    8.408227460444209,
    8.412961268907255,
    8.267438375080205,
    11.416327788300581,
    8.383633208710929,
    8.425147072391757,
    8.395960270154726,
    8.375544501313955,
    7.488134547176951,
    8.380510188587964,
    8.406075175186213,
    0.022457080045617472,
    8.477044896009373,
    8.36586647695762,
    8.306091461856237,
    8.39185173662219,
    8.414056751197412,
    8.414411988476877,
    6.908035188110847,
    7.870981990948388,
    7.8377688727681045,
    8.25668388668825,
    0.03445875455281244,
    8.359622729029049,
    8.407774899613834,
    8.440610988373725,
    8.474764637335452,
    8.494910596821555,
    8.40882422191909,
    7.671050120254444,
    8.446734945947856
  ],
  "speed_mean": 8.069037821328235,
  "speed_std": 2.3832171189424067,
  "total_reward": [
    2900.01427009997,
    2656.163480154162,
    1887.6095652712622,
    3232.338673265452,
    109.74450801636112,
    715.2579499440138,
    2208.1254078041165,
    1039.0534243567015,
    2085.6144553342865,
    2128.4094110655597,
    1090.638841099775,
    621.5272434128688,
    -458.3483698422444,
    -147.155676713413,
    3287.7658999934924,
    3457.654000544924,
    3637.3907744407475,
    342.94293738707086,
    2388.0279625718367,
    3411.738559291376,
    1165.9576829434634,
    3127.2062059213677,
    -540.5120089046457,
    2338.7494330065933,
    2450.7436497783483,
    3380.162554670948,
    -8.875633098740568,
    1230.5545516328664,
    2847.6098590867437,
    3397.32248953288,
    -24000.0,
    1050.728714711227,
    3359.5723002959176,
    1149.2329410329767,
    1516.3024289384095,
    3422.668845703226,
    3431.6316377676635,
    560.5406302271679,
    51.648495725805105,
    319.2744945700872,
    1020.7618575613203,
    -25499.53786652114,
    2376.060474914105,
    3410.327669270125,
    2512.7361721490406,
    2904.755970581601,
    539.6040488926529,
    536.9520267369273,
    1419.958332589658,
    2571.9336375345615
  ],
  "total_reward_mean": 772.7716982949896,
  "total_reward_std": 5355.677097751318,
  "timesteps": [
    512,
    453,
    488,
    512,
    225,
    394,
    405,
    512,
    320,
    334,
    511,
    512,
    33,
    33,
    512,
    512,
    512,
    286,
    512,
    512,
    512,
    512,
    33,
    512,
    512,
    512,
    458,
    233,
    512,
    512,
    33,
    512,
    512,
    411,
    512,
    512,
    512,
    155,
    276,
    266,
    512,
    33,
    512,
    512,
    512,
    512,
    486,
    443,
    252,
    512
  ],
  "timesteps_mean": 407.7,
  "timesteps_std": 157.62997811330177
}