{
  "collision_rate": [
    0.0,
    0.0,
    1.0,
    0.0,
    1.0,
    1.0,
    1.0,
    1.0,
    0.0,
    0.0,
    1.0,
    0.0,
    1.0,
    1.0,
    1.0,
    1.0,
    1.0,
    1.0,
    0.0,
    1.0,
    1.0,
    1.0,
    0.0,
    0.0,
    0.0,
    1.0,
    1.0,
    0.0,
    1.0,
    1.0,
    1.0,
    1.0,
    0.0,
    1.0,
    1.0,
    1.0,
    1.0,
    0.0,
    0.0,
    1.0,
    1.0,
    1.0,
    1.0,
    1.0,
    1.0,
    0.0,
    1.0,
    0.0,
    1.0,
    0.0
  ],
  "collision_rate_mean": 0.66,
  "collision_rate_std": 0.4737087712930805,
  "similarity": [
    0.9936115813439483,
    0.9943009476749246,
    0.9964326807888976,
    0.989154358996409,
    0.9889743405636661,
    0.9628093918529407,
    0.9873027870150415,
    0.990656966498214,
    0.9984464421732742,
    0.9920526229241599,
    0.9913889445697357,
    0.9924600843348226,
    0.9784885793086472,
    0.9850004242844274,
    0.9413538344963428,
    0.9948035406426725,
    0.993501276080146,
    0.9958892666470566,
    0.9867422307910129,
    0.994740629476007,
    0.7298352526918472,
    0.9676784938401735,
    0.9954656970530932,
    0.9952104311342637,
    0.9879046653528014,
    0.9960214403113431,
    0.9932155981569558,
    0.9803925914374523,
    0.9979010468549742,
    0.9978769955248985,
    0.9936228136540467,
    -0.7089142784014735,
    0.9936747834619525,
    0.9961238126003726,
    0.9259161174494979,
    0.9946283533256652,
    0.8107244044361295,
    0.9837718621936018,
    0.9945243431784082,
    0.9977436800854068,
    0.9928889288639149,
    0.8417791950403102,
    0.9770326465239513,
    0.9436795925429278,
    0.9308684095182483,
    0.9933058014979735,
    0.9977114120600387,
    0.9919919090594929,
    0.9976483911710513,
    0.971557828556128
  ],
  "similarity_mean": 0.940197862992756,
  "similarity_std": 0.2407924583114044,
  "waypoint_distance": [
    1.6423895824551575,
    1.232093805468622,
    1.242801543335265,
    4.33917796687927,
    0.7572365168783602,
    1.509981591202597,
    1.8037038600615556,
    1.9318497685043223,
    5.847586931330511,
    1.2752800101214725,
    1.2258666843100334,
    6.877805042056815,
    0.7331021819083604,
    6.68992250512794,
    9.562037888914645,
    0.9344090959223473,
    1.3610666939492666,
    8.19069898840502,
    2.5147162971480754,
    5.156703204970509,
    3.0908908816081078,
    1.0072183011315563,
    0.9377345354488895,
    1.258948956074563,
    1.5355978343714862,
    5.519178755376398,
    5.422934839872306,
    2.7936160064500917,
    0.5676024873880591,
    3.98347431618209,
    1.019499303826269,
    16.281472591225494,
    1.9876019522109198,
    0.8623584634921843,
    0.4503633127717117,
    6.110519204515584,
    2.4063193502478426,
    1.6472794532083646,
    1.602348191323061,
    0.569017844748585,
    1.2815010507104023,
    15.83856562463846,
    2.2131960682837106,
    5.235889991077272,
    1.1829528549152553,
    4.533202948806136,
    0.6153800347474759,
    3.2426397315450526,
    4.745372307593754,
    4.475178141582847
  ],
  "waypoint_distance_mean": 3.344925709886482,
  "waypoint_distance_std": 3.4008728293535393,
  "speed": [
    8.807818399192643,
    9.163648270134951,
    9.24067850305144,
    9.310490706591066,
    7.878996198050475,
    8.675899199362618,
    8.458214469826801,
    10.259386902147416,
    9.35371688072747,
    9.303846455949417,
    4.004161329247988,
    9.28889112194482,
    9.256589598743126,
    9.220747446460837,
    1.7360348278179225,
    8.800631211270273,
    9.28048067295566,
    8.74270154573446,
    9.3529347260404,
    9.03592159358886,
    6.318508254749073,
    7.652502467006182,
    10.381030157987746,
    9.361099068447635,
    9.326696732559588,
    9.258306445835617,
    8.243721641361855,
    9.323247015947768,
    8.267839602700745,
    7.495366262771352,
    7.683426458901324,
    5.33401585042214,
    9.3263016360712,
    9.257640487945853,
    1.0549777637294504,
    8.937853432553027,
    9.422041147067821,
    9.2767903005514,
    9.362899532332891,
    8.316555636846383,
    7.953896246185888,
    8.79581050305795,
    8.188180373381984,
    8.720705775347426,
    8.758344994589002,
    9.323221756173353,
    8.200714213655841,
    9.333807044385878,
    8.942298505065176,
    9.354632361488555
  ],
  "speed_mean": 8.406884434559174,
  "speed_std": 1.795856158437987,
  "total_reward": [
    3299.5398828920543,
    4108.151618047878,
    2797.9816527899434,
    989.8098208965168,
    2350.40737202742,
    2605.31732628801,
    2266.152571744975,
    2981.354316754256,
    741.9814994272231,
    4093.395833760894,
    -382.84185335836145,
    654.0359189099934,
    3551.80512245046,
    899.9902677712776,
    -17.717301476099664,
    3168.245912973191,
    3633.637233615032,
    408.8571564379698,
    3016.2052581686185,
    203.391947772996,
    278.6424877147207,
    1939.0326096569115,
    5284.000746741153,
    4100.5282397585515,
    3794.0099421054792,
    201.11080785328613,
    528.033774049553,
    2666.501913483808,
    2716.4125754538873,
    164.0426417884545,
    1576.7167022892609,
    -508.11824821261615,
    3301.6993176521887,
    3632.0121317169114,
    21.701872837008487,
    608.5963549584449,
    2876.2556407696807,
    3692.687585641077,
    3700.6953285120885,
    2764.6096122012113,
    2129.2532362148518,
    37.885732243603776,
    1667.062039984311,
    510.09699478679454,
    2744.3424004140106,
    1131.0916440984088,
    2155.6581052684974,
    2014.5805864869333,
    238.7394946795497,
    1032.9346011420705
  ],
  "total_reward_mean": 1967.4103686036867,
  "total_reward_std": 1467.6397921435068,
  "timesteps": [
    512,
    512,
    429,
    512,
    308,
    364,
    366,
    479,
    512,
    512,
    33,
    512,
    449,
    481,
    33,
    384,
    473,
    370,
    512,
    401,
    160,
    285,
    512,
    512,
    512,
    433,
    327,
    512,
    332,
    326,
    278,
    156,
    512,
    451,
    33,
    393,
    444,
    512,
    512,
    336,
    294,
    374,
    325,
    310,
    367,
    512,
    326,
    512,
    386,
    512
  ],
  "timesteps_mean": 392.2,
  "timesteps_std": 130.42714441403677
}