{
  "collision_rate": [
    1.0,
    1.0,
    0.0,
    0.0,
    1.0,
    1.0,
    1.0,
    1.0,
    0.0,
    1.0,
    0.0,
    1.0,
    1.0,
    0.0,
    1.0,
    1.0,
    1.0,
    0.0,
    1.0,
    1.0,
    1.0,
    0.0,
    0.0,
    1.0,
    1.0,
    1.0,
    1.0,
    1.0,
    1.0,
    1.0,
    1.0,
    0.0,
    1.0,
    1.0,
    1.0,
    0.0,
    1.0,
    1.0,
    1.0,
    1.0,
    1.0,
    1.0,
    1.0,
    1.0,
    1.0,
    0.0,
    0.0,
    1.0,
    1.0,
    0.0
  ],
  "collision_rate_mean": 0.74,
  "collision_rate_std": 0.4386342439892262,
  "similarity": [
    0.7077097466419887,
    0.9690700337664371,
    0.9772399463545853,
    0.7120403691858586,
    -0.07103535430801622,
    -0.9264180887748875,
    0.9910488301685878,
    0.9956032128349445,
    0.9839779365990183,
    0.5073699016877828,
    0.9232949733852408,
    0.9996458721836068,
    0.9597978690341701,
    0.965315519284269,
    0.9898029136303744,
    -0.30723626870717574,
    0.8894425018882992,
    0.18011231950127793,
    0.9757645091759939,
    0.9695693117288452,
    0.9742911423565119,
    0.9804208240589483,
    0.9670920293663959,
    0.9769994631189707,
    0.998678437874719,
    0.9922026456918653,
    0.9864385893099059,
    0.9989575931508751,
    0.9661739110629689,
    0.9999601864350596,
    0.9820282237467997,
    0.9832309345726973,
    0.9992793047862282,
    0.9718097622760874,
    0.9834211828407496,
    0.9728011761770224,
    0.9854816808745737,
    0.7526012897490896,
    0.9818055726903362,
    0.7965910236909425,
    0.9784486055208278,
    0.9857294593938808,
    0.9887813347153266,
    0.24010656420539447,
    0.9783174119098728,
    0.9806589806000731,
    0.9693609515043619,
    0.6640567828735392,
    0.799892768897409,
    0.2634427928275934
  ],
  "similarity_mean": 0.8098235336308046,
  "similarity_std": 0.38082441583124443,
  "waypoint_distance": [
    8.898148979057561,
    4.883903623820274,
    2.022464358028786,
    11.371443996460236,
    19.569172129522645,
    2.005637510931091,
    0.7566775958038053,
    0.5764547671040876,
    1.4161847429288696,
    4.848530084680299,
    5.195009179922108,
    0.5382796811537108,
    4.092582863358837,
    2.0299628614063723,
    0.8289462158138939,
    20.21013659110863,
    2.782755420159963,
    41.906980253261075,
    2.6548092930028253,
    2.217902565930647,
    2.6254135658260926,
    1.2159362611233389,
    3.371426846769557,
    1.9660071160606711,
    2.8690492148311066,
    1.2076096893737192,
    0.7137756499035159,
    0.5260924754512754,
    5.474282773446632,
    0.2181363297480818,
    4.793515243452221,
    1.5056199326142776,
    2.8155864876001258,
    2.195081306996634,
    1.8567753094333177,
    1.6367492450632473,
    4.271785055768517,
    6.462518560619218,
    2.0901650350925007,
    7.596111193456926,
    1.0522857700617338,
    2.8458332927516468,
    1.4252838937362573,
    10.47704989594132,
    2.340410133801421,
    2.8495646453862333,
    1.8212569145627948,
    5.470384282395408,
    2.147615506722152,
    26.584016852644215
  ],
  "waypoint_distance_mean": 5.024626423881799,
  "waypoint_distance_std": 7.389359595729197,
  "speed": [
    9.271316160774257,
    9.552798410993557,
    0.7523134393438355,
    10.22654188558983,
    19.505937599036525,
    7.548814404885955,
    9.471643216659396,
    9.595179738368246,
    10.355727012794913,
    4.606465836488709,
    10.383607242717112,
    6.58776062159088,
    9.902417693859018,
    10.321909788453091,
    9.336498862622893,
    2.4251194928677697,
    9.954198247219008,
    10.31705033008125,
    10.079785067911727,
    9.885613288484087,
    9.944777513277572,
    10.195452403117677,
    10.09239087759674,
    10.143242434536498,
    8.20675863386387,
    4.521082148824692,
    9.678315773969127,
    6.666660092428237,
    14.777133715816728,
    2.1914212196063754,
    10.3308538587742,
    10.338660281055219,
    7.301018163934454,
    9.74457146965902,
    9.366207696540172,
    10.285733576633687,
    9.59845618221175,
    9.739803164134294,
    10.19458746507073,
    9.948734431330768,
    8.503365826667881,
    10.577679433572634,
    9.32107996191703,
    8.6367921245623,
    10.010357944587218,
    10.290487807187173,
    10.329341853516919,
    9.756558172770475,
    9.817747873369996,
    10.33489524140475
  ],
  "speed_mean": 9.218497313653604,
  "speed_std": 2.805607557945897,
  "total_reward": [
    591.0541332664992,
    594.0790207026289,
    310.91281891366106,
    1476.8053492656209,
    -500.7926925441468,
    -320.793325928385,
    1916.457313973428,
    1397.722512729566,
    4681.6665273556,
    -1000.0,
    2479.84409303389,
    89.05989001324394,
    2341.43496274182,
    3531.3537047375344,
    1789.4143451540135,
    -10.234651294468941,
    2805.694363225695,
    1.5216858584460249,
    2725.5328408896494,
    2679.876469713157,
    2441.7354858159556,
    4943.812151324961,
    2836.01326293757,
    3300.5472398765237,
    12.085927232211134,
    -265.05550120510435,
    298.4380073452893,
    128.78981082314385,
    -940.8187587698862,
    31.29202650940386,
    1113.381379208608,
    4551.029144785523,
    -133.6025572884406,
    2318.943326220551,
    2149.2338590795307,
    4287.104667939317,
    722.3887736840646,
    885.5642283840494,
    3372.5579331539657,
    421.32282025965435,
    1158.5626917051914,
    1209.924014301678,
    1735.6449231483557,
    15.299798577708799,
    3171.7239169227087,
    2960.205180194888,
    3782.4278087275893,
    1600.652126592284,
    2863.3177405175265,
    34.542272684526026
  ],
  "total_reward_mean": 1571.753461249936,
  "total_reward_std": 1558.6373519799315,
  "timesteps": [
    428,
    317,
    512,
    512,
    33,
    33,
    259,
    200,
    512,
    33,
    512,
    91,
    485,
    512,
    252,
    33,
    430,
    512,
    445,
    409,
    404,
    512,
    512,
    445,
    154,
    59,
    33,
    96,
    33,
    33,
    429,
    512,
    117,
    358,
    305,
    512,
    306,
    371,
    468,
    466,
    208,
    315,
    252,
    214,
    474,
    512,
    512,
    361,
    408,
    512
  ],
  "timesteps_mean": 328.26,
  "timesteps_std": 175.10074928451905
}