{
  "collision_rate": [
    1.0,
    1.0,
    1.0,
    1.0,
    1.0,
    1.0,
    1.0,
    1.0,
    1.0,
    1.0,
    1.0,
    1.0,
    1.0,
    1.0,
    1.0,
    1.0,
    1.0,
    1.0,
    1.0,
    1.0,
    1.0,
    1.0,
    1.0,
    1.0,
    1.0,
    1.0,
    1.0,
    0.0,
    1.0,
    1.0,
    1.0,
    1.0,
    1.0,
    1.0,
    1.0,
    1.0,
    1.0,
    1.0,
    1.0,
    1.0,
    1.0,
    1.0,
    1.0,
    1.0,
    1.0,
    1.0,
    1.0,
    1.0,
    1.0,
    1.0
  ],
  "collision_rate_mean": 0.98,
  "collision_rate_std": 0.13999999999999999,
  "similarity": [
    0.9948022251330343,
    0.955064019323339,
    0.989264912355494,
    0.9920703758406135,
    0.996756657316895,
    0.9942090858716424,
    0.9876384712965457,
    0.9915397678009976,
    0.9880621107167553,
    0.97358117331468,
    0.9968982738865816,
    0.9954098860477298,
    0.9907465470110708,
    0.9842701052982474,
    0.9978046184420807,
    0.9765306889889223,
    0.9977159613794995,
    0.9905323719383076,
    0.9908244578458981,
    0.9999079643359842,
    0.989726533303694,
    0.991301157338806,
    0.992533232971465,
    0.9877216997226785,
    0.8512560347527498,
    0.9785699258652156,
    0.9999616795057602,
    0.9572515235114818,
    0.9988226831580664,
    0.9971028722504748,
    0.9563001937389863,
    0.98978632620597,
    0.9870621600408771,
    0.9925344054027954,
    0.9794453881650137,
    0.99513303794548,
    0.979310380658108,
    0.9982262837433711,
    0.9981944716728604,
    0.9951614703734809,
    0.9886266258527482,
    0.9821021319915755,
    0.9647876469317298,
    0.9924952662931312,
    0.8177665913433797,
    0.9857777557237036,
    0.9895823905979265,
    0.8401323404306706,
    0.9975157177196312,
    0.9762343928180838
  ],
  "similarity_mean": 0.9786810398834846,
  "similarity_std": 0.0376965006256997,
  "waypoint_distance": [
    0.813739257290793,
    3.4438212330263047,
    0.9747361994492824,
    0.8974270102662798,
    0.7398685878804943,
    0.7483964179236833,
    1.1354267729027037,
    0.9174076725401403,
    0.9593273862491416,
    2.0669519221101975,
    0.6573233651837237,
    0.6456235553719814,
    0.8530104561943637,
    0.858339739910814,
    0.6565624160721486,
    1.5642396646292944,
    0.8549245902894038,
    0.7957831202501842,
    0.9134502034095933,
    0.44716897697923286,
    1.0055985303812096,
    0.8512001402467657,
    0.7707225049141958,
    1.0188780112417286,
    2.1259527424652394,
    1.3491578481314122,
    0.6186797248807246,
    4.7141649856668915,
    0.6915311903686913,
    0.6996376611621394,
    1.690047955505972,
    0.9307778885233197,
    0.9260040887403884,
    0.7948218801741331,
    1.3594343513677893,
    0.7068373775547744,
    1.436649476173048,
    0.6609542120720578,
    0.5623906589627358,
    0.7017212906943872,
    0.9415512231523129,
    1.3235077229073215,
    2.592429797518957,
    1.2509459184888971,
    2.050266464602866,
    1.3714636207345134,
    0.9150055119712587,
    1.5193385539628939,
    0.7487582649678244,
    1.7074186585249636
  ],
  "waypoint_distance_mean": 1.1795875360797836,
  "waypoint_distance_std": 0.7550804669832614,
  "speed": [
    6.725451885485621,
    9.09899676926962,
    7.33743151804895,
    7.899099442553154,
    7.932880880268898,
    7.669704182002362,
    7.811655888029435,
    7.942164111911811,
    8.526048747913908,
    9.153726096145657,
    7.88525257256624,
    7.520849931832307,
    8.097896718827625,
    8.101858449270775,
    7.029159318224085,
    7.934080256873436,
    4.44548422434362,
    7.238537913427221,
    7.51315202141094,
    1.7230344040980385,
    7.948442690014414,
    8.095105852882469,
    8.238791993531413,
    8.014391046026224,
    8.151836348577223,
    7.851893644962589,
    2.052725512636977,
    9.64334593175072,
    7.253261105157283,
    7.915889948279037,
    1.9764338311304706,
    8.025506776137862,
    7.420548057555176,
    8.114088763841512,
    8.44327034135927,
    7.964651966186837,
    8.514222197133059,
    6.9559107686451505,
    7.015843097146595,
    7.96669688503615,
    8.179387725190468,
    8.223954616833714,
    8.826543644346692,
    7.724915135888779,
    9.114650781506398,
    8.297043523261673,
    8.102549942419387,
    9.122527252517724,
    7.73979256142105,
    8.09095337239818
  ],
  "speed_mean": 7.571432812925564,
  "speed_std": 1.6207525254479433,
  "total_reward": [
    1581.0914657744117,
    1932.8114884152753,
    1460.411490057052,
    1831.0417766164367,
    1813.8936284220877,
    1520.3217626820517,
    658.2092133453098,
    1750.5503803104532,
    2601.838004311038,
    2641.7639031300805,
    751.1341165697852,
    761.4033720980519,
    2194.5525510918446,
    2023.5272907866247,
    1058.5649241588835,
    1575.9363530500543,
    300.93862819064015,
    1189.553882964829,
    977.6961501244807,
    -444.1456810355896,
    1344.8699563736131,
    1912.4519564067716,
    2071.305470771241,
    1969.1440079481424,
    1578.5463474447804,
    1549.6324100758968,
    56.33791710722083,
    2112.5301000198583,
    604.9249196431306,
    1786.3656699846624,
    -1000.0,
    1420.1098893355313,
    1285.007323829719,
    1941.1074642775106,
    2304.048615136784,
    1846.9265608761568,
    1295.5761999665838,
    1005.8691974855547,
    524.6738170338949,
    1847.5149386145335,
    1589.7586033256534,
    987.694385961016,
    2136.617208155665,
    1606.0794256032066,
    2570.0775535726916,
    945.1210961915151,
    1893.0706123627533,
    1774.2305001364803,
    1532.6715222988612,
    1674.423443953686
  ],
  "total_reward_mean": 1446.9556362991382,
  "total_reward_std": 725.4995291162496,
  "timesteps": [
    240,
    415,
    204,
    238,
    232,
    202,
    229,
    227,
    314,
    415,
    224,
    170,
    278,
    255,
    154,
    252,
    72,
    169,
    200,
    33,
    242,
    242,
    256,
    263,
    287,
    232,
    33,
    512,
    154,
    229,
    33,
    249,
    180,
    244,
    324,
    236,
    329,
    148,
    148,
    236,
    268,
    281,
    391,
    219,
    401,
    266,
    241,
    416,
    201,
    268
  ],
  "timesteps_mean": 241.04,
  "timesteps_std": 95.21910732620843
}