{
  "collision_rate": [
    1.0,
    1.0,
    1.0,
    1.0,
    1.0,
    1.0,
    1.0,
    0.0,
    1.0,
    1.0,
    0.0,
    1.0,
    1.0,
    1.0,
    1.0,
    0.0,
    0.0,
    1.0,
    1.0,
    1.0,
    1.0,
    1.0,
    1.0,
    0.0,
    1.0,
    1.0,
    1.0,
    1.0,
    1.0,
    1.0,
    1.0,
    1.0,
    0.0,
    1.0,
    1.0,
    1.0,
    1.0,
    1.0,
    1.0,
    1.0,
    1.0,
    0.0,
    0.0,
    1.0,
    1.0,
    0.0,
    1.0,
    1.0,
    1.0,
    1.0
  ],
  "collision_rate_mean": 0.82,
  "collision_rate_std": 0.38418745424597095,
  "similarity": [
    0.953962374142197,
    0.987808201114185,
    0.9449175784378415,
    0.8826589198959931,
    0.914044810418554,
    0.9717942402832412,
    0.917425274907133,
    0.8779905669027337,
    0.9323673193589709,
    0.8733389222540102,
    0.9502565415927678,
    0.9957857718150227,
    0.9737830155574028,
    0.9929829176997539,
    0.8960818735605712,
    0.8406132745976493,
    0.9094335862722402,
    0.9459289414555382,
    0.8373342185744709,
    0.9614168378245682,
    0.9941204567253703,
    0.9789868415979579,
    0.9958067961534535,
    0.871374963575073,
    0.926708840403821,
    0.8852763296676065,
    0.3790160638139842,
    0.8814135736978896,
    0.8911556714102462,
    0.8850449406169253,
    0.9779541311249964,
    0.9389008969736733,
    0.8882620783871586,
    0.9238918536947655,
    0.8323505636711619,
    0.9883688309932114,
    0.8914776675902052,
    0.9101413865701795,
    0.9901426078290095,
    0.9907714688976123,
    0.888905096768185,
    0.5913584120939989,
    0.9198555247108464,
    0.9942317880208347,
    0.9164373026491692,
    0.7257287675372638,
    0.9127269403465487,
    0.8715799797739725,
    0.9126317833731983,
    -0.5573969924402788
  ],
  "similarity_mean": 0.8751429950578575,
  "similarity_std": 0.22912573673129416,
  "waypoint_distance": [
    2.4021813533258394,
    0.6788888244952145,
    2.879915351413947,
    3.789612037382423,
    6.280363597314996,
    3.978663854719758,
    2.8616786908768033,
    3.2349757156337593,
    4.922242145740326,
    7.573336327222965,
    5.346190835217118,
    3.198928140096731,
    2.013437752917713,
    2.759728110172094,
    5.6576783418321455,
    9.056357289178123,
    5.999974577124658,
    6.794538878500086,
    3.4715954512129135,
    1.5944214104311836,
    0.35937084328847047,
    1.0162209128211206,
    3.2261989627715617,
    6.2589422220257225,
    4.242847574097589,
    4.499037102593849,
    16.192162030718286,
    4.406187973076893,
    3.2725835848033578,
    2.390903485348404,
    1.5618223625657304,
    6.4012055546238456,
    6.940546416025078,
    4.312067724223575,
    9.476978339944477,
    0.6903210626047204,
    5.114194353237172,
    4.800205130754987,
    2.4110403946823675,
    2.4183958190674106,
    4.137171683005462,
    11.738630286303984,
    3.3051997227045797,
    0.3893710699222229,
    4.528001030123803,
    10.22300954229461,
    11.610868518749465,
    4.9474525439361,
    3.296372656718731,
    3.422826197571925
  ],
  "waypoint_distance_mean": 4.641696875708287,
  "waypoint_distance_std": 3.129267220494525,
  "speed": [
    8.161173852811146,
    5.2547833689629995,
    8.415412751131694,
    8.686427938240778,
    8.793183376215653,
    7.0792287213120595,
    8.7025851392045,
    10.114966683351293,
    9.614952136264796,
    9.747160881390384,
    9.925537138229625,
    6.744917633458412,
    8.194322073043244,
    5.842825283033471,
    9.263507966257645,
    9.924808140215234,
    10.150717497809653,
    9.302433327044163,
    9.847977105133497,
    8.457331966518359,
    1.9786491972117268,
    7.191306914920034,
    6.224072352591147,
    9.949773768125922,
    9.601612423147403,
    9.2729468398391,
    8.897630269753433,
    8.899540670201116,
    8.562631709676863,
    9.937297302238587,
    8.339612154224366,
    9.481809452080523,
    10.102418314462243,
    9.628114975503156,
    9.303148095876535,
    5.496087364486085,
    9.047129168561655,
    9.36432717944523,
    5.608446483404057,
    5.583194363832522,
    9.169175521809542,
    9.924178827995922,
    10.13271515058156,
    1.3406055704851993,
    9.37316334109614,
    10.204628850073018,
    9.914884041637096,
    9.469912492153934,
    8.851970296661351,
    9.739594264004813
  ],
  "speed_mean": 8.456296606714178,
  "speed_std": 1.9545679019959692,
  "total_reward": [
    1303.2290125099305,
    -11.14753971478217,
    981.1566041985899,
    1002.2508809571416,
    400.7561762332337,
    370.6043858773632,
    1164.9743512207574,
    2187.538526051045,
    1705.6195227618834,
    908.9575617002647,
    1425.1767169373468,
    386.4461807665036,
    -1000.0,
    -153.09500451713353,
    1226.6373262520278,
    1292.0069780209446,
    1836.0094219262178,
    526.76918405651,
    1808.048369500865,
    932.7697588263802,
    -151.463836028658,
    737.5943493623492,
    -170.29438910132632,
    1517.1384169407834,
    1723.3632239622546,
    1086.007414250294,
    4.149323852286662,
    1041.2179534810195,
    490.9165372276948,
    2593.432644943468,
    886.7001116697902,
    94.90807348348699,
    1663.221462755712,
    1714.885637291132,
    -53.06768567589711,
    33.60694424467488,
    1161.2652629384118,
    1358.138523804769,
    -173.38210970379572,
    -173.67520142797366,
    1238.4591929031092,
    1149.5507983673615,
    2370.7005331110745,
    -1000.0,
    1425.0258857825547,
    1237.8388947641633,
    411.9973606347562,
    1284.2922617739478,
    676.1845974744865,
    -646.3452053153655
  ],
  "total_reward_mean": 836.541507826633,
  "total_reward_std": 819.8421937099027,
  "timesteps": [
    308,
    96,
    244,
    274,
    271,
    176,
    259,
    512,
    442,
    483,
    512,
    157,
    33,
    126,
    380,
    512,
    512,
    370,
    490,
    232,
    33,
    190,
    124,
    512,
    449,
    306,
    286,
    302,
    256,
    483,
    230,
    377,
    512,
    448,
    390,
    100,
    349,
    371,
    109,
    110,
    355,
    512,
    512,
    33,
    422,
    512,
    464,
    381,
    279,
    33
  ],
  "timesteps_mean": 316.58,
  "timesteps_std": 155.51849922115375
}