{
  "collision_rate": [
    1.0,
    1.0,
    1.0,
    1.0,
    1.0,
    1.0,
    1.0,
    1.0,
    1.0,
    1.0,
    1.0,
    1.0,
    1.0,
    1.0,
    1.0,
    1.0,
    1.0,
    1.0,
    1.0,
    1.0,
    1.0,
    1.0,
    1.0,
    1.0,
    1.0,
    1.0,
    1.0,
    1.0,
    1.0,
    1.0,
    1.0,
    1.0,
    1.0,
    1.0,
    1.0,
    1.0,
    1.0,
    1.0,
    1.0,
    1.0,
    1.0,
    1.0,
    0.0,
    1.0,
    1.0,
    1.0,
    1.0,
    1.0,
    1.0,
    1.0
  ],
  "collision_rate_mean": 0.98,
  "collision_rate_std": 0.13999999999999999,
  "similarity": [
    0.9948022263573326,
    0.9550603733958697,
    0.7912325290043698,
    0.9856058623015218,
    0.9597713106336396,
    0.9960301296494618,
    0.9820215087817534,
    0.9943211544313039,
    0.9821428851896871,
    0.9927147070717978,
    0.9913296696136673,
    0.9968076792324461,
    0.9942912006803414,
    0.9304160182181196,
    0.997527413870652,
    0.9749830820452609,
    0.9962723852722309,
    0.98971590763336,
    0.9993218269935674,
    0.8588946819877722,
    0.9822551001487976,
    0.9873723902070484,
    0.9939272228647459,
    0.8661451579603233,
    0.8517633757269636,
    0.9856403460263455,
    0.9889524453688127,
    0.9405466483247777,
    0.9985014412158569,
    0.9959399912396841,
    0.5041059058399296,
    0.9873203549299259,
    0.9904998527949663,
    0.991712923713456,
    0.9783655029033547,
    0.9961114665429438,
    0.9696101862734139,
    0.9757418382760817,
    0.9972857341045108,
    0.9912099696876128,
    0.9877380097228929,
    0.9837475477041994,
    0.9393227958874631,
    0.9973048206912648,
    0.9885831935400973,
    0.9738373713394382,
    0.9724065354232834,
    0.9867774286121179,
    0.9977444371700492,
    0.9479556896454321
  ],
  "similarity_mean": 0.9622337647249989,
  "similarity_std": 0.07793205146333486,
  "waypoint_distance": [
    0.8137393151120847,
    3.432415204311326,
    2.8969417483282514,
    1.028447259456484,
    3.0837014929280606,
    0.671476298318775,
    1.3506070275662494,
    0.7772990829383996,
    1.2962017981920866,
    0.821761324634394,
    1.203910557564155,
    1.4995295674373068,
    0.9169816761562155,
    1.0216581058888543,
    0.6840729478936187,
    1.594650708476983,
    0.8761460009752726,
    0.8201541244075502,
    1.2148155829615952,
    2.5238262885488614,
    1.29654347798994,
    1.0015926768161894,
    0.7231411842006547,
    4.542486185279928,
    2.411781251208863,
    1.1240806352601895,
    1.02130906035646,
    5.857004937564493,
    0.6726972760690024,
    0.6386012672392481,
    2.7945132647146678,
    1.018236988148664,
    0.8521100655941605,
    0.8239928854037072,
    1.3937645871307665,
    0.6318717425591022,
    1.8214437021735175,
    1.8085665742748611,
    1.3611500413142361,
    0.9454033689681716,
    0.969230922645245,
    1.2523521212960276,
    5.415152944112189,
    0.8743700768572974,
    0.8055389237591137,
    1.9352239220192242,
    1.519436444654245,
    1.3311054125280912,
    0.706456081210842,
    2.4703949998588435
  ],
  "waypoint_distance_mean": 1.5709577826660892,
  "waypoint_distance_std": 1.1649166897239998,
  "speed": [
    6.725450274156596,
    9.087918885249147,
    9.177108093371254,
    8.811702200540248,
    8.633128880084872,
    7.673799948377603,
    7.7733425448029,
    7.884373341578141,
    8.398140346399337,
    7.542513189004911,
    7.320441811757658,
    1.3987307709340384,
    7.54444433546924,
    2.249736180121279,
    7.0278404053778685,
    7.937767269784328,
    4.410198653396104,
    7.256281299284954,
    1.6481893419288014,
    7.698922695411743,
    7.768988565001637,
    8.078731549333472,
    8.23132913954529,
    9.565538839811637,
    7.882785661250803,
    7.748405485632968,
    7.949969175273807,
    9.641229565300828,
    7.296094567306649,
    8.052480726921072,
    1.0206311267806183,
    8.064262087495589,
    7.4108019633532685,
    8.01702838407236,
    8.433420029080182,
    7.991190403182087,
    8.292278705208833,
    8.678674255587074,
    2.025018377060456,
    7.869517132098051,
    8.625191737565912,
    8.398052548021377,
    8.72281810213346,
    7.811743713935516,
    6.194957407623636,
    8.11460553154318,
    8.179422736044527,
    7.388368109492976,
    7.888886622445174,
    8.09350456497479
  ],
  "speed_mean": 7.3127191456021645,
  "speed_std": 2.0516673026025134,
  "total_reward": [
    1581.091087351448,
    1941.389947587877,
    1809.0075713953888,
    2929.004415430451,
    1632.6596575607048,
    1531.9649733349022,
    1591.720206672071,
    1802.9904011613983,
    2339.7541904751442,
    1417.363497733432,
    1199.147559308096,
    -1454.5576202578952,
    1561.940189004471,
    -432.5199284871844,
    1043.8307960322547,
    1493.3974924352005,
    289.18505020661263,
    1177.3029606316463,
    -446.5601637707821,
    1427.9105931144436,
    607.1237888383012,
    1852.0607323990125,
    2090.8426056663607,
    831.168525877843,
    1458.9800093166666,
    1112.6987387066747,
    1278.8989148604926,
    1737.5218024353358,
    595.9092104352094,
    1904.9531768454497,
    -1511.1463255777833,
    1441.8776951241884,
    1306.7721194799647,
    1937.4985531032737,
    2264.562147598781,
    1864.5850374723611,
    1843.9994315575743,
    2232.3543096747767,
    -434.3013906356602,
    1795.5294542794738,
    1796.015200100317,
    2135.947633158273,
    1755.0572675354306,
    1654.8677525106314,
    212.57211642246534,
    1551.0653793619688,
    1758.530024064942,
    1167.6061723353741,
    1703.109037854063,
    1178.9537312988546
  ],
  "total_reward_mean": 1311.232714580406,
  "total_reward_std": 889.2477704832359,
  "timesteps": [
    240,
    416,
    445,
    358,
    347,
    203,
    240,
    233,
    324,
    192,
    171,
    33,
    211,
    33,
    152,
    243,
    70,
    167,
    33,
    296,
    232,
    241,
    258,
    498,
    290,
    222,
    233,
    508,
    152,
    240,
    33,
    257,
    181,
    247,
    324,
    237,
    300,
    348,
    33,
    237,
    339,
    294,
    512,
    215,
    118,
    266,
    266,
    173,
    219,
    252
  ],
  "timesteps_mean": 242.64,
  "timesteps_std": 114.71316576574809
}