{
  "collision_rate": [
    0.0,
    0.0,
    0.0,
    0.0,
    0.0,
    0.0,
    0.0,
    0.0,
    0.0,
    0.0,
    0.0,
    0.0,
    0.0,
    1.0,
    0.0,
    0.0,
    0.0,
    0.0,
    0.0,
    0.0,
    0.0,
    0.0,
    1.0,
    0.0,
    1.0,
    0.0,
    0.0,
    0.0,
    0.0,
    0.0,
    0.0,
    1.0,
    0.0,
    0.0,
    0.0,
    1.0,
    1.0,
    0.0,
    0.0,
    0.0,
    0.0,
    0.0,
    0.0,
    0.0,
    0.0,
    0.0,
    0.0,
    0.0,
    0.0,
    0.0
  ],
  "collision_rate_mean": 0.12,
  "collision_rate_std": 0.3249615361854384,
  "similarity": [
    0.995679373251868,
    0.9562425920698725,
    0.9956782658727075,
    0.9957670788827097,
    0.9958121664849758,
    0.9753368623225732,
    0.9958158860916737,
    0.9347661986711918,
    0.9955886028410683,
    0.9955900169848176,
    0.9957667983790711,
    0.9979149133959008,
    0.9950822718502261,
    0.8727040246018923,
    0.9939656818607624,
    0.9931470171056646,
    0.9955945279563294,
    0.9957555664132098,
    0.9954886722864947,
    0.9959066526315908,
    0.9955317967667423,
    0.9957325214261545,
    0.9760799253321185,
    0.9945240770129459,
    0.9801556500049811,
    0.987566559191399,
    0.9955094995290578,
    0.9431026427974175,
    0.994167091059286,
    0.9956654305332553,
    0.9957409002468006,
    0.9967719969793072,
    0.9938477434884573,
    0.9952337592607028,
    0.9431485391515096,
    0.9670440607707904,
    0.9920544974671804,
    0.9939348540149989,
    0.933550098341361,
    0.9956960660307397,
    0.8972567491431048,
    0.9963711629526775,
    0.9944351135231161,
    0.9956408153520304,
    0.9956072234778139,
    0.9958226247111136,
    0.9976837227541614,
    0.9960099586653345,
    0.9958149005581471,
    0.995789659229809
  ],
  "similarity_mean": 0.9838618561945421,
  "similarity_std": 0.026247750696983225,
  "waypoint_distance": [
    6.949394149296087,
    12.374674395727457,
    3.513156871013391,
    0.7912672449508553,
    0.8157146313493899,
    3.7609582741407572,
    0.8210542123272098,
    4.773605581629429,
    0.8979031562001358,
    0.8011483622441389,
    0.8143383588347254,
    5.8762464162881445,
    0.8224331324512495,
    5.583309928345583,
    2.92574653533148,
    0.9236252133654702,
    6.963978801801864,
    8.0234077273308,
    5.631279239482655,
    0.8204469631236364,
    7.802287537149324,
    0.8224582632742936,
    1.7363547951775393,
    0.9079751131606143,
    3.5019991355067863,
    0.984857250261256,
    20.49889274141009,
    8.366715890845937,
    0.9040321181189626,
    0.8028589142012779,
    7.7610254696931875,
    0.9335718778998214,
    2.7580044297464843,
    0.7941138665736419,
    8.347708433571947,
    1.329050497990446,
    7.558798510966118,
    1.001729071749733,
    4.850896323120011,
    0.8070140090255783,
    5.609872034505228,
    7.966459067859556,
    6.601122546273215,
    7.803171795369016,
    5.70444819177882,
    0.8167962138564835,
    9.017881472620664,
    0.8155301197241006,
    5.839912627977192,
    2.4722105890919273
  ],
  "waypoint_distance_mean": 4.180028762074674,
  "waypoint_distance_std": 3.8740535101457225,
  "speed": [
    8.761012686685085,
    9.310988720030323,
    9.30901534955349,
    9.279859086062922,
    9.31895262362655,
    9.272229913458139,
    9.294710022167013,
    9.266482421598457,
    9.290155230865913,
    9.32541591923865,
    9.241333404397992,
    9.329258672893245,
    9.31268799621453,
    8.879518239947899,
    9.211742412333026,
    9.265378020959691,
    9.30620380950326,
    9.279122849548855,
    9.342638041652211,
    9.245778613093425,
    9.338713765616363,
    9.312798216681065,
    8.949515139693457,
    9.266241324769384,
    6.981407622471397,
    9.14543583023559,
    9.275133723348262,
    9.2772979393322,
    9.220060071523747,
    9.302297218926919,
    9.274583793565533,
    8.824353110933984,
    9.26061893019918,
    9.211704459342334,
    9.284270831068756,
    7.95030710149682,
    8.81356412586845,
    9.275172475280476,
    9.327144252712941,
    9.321759613452787,
    8.951401872374491,
    9.250097412135052,
    9.348145967603758,
    9.249441741517769,
    9.316601881732268,
    9.277659223774553,
    9.306956444819312,
    9.306166576750226,
    9.259166956602336,
    9.268061856520239
  ],
  "speed_mean": 9.159771270283606,
  "speed_std": 0.3864811075695743,
  "total_reward": [
    661.5726058478502,
    418.8009443541443,
    1548.7066796436518,
    4729.667523071028,
    4749.86531490141,
    2265.199640045876,
    4737.449464430907,
    2179.9940226732374,
    4721.94508463243,
    4752.157157406833,
    4709.921220761141,
    756.6111491841014,
    4743.061707868496,
    1351.7816186653902,
    2962.5302378694173,
    4690.587112080734,
    680.6373996825539,
    639.2057143689649,
    785.3629574378309,
    4712.861629409361,
    659.2161964483694,
    4746.526537983981,
    3186.4286410176865,
    4717.0450799784385,
    342.16597093516003,
    4500.892924206541,
    390.00130223871554,
    639.7595347243335,
    4544.3015428386625,
    4740.655223943113,
    644.8188366821424,
    2430.3615186755765,
    2422.6313016202075,
    4676.658744060747,
    640.3315272837152,
    1395.7205075874215,
    510.64384683403637,
    4467.197146212175,
    2188.054884509533,
    4750.780356503136,
    1915.448048385006,
    606.0946961949495,
    723.348775885618,
    645.3423106675896,
    772.8514207813055,
    4728.7760069545575,
    470.69623203333066,
    4744.302592774965,
    746.0092152514761,
    2877.6493530351713
  ],
  "total_reward_mean": 2552.4525892116603,
  "total_reward_std": 1810.4252363064566,
  "timesteps": [
    512,
    512,
    512,
    512,
    512,
    512,
    512,
    512,
    512,
    512,
    512,
    512,
    512,
    395,
    512,
    512,
    512,
    512,
    512,
    512,
    512,
    512,
    441,
    512,
    145,
    512,
    512,
    512,
    512,
    512,
    512,
    279,
    512,
    512,
    512,
    216,
    404,
    512,
    512,
    512,
    512,
    512,
    512,
    512,
    512,
    512,
    512,
    512,
    512,
    512
  ],
  "timesteps_mean": 488.16,
  "timesteps_std": 74.64190779984123
}