{
  "collision_rate": [
    1.0,
    1.0,
    0.0,
    1.0,
    1.0,
    0.0,
    1.0,
    0.0,
    0.0,
    1.0,
    1.0,
    0.0,
    1.0,
    1.0,
    1.0,
    1.0,
    1.0,
    0.0,
    1.0,
    1.0,
    1.0,
    1.0,
    1.0,
    1.0,
    0.0,
    0.0,
    1.0,
    1.0,
    1.0,
    1.0,
    0.0,
    1.0,
    0.0,
    1.0,
    1.0,
    0.0,
    0.0,
    1.0,
    1.0,
    0.0,
    1.0,
    1.0,
    1.0,
    1.0,
    0.0,
    1.0,
    1.0,
    1.0,
    0.0,
    0.0
  ],
  "collision_rate_mean": 0.68,
  "collision_rate_std": 0.46647615158762407,
  "similarity": [
    0.988492177126354,
    0.9677492105278009,
    0.5778577517134572,
    0.8235714145919849,
    0.9702095458304524,
    0.9657909795172493,
    0.9913999036473422,
    0.972622014955095,
    0.9647963673446563,
    0.9847231699805858,
    0.9565237101723423,
    0.9523493965629282,
    0.9201995753610118,
    -0.05371135145372377,
    0.9750794809143666,
    0.940675830178514,
    0.9780271625647026,
    0.9708907395617206,
    0.9808170925986508,
    0.978232218057165,
    0.9892390780150858,
    0.9846751014666444,
    0.9822954362306292,
    0.9868791923243815,
    0.9523428475500407,
    0.8575463750033365,
    0.9697706584782738,
    0.9606195124630554,
    0.9581175184799905,
    0.9852388070307604,
    0.9660499503978779,
    0.9619759200989335,
    0.9831189981354769,
    0.9915837826533458,
    0.989817934999705,
    0.9709239871823148,
    0.965607906877345,
    0.9820171987231625,
    0.9773119598437238,
    0.9697917117880538,
    0.9820305375087751,
    0.989943978579138,
    0.9754994497859126,
    0.9588358822189873,
    0.9495440505495036,
    0.9830461813360066,
    0.9778408605717083,
    0.9737038965414545,
    0.9726754263729359,
    0.8449358992909376
  ],
  "similarity_mean": 0.9359855286050032,
  "similarity_std": 0.15513309340916726,
  "waypoint_distance": [
    4.4912195577878276,
    8.51466042309355,
    20.119125954079433,
    3.336176907899975,
    8.08647754413897,
    3.4369403099850704,
    4.530595069359895,
    3.592847593703509,
    3.468863064815899,
    6.047927596386661,
    7.430956092527647,
    4.576911452489589,
    8.899250259723388,
    33.60375419791056,
    6.387866302822268,
    5.351545329749622,
    7.160460410135184,
    2.9276086426451915,
    2.015650969046831,
    2.2525574996814157,
    5.897640546111829,
    7.762621504569933,
    7.246242911695362,
    5.825593681702682,
    4.565101236268593,
    8.80770606983661,
    5.489542619885744,
    3.8736613891636718,
    7.260145109751461,
    6.357760897813162,
    2.985864440015141,
    9.05104412000729,
    6.352939827877152,
    4.404855562597508,
    5.033554558359329,
    2.9277312522674106,
    2.9754941068802307,
    7.4994982433927495,
    7.491650836506983,
    3.014461750574811,
    7.422711284433713,
    0.8258558885416949,
    5.154187998061572,
    4.007997121930981,
    3.693316608217856,
    1.5824650897717412,
    1.9475689981106343,
    8.026642784913822,
    7.994500332549873,
    9.74597847469199
  ],
  "waypoint_distance_mean": 6.229114608489681,
  "waypoint_distance_std": 4.950541752340927,
  "speed": [
    8.526238799919348,
    10.141573020690583,
    10.306891688497101,
    9.632928111273143,
    9.9944657592517,
    10.307718524295307,
    9.206245593513447,
    10.291208755147496,
    10.452373761481423,
    9.401603162476906,
    10.17828038897189,
    10.307888334763664,
    10.207109509268184,
    9.986610153630851,
    9.594159331387965,
    10.206546601113244,
    9.649501738525734,
    10.319203610181487,
    9.818261136676137,
    9.749300364551777,
    9.589862553591473,
    9.98479642593959,
    9.813366092432647,
    9.426488535959418,
    10.225366838624222,
    10.352797732113658,
    10.112410532876366,
    10.294641387866646,
    10.206061414766975,
    9.405191506669865,
    10.282651490585591,
    10.14152134915751,
    10.334739714198482,
    9.201539207891386,
    9.492576015167907,
    10.23967567236627,
    10.295297394309673,
    9.839290405302979,
    9.71592086779385,
    10.045227335773374,
    9.83515154969861,
    8.928899044467368,
    10.312114111246792,
    10.210699623431518,
    10.030745260060787,
    9.404086981591524,
    9.593846633408168,
    10.208981076742385,
    10.236541474136795,
    10.312071181503496
  ],
  "speed_mean": 9.927013355105855,
  "speed_std": 0.42005132262289874,
  "total_reward": [
    639.0925276857183,
    688.9538443923524,
    118.51179162134673,
    1691.2976159037257,
    596.1323072946816,
    2849.8420705546614,
    588.3221036775975,
    2182.142496396023,
    2891.77383163837,
    608.3757440341932,
    689.558967273319,
    2370.521970309826,
    647.0336114513217,
    -8.626112037095599,
    551.8664100388365,
    2043.2273797633347,
    572.0473529936894,
    3160.9224805841754,
    2625.9483063286707,
    2479.530623921319,
    774.4488679049012,
    697.3015962106417,
    697.4503010239207,
    650.0068951164556,
    2366.318963930968,
    905.8218841127273,
    886.3434049511573,
    2625.95793028131,
    674.4395161426202,
    597.3011129868347,
    3170.74380856897,
    634.8629258540012,
    1000.6523511941621,
    591.5937945275352,
    671.949984443279,
    3139.964686337076,
    2861.1406710227734,
    633.6308396552485,
    579.284189627572,
    3049.9374619037376,
    667.1602394986803,
    1812.3803445633337,
    1319.547427746054,
    2235.600745450887,
    2429.326949448267,
    2643.7400105541974,
    2357.852873665217,
    672.9727615683622,
    763.9897634231842,
    776.622087931545
  ],
  "total_reward_mean": 1417.4963942694342,
  "total_reward_std": 977.5122781619749,
  "timesteps": [
    300,
    498,
    512,
    317,
    419,
    512,
    241,
    512,
    512,
    316,
    483,
    512,
    454,
    498,
    322,
    502,
    339,
    512,
    383,
    386,
    354,
    414,
    396,
    315,
    512,
    512,
    413,
    511,
    465,
    350,
    512,
    493,
    512,
    239,
    289,
    512,
    512,
    380,
    356,
    512,
    379,
    208,
    509,
    459,
    512,
    357,
    347,
    470,
    512,
    512
  ],
  "timesteps_mean": 427.08,
  "timesteps_std": 89.83893142730494
}