{
  "collision_rate": [
    1.0,
    1.0,
    1.0,
    0.0,
    0.0,
    1.0,
    1.0,
    1.0,
    1.0,
    1.0,
    1.0,
    1.0,
    1.0,
    1.0,
    0.0,
    0.0,
    1.0,
    1.0,
    1.0,
    1.0,
    1.0,
    1.0,
    1.0,
    1.0,
    0.0,
    1.0,
    1.0,
    1.0,
    1.0,
    1.0,
    1.0,
    1.0,
    0.0,
    1.0,
    0.0,
    1.0,
    1.0,
    1.0,
    0.0,
    1.0,
    0.0,
    1.0,
    1.0,
    1.0,
    1.0,
    1.0,
    1.0,
    1.0,
    1.0,
    0.0
  ],
  "collision_rate_mean": 0.8,
  "collision_rate_std": 0.4,
  "similarity": [
    0.9931558712392122,
    0.9834528115771565,
    0.9951648705205308,
    0.9960952905239477,
    0.995128649605241,
    0.9977025494901278,
    0.98996916278707,
    0.9927345898047424,
    0.9966386518847213,
    0.9939419371522784,
    0.9979053326228468,
    0.9971781764664083,
    0.9971615755555613,
    0.9922822923482264,
    0.9923696432908905,
    0.9985999756811177,
    0.9924729131947359,
    0.9951156922027399,
    0.999991482711673,
    0.9978055551095086,
    0.9822976273023044,
    0.9936702240437346,
    0.9973467611805505,
    0.9899174043126009,
    0.9958181320408946,
    0.9955116724210872,
    0.9887233198830473,
    0.9966570626643838,
    0.9830238991225844,
    0.9962483397282739,
    0.9970793433604694,
    0.9931174053204918,
    0.9920880517210681,
    0.9578440089383364,
    0.9952079697186481,
    0.9966106914228257,
    0.9922055314081158,
    0.9487745157240247,
    0.9955030207673763,
    0.9973612384119629,
    0.9928672239579661,
    0.9970494039616308,
    0.9922156520257776,
    0.9932594254752,
    0.941353546973794,
    0.9963713490529423,
    0.9931273664903498,
    0.9902349663514755,
    0.9959874711685127,
    0.9946276678149119
  ],
  "similarity_mean": 0.9913393463306813,
  "similarity_std": 0.011360460378530423,
  "waypoint_distance": [
    1.803040368595734,
    1.8370932340664625,
    0.8396420757626453,
    0.9557120259774983,
    1.0628893066441998,
    0.7997684171956412,
    0.6465181493744678,
    1.2282319121768828,
    0.7169664687340807,
    0.8496355072080077,
    0.8527296343369415,
    0.7956548907475822,
    0.6798973852511245,
    0.664746091997424,
    1.5104592246196495,
    0.6480430570189304,
    1.467156036821144,
    0.7410898920677097,
    0.457886814015087,
    0.6687509361154437,
    2.75666677352651,
    0.7424095446911617,
    0.6866526444029433,
    1.4180591136994498,
    0.8981106258024707,
    0.9757494223489376,
    0.64991757511471,
    0.82737013328564,
    1.5026056340404892,
    0.9534381829824267,
    0.6923923402970349,
    0.579869825952685,
    1.660762659034496,
    0.9635017346522928,
    1.426822378169874,
    0.7350521567157554,
    0.7860350781184147,
    0.8087971772957501,
    1.4449784929896683,
    0.6901305437706914,
    1.5174023305273279,
    0.7267230505336149,
    1.6534989662203414,
    1.4208935586136766,
    1.091301814564656,
    0.8158323787849391,
    0.879522247648494,
    1.1241109359515145,
    1.0044162529732037,
    1.1260171729097104
  ],
  "waypoint_distance_mean": 1.0356990434869107,
  "waypoint_distance_std": 0.4289701322672059,
  "speed": [
    8.634821405471957,
    8.88359501719255,
    8.755090686719717,
    9.328038008005276,
    9.251040937834691,
    8.331704182580909,
    5.454726189052004,
    9.163119211025737,
    8.868549886674671,
    7.958008878699104,
    7.19563016185308,
    7.446893491804135,
    7.894391564091581,
    5.832558533262272,
    9.222156690195964,
    1.4907304425799626,
    9.14627465124282,
    7.621016345093051,
    1.3217418890227681,
    8.01184304504528,
    9.15151027431932,
    7.03387409168279,
    8.203320857128986,
    8.941186001878686,
    9.336320908045538,
    9.224389727314993,
    7.268274952545544,
    7.0333812576661945,
    7.909955496973749,
    9.303025123551814,
    8.045609735655756,
    5.437029834046851,
    9.218324848025096,
    8.787089208515331,
    9.373165767002021,
    8.937616271884858,
    6.597262528426596,
    8.625217887205121,
    9.39772228994028,
    8.535104434363802,
    9.243037042557782,
    8.79223438741461,
    9.292970504846185,
    9.205102502380672,
    8.01449096247344,
    9.261791377611992,
    6.843202579088367,
    7.438099838222496,
    9.212676519986562,
    9.194021019293091
  ],
  "speed_mean": 8.05337878894992,
  "speed_std": 1.7108193093695823,
  "total_reward": [
    2933.665796326286,
    2449.0456771136046,
    3155.0058836691783,
    4757.31560202349,
    4438.420351989371,
    2785.4987161895883,
    651.3655385520411,
    3430.6659457228975,
    3378.2612777713816,
    2416.1080406510514,
    1637.639562779687,
    1879.5217102542078,
    2339.0423523751756,
    791.0435751869003,
    3762.454866159114,
    49.12343175688243,
    3465.6892446767433,
    2116.2113930654787,
    32.50890409139915,
    2518.98920470333,
    2524.438997663538,
    1543.6606054429028,
    2644.053130417237,
    2773.6919002781697,
    4763.493807757343,
    4110.364885781969,
    1737.500094622234,
    1500.324387167114,
    1984.0290570876496,
    4494.097047493702,
    2479.452604140605,
    656.7468439308508,
    3606.1225516939503,
    2865.809795873749,
    4693.025301423617,
    3458.577763556206,
    1196.2405545566696,
    2795.14275936568,
    4711.875322733305,
    2989.105783781278,
    3763.399358322211,
    3253.8638471423596,
    3640.418775640243,
    3422.485560301469,
    2094.413969398948,
    4216.6326659901115,
    1528.1481937017938,
    1833.4450288765618,
    4066.181665447907,
    4260.162282992608
  ],
  "total_reward_mean": 2771.889632352796,
  "total_reward_std": 1233.5685710508901,
  "timesteps": [
    462,
    395,
    369,
    512,
    512,
    338,
    124,
    441,
    385,
    309,
    231,
    256,
    300,
    140,
    512,
    33,
    472,
    282,
    33,
    318,
    483,
    224,
    326,
    385,
    512,
    462,
    245,
    217,
    316,
    487,
    312,
    125,
    512,
    372,
    512,
    391,
    186,
    359,
    512,
    354,
    512,
    374,
    511,
    458,
    309,
    459,
    228,
    259,
    468,
    512
  ],
  "timesteps_mean": 356.12,
  "timesteps_std": 131.86017442730764
}