{
  "collision_rate": [
    1.0,
    0.0,
    0.0,
    1.0,
    1.0,
    1.0,
    1.0,
    1.0,
    1.0,
    1.0,
    0.0,
    0.0,
    1.0,
    1.0,
    1.0,
    1.0,
    0.0,
    1.0,
    1.0,
    1.0,
    1.0,
    1.0,
    1.0,
    1.0,
    1.0,
    0.0,
    1.0,
    1.0,
    1.0,
    1.0,
    0.0,
    0.0,
    0.0,
    1.0,
    1.0,
    1.0,
    1.0,
    1.0,
    1.0,
    0.0,
    1.0,
    1.0,
    0.0,
    1.0,
    1.0,
    1.0,
    1.0,
    1.0,
    1.0,
    1.0
  ],
  "collision_rate_mean": 0.78,
  "collision_rate_std": 0.41424630354415953,
  "similarity": [
    0.9819825110518132,
    0.9748380579137771,
    0.9801193278073657,
    0.9952618798712176,
    0.9827448344724398,
    0.9824627258013409,
    -0.2170832480902976,
    0.9262937549416866,
    0.9996089261076275,
    0.9848351113624225,
    0.9688899053856965,
    0.9207378745196382,
    0.9999071631781414,
    0.7097242822293438,
    0.0662457497787263,
    0.9992834431667342,
    0.9792622057394609,
    0.9889709612431411,
    0.9933008672114504,
    0.9961342956319967,
    0.9824218694401479,
    0.9282689372334268,
    0.9709393943373938,
    0.9962796174190673,
    0.9945468770279711,
    0.9828940929293295,
    0.9863520277363139,
    0.9842047493721741,
    0.9952533850105469,
    0.9976975840424775,
    0.9822764647642775,
    0.4300814662472507,
    0.9802841183423808,
    0.9933127706095765,
    0.984278295964648,
    0.9913073630065556,
    0.9902220038756993,
    0.9470449740274016,
    0.9948347143788738,
    0.9748485022918798,
    0.983432186988993,
    0.9888399300124268,
    0.9855702763916558,
    0.9993822528875113,
    0.9803267546628757,
    0.997272236801991,
    0.9884166374543307,
    0.9466421667966688,
    0.9731762398409002,
    0.9952437467180841
  ],
  "similarity_mean": 0.922783445318731,
  "similarity_std": 0.22343210677338754,
  "waypoint_distance": [
    1.3808040380677953,
    2.2223306276911954,
    1.6529867972378258,
    0.6950469982254477,
    1.7419944048409246,
    1.5254870969137235,
    7.592036060563891,
    4.397432143543156,
    0.6681641523285483,
    1.32962831869547,
    2.9112318605505085,
    2.059456932172184,
    0.6377539055583767,
    1.1257645589029626,
    34.09176227699231,
    0.5492533149529153,
    1.9084735504215737,
    1.2305700662079224,
    0.8468257028215197,
    0.6521111963212998,
    1.5231675032281702,
    1.1221916748108303,
    2.4731921303533655,
    0.7501615480655607,
    0.8030673430910602,
    2.0013449297716623,
    1.2146226321347262,
    1.3864979466923386,
    0.6939077808710378,
    1.0792773984932835,
    1.6220325303416243,
    2.2574463932187374,
    1.6756821913020528,
    0.8108593932365843,
    1.3253640739946342,
    1.3161141342720608,
    1.0293681522549385,
    3.71734495706781,
    0.6985390586845017,
    2.2567262352420836,
    1.5334417725662164,
    0.9842565579159328,
    1.2589494084124977,
    0.5252911517601698,
    1.8624866571771208,
    0.7213435760425949,
    0.695029001940704,
    1.0213948946320242,
    2.429092745738038,
    0.7751883400650246
  ],
  "waypoint_distance_mean": 2.2156499223277386,
  "waypoint_distance_std": 4.7004019997101905,
  "speed": [
    7.695489242633139,
    8.080427269893091,
    8.37815643215394,
    8.207660566343122,
    8.322506315197174,
    8.352217278496061,
    20.61523566049565,
    16.575796720347753,
    2.3805390386963197,
    8.364394316401258,
    8.332198611353688,
    8.380687312525916,
    1.8486003658224157,
    7.928821108584373,
    55.015411461700914,
    4.689134089503674,
    8.365813017518956,
    8.290349261067849,
    7.394089626310878,
    7.296581704034453,
    8.410153697356003,
    7.793696807811022,
    8.394730253934894,
    6.518011077540581,
    4.671935315875595,
    8.4401187369045,
    8.398525401396245,
    8.28072524569595,
    7.7984251694722575,
    7.916898280515788,
    8.449261081824309,
    8.339183084440192,
    8.396869595159487,
    8.224198854720914,
    8.420667832842238,
    8.17545920848525,
    8.407942217513236,
    10.86955675970205,
    8.251003455081458,
    8.353571792432824,
    8.463073037413736,
    8.336760048547381,
    8.359246928737464,
    7.21834625016745,
    8.24451724069807,
    8.042156497152689,
    7.791740285227973,
    8.209655721221434,
    8.355350556196477,
    7.994780566902004
  ],
  "speed_mean": 9.160813408001003,
  "speed_std": 7.046859563121265,
  "total_reward": [
    3014.5436453876405,
    2973.196070061412,
    3347.3165366073163,
    2267.449976763082,
    2817.4916421162025,
    2252.2536905491543,
    -515.0598979441253,
    -493.41491895235515,
    67.16264203775796,
    3140.9966730194574,
    2724.799069975673,
    3224.344829819234,
    -439.7121321893458,
    1624.0158235521008,
    -1500.095011984117,
    -17.38719097465732,
    3189.4101267986985,
    2773.1003265371373,
    1552.683016413623,
    1405.610283529641,
    3453.58145668065,
    1809.7562977950377,
    2742.0483530609326,
    341.9273532655428,
    -360.59111907830743,
    3210.8895572816887,
    3274.3233482142205,
    2780.6834335420162,
    1639.5146820475952,
    2237.900099608543,
    3441.3312026751914,
    2591.3518026786624,
    3343.3518587296467,
    2353.4102590261323,
    3251.7938123715953,
    1907.00023416049,
    3561.596739160437,
    -538.6159130946291,
    2297.402230551844,
    3014.91677240462,
    3298.5855764344115,
    2962.9253076269997,
    3781.172647302779,
    811.4875689163553,
    2411.57449340197,
    1895.0573595753735,
    -350.622593870925,
    2528.3663460257785,
    2770.1967701668946,
    1859.8736484353785
  ],
  "total_reward_mean": 2034.617895724409,
  "total_reward_std": 1369.3628122947,
  "timesteps": [
    475,
    512,
    512,
    340,
    425,
    393,
    33,
    33,
    33,
    451,
    512,
    512,
    33,
    293,
    33,
    33,
    512,
    452,
    214,
    196,
    510,
    274,
    481,
    131,
    33,
    512,
    453,
    393,
    277,
    286,
    512,
    512,
    512,
    353,
    465,
    328,
    489,
    33,
    342,
    512,
    485,
    437,
    512,
    183,
    376,
    300,
    33,
    349,
    483,
    298
  ],
  "timesteps_mean": 337.22,
  "timesteps_std": 173.3736185236958
}