{
  "collision_rate": [
    0.0,
    0.0,
    0.0,
    0.0,
    0.0,
    1.0,
    1.0,
    0.0,
    0.0,
    0.0,
    0.0,
    0.0,
    0.0,
    0.0,
    0.0,
    0.0,
    1.0,
    1.0,
    1.0,
    1.0,
    0.0,
    0.0,
    0.0,
    0.0,
    0.0,
    0.0,
    1.0,
    0.0,
    0.0,
    0.0,
    0.0,
    0.0,
    0.0,
    1.0,
    0.0,
    0.0,
    0.0,
    0.0,
    0.0,
    0.0,
    0.0,
    0.0,
    0.0,
    0.0,
    0.0,
    0.0,
    0.0,
    0.0,
    0.0,
    1.0
  ],
  "collision_rate_mean": 0.18,
  "collision_rate_std": 0.38418745424597095,
  "similarity": [
    0.9916635943091658,
    0.8797378251144228,
    0.9767672652208665,
    0.9956224672755588,
    0.9769276139329899,
    0.9925980520920248,
    0.9899822860689111,
    0.9834353074102165,
    0.9944978363155542,
    0.9931192641680462,
    0.9944731455367459,
    0.9959844295881993,
    0.9353977368261192,
    0.8679130791004791,
    0.8675529316271184,
    0.9943038806375623,
    0.6140855850154805,
    0.9936191392238471,
    0.986621932650012,
    0.8798758104706577,
    0.8586830326350855,
    0.992209536021919,
    0.9958466371235989,
    0.994852807769666,
    0.8800261005920437,
    0.9969369277739708,
    0.9789346849885199,
    0.9736292312934129,
    0.9956764703042335,
    0.8310915660307165,
    0.9944466107659367,
    0.9967281871039497,
    -0.0956268007065053,
    0.9923722358698646,
    0.9834450470531264,
    0.9943701693614914,
    0.7979387994269239,
    0.9960993096647017,
    0.8518602365090208,
    0.9959735085255844,
    0.9947660381374708,
    0.6738480969590404,
    0.8803986028694212,
    0.9951017110715225,
    0.8750672841263767,
    0.9807777128414257,
    0.9948417186473821,
    0.9951741569596723,
    0.9941507569848451,
    0.9917944566166745
  ],
  "similarity_mean": 0.9257118803181014,
  "similarity_std": 0.167788616898548,
  "waypoint_distance": [
    1.7064512809109806,
    6.5805342459462475,
    3.9064001254095637,
    0.9708634093843073,
    1.013925556601981,
    1.4987726511107373,
    1.9742004840345202,
    2.811150460347071,
    1.218413563768118,
    1.2131526697367099,
    1.2164277159332526,
    0.8881984067899292,
    3.7404813737242946,
    4.18424657073982,
    6.38451681235851,
    1.252345965399272,
    6.038702920465384,
    1.070351325730592,
    1.6064134687514238,
    3.069041978313164,
    4.798141972200057,
    2.390580572471717,
    0.993627050258986,
    1.1587119987178405,
    4.856019910465799,
    0.8717204997389022,
    1.5406678617648777,
    2.7207131672270783,
    0.9772879779631889,
    3.1161383375779357,
    1.2185732747289781,
    3.4553210586603758,
    29.809145350943837,
    1.5917595524384385,
    2.323642068287988,
    1.2309508818517207,
    8.14826682184355,
    1.0634751743665027,
    6.691578246998295,
    0.9760199947107925,
    4.17116689600881,
    5.5321919430606945,
    4.826039601982558,
    1.1079600208424878,
    6.400956996660033,
    4.28206485000334,
    6.091090792461141,
    6.022557547182083,
    1.2907270724856328,
    0.8289535497861233
  ],
  "waypoint_distance_mean": 3.4566128405829124,
  "waypoint_distance_std": 4.28221234259906,
  "speed": [
    8.765071374456468,
    9.257534248025806,
    9.373195461394435,
    9.325693062277919,
    9.1816127185871,
    9.084226260629721,
    9.172352024880306,
    9.260218828014041,
    9.29956899072909,
    9.332183164117438,
    9.363117600608936,
    9.290347712205357,
    9.281465411969842,
    9.30008781450175,
    9.217366649092567,
    9.302840776573216,
    9.210690901332343,
    7.8375302233065405,
    8.03919322229687,
    8.538770234585405,
    9.381098967906494,
    9.353219988348991,
    9.2318560618999,
    9.2966104895852,
    9.322750609508452,
    9.329263006268228,
    9.065338036369488,
    9.231870045817706,
    9.297704923198939,
    9.274937673773543,
    9.309605798871036,
    9.305309299749771,
    9.15874728827126,
    9.067325443789736,
    9.262616741725816,
    9.320977535879583,
    9.283093605859085,
    9.224565057690096,
    9.297972121187872,
    9.322633841084363,
    9.179101481497797,
    9.36186208710317,
    9.309350078195743,
    9.302719569010922,
    9.318283005514383,
    9.326355049224766,
    9.319307710942523,
    8.28051489836699,
    9.21388176431104,
    9.157374265591722
  ],
  "speed_mean": 9.170786262522595,
  "speed_std": 0.319723949697983,
  "total_reward": [
    3258.856732213513,
    939.4002659189144,
    1404.0864658651394,
    4635.134030459068,
    4239.903232688724,
    3355.045569977071,
    3197.4576257055433,
    2763.275956132075,
    4135.900991353225,
    4205.952609382682,
    4200.700132423947,
    4694.971608078836,
    1717.9709753744294,
    1400.3203636869305,
    1069.7439244183176,
    4109.121574265471,
    848.5164536012,
    2302.888098384286,
    2172.805949482996,
    1586.9274637636765,
    2053.4994648602387,
    3162.746259438267,
    4546.170660916772,
    4254.809394327505,
    1290.7330580517037,
    4730.314626906304,
    3093.6852942705677,
    2850.7199709828737,
    4655.442971886601,
    3187.9430760100977,
    4159.37993250748,
    1651.123626103541,
    -1.3403959789447755,
    3226.306355013396,
    3233.2491444558514,
    4176.549662115152,
    830.7140396686756,
    4424.47763315603,
    912.2296930694239,
    4618.047483153469,
    1199.3395217499808,
    2425.6345131661114,
    1303.8716285389914,
    4395.662965730719,
    936.5867535992817,
    1201.5538803681936,
    769.4225425252258,
    740.3085390510172,
    3988.1772748419585,
    3790.516949710438
  ],
  "total_reward_mean": 2760.9371308674595,
  "total_reward_std": 1421.2937444599652,
  "timesteps": [
    512,
    512,
    512,
    512,
    512,
    461,
    494,
    512,
    512,
    512,
    512,
    512,
    512,
    512,
    512,
    512,
    469,
    313,
    345,
    357,
    512,
    512,
    512,
    512,
    512,
    512,
    439,
    512,
    512,
    512,
    512,
    512,
    512,
    460,
    512,
    512,
    512,
    512,
    512,
    512,
    512,
    512,
    512,
    512,
    512,
    512,
    512,
    512,
    512,
    433
  ],
  "timesteps_mean": 495.26,
  "timesteps_std": 43.943513742075744
}