{
  "collision_rate": [
    1.0,
    1.0,
    1.0,
    1.0,
    1.0,
    1.0,
    1.0,
    1.0,
    1.0,
    0.0,
    1.0,
    1.0,
    1.0,
    0.0,
    1.0,
    1.0,
    1.0,
    1.0,
    1.0,
    1.0,
    1.0,
    1.0,
    1.0,
    1.0,
    1.0,
    0.0,
    1.0,
    1.0,
    1.0,
    1.0,
    1.0,
    1.0,
    1.0,
    1.0,
    0.0,
    0.0,
    1.0,
    1.0,
    1.0,
    1.0,
    1.0,
    0.0,
    1.0,
    1.0,
    1.0,
    1.0,
    1.0,
    1.0,
    1.0,
    0.0
  ],
  "collision_rate_mean": 0.86,
  "collision_rate_std": 0.3469870314579494,
  "similarity": [
    0.5269731887042712,
    0.8708136568320921,
    0.9962731611765252,
    0.5104052101355429,
    0.9638942582860667,
    0.9887355026626689,
    0.9651384804626426,
    0.8685165159575254,
    0.836908021761459,
    0.8958146639986324,
    0.9107630149125996,
    0.9959278803749883,
    0.8859135302601333,
    0.7977558358358621,
    0.9383853429225395,
    0.00546341003752601,
    -0.13850395774153962,
    -0.275734180764223,
    0.9762247239389253,
    0.39661431478455456,
    0.9965553626354523,
    0.04893456565550126,
    0.9425799086051544,
    0.8944150087404439,
    0.8624051299820882,
    0.8450250727658406,
    0.991039837085414,
    0.8862852502114382,
    0.7537439109567089,
    0.997898211103867,
    0.9079162037057148,
    0.8323099856236197,
    0.8629792354224174,
    0.973539056453999,
    0.3294062324068723,
    0.8412704310880986,
    0.901472990037824,
    -0.1418581191343171,
    0.9315886172625364,
    0.8605935321163658,
    0.9463824491740178,
    0.8747895126796306,
    0.9945626865674174,
    0.5182079590135757,
    0.9054378268366758,
    0.9691194997634279,
    0.9935860955235891,
    0.6175489475943691,
    0.8431105739472474,
    0.7387154895019935
  ],
  "similarity_mean": 0.7567168807573157,
  "similarity_std": 0.3263541719448494,
  "waypoint_distance": [
    13.532500680236243,
    7.157577557520334,
    0.22552426575725174,
    11.02477030408103,
    1.8349652227133995,
    0.8558362910456614,
    1.3471572718105511,
    6.563997180844371,
    8.939826258763885,
    2.847210185281402,
    1.347319359559211,
    0.6288548593120299,
    6.99590731730618,
    9.411233444174702,
    4.507003678995024,
    24.11462458192707,
    2.65891018726043,
    29.258343322237415,
    1.1018364437513704,
    10.496572176372785,
    0.6306058402323342,
    4.61357846233614,
    4.1193851535631545,
    6.568450499639417,
    10.300352951086323,
    7.178319226839543,
    0.6760086222343883,
    7.038011039997002,
    6.88599432571856,
    0.5196531209501518,
    4.746174210664637,
    9.064042290707963,
    6.449304932227399,
    3.948446417195014,
    4.746460929145261,
    8.943743795077916,
    5.0820420180305454,
    10.721713091198836,
    0.7462564295888524,
    6.845385112104605,
    1.290437922135743,
    11.177836845912418,
    0.6001867920043351,
    11.646574872717249,
    3.518970027658428,
    3.44646586715814,
    0.6428629248308289,
    8.94341164147599,
    4.525859819258924,
    22.627184942577117
  ],
  "waypoint_distance_mean": 6.461873814264351,
  "waypoint_distance_std": 6.017785305749459,
  "speed": [
    9.184298934191883,
    8.607402161201087,
    1.9854065036563713,
    9.384333502867706,
    9.000532984684412,
    6.365507014789268,
    7.174427551366713,
    10.126887585139244,
    9.859266723770679,
    10.128441644306625,
    8.716934548433052,
    6.462368120520416,
    9.516356413750877,
    9.902345449788914,
    9.588071527393964,
    6.931649656354304,
    2.628960973913757,
    8.920915494728687,
    7.87124244737006,
    13.800996602320321,
    2.5479335423019736,
    9.12618529988417,
    9.284383924610799,
    9.077846438692347,
    9.446967641607744,
    10.171197939994652,
    9.926890005299963,
    10.047796918026373,
    9.747715460909356,
    5.7827893710890015,
    10.39318260209983,
    9.821079720343421,
    10.166884399628978,
    7.620840458171322,
    9.963428120452543,
    10.159371511544078,
    9.96630067987754,
    26.438160437538798,
    1.6711147518960927,
    8.805484855715727,
    6.5470539545586055,
    10.79524447725373,
    6.923867849960884,
    8.502624792520917,
    8.808619435077803,
    6.221616922568981,
    5.676093214349873,
    9.537528093990899,
    9.61478326820623,
    10.050975929318527
  ],
  "speed_mean": 8.780006157160791,
  "speed_std": 3.4504724394577417,
  "total_reward": [
    462.8715381099548,
    -93.4199886577108,
    51.55099457523692,
    627.1095768101636,
    1810.4909259548167,
    896.5415357248393,
    573.8781273963425,
    1135.0907110505268,
    1221.018795668424,
    2540.712684076155,
    1720.0809991764374,
    422.2837643737728,
    1266.1754796294513,
    1255.9087937882405,
    1158.419994061695,
    -500.037692907039,
    -570.0,
    -503.04408352110613,
    1488.004884456283,
    -496.55993157592127,
    72.38123645524804,
    673.4132910861464,
    1642.7303528530388,
    1227.5716772750602,
    446.6421235046106,
    1451.1368848626537,
    308.03355457585593,
    1526.530569382229,
    988.0869723978183,
    109.47946334375251,
    1976.065662585996,
    1170.2531665371944,
    1557.2204058618938,
    439.10501274864066,
    1891.2779351648737,
    1632.1403818386661,
    1696.9042915051384,
    -1000.0,
    21.103864211108398,
    -7.527496213410473,
    804.0775052998705,
    568.8422600505974,
    631.6003646442023,
    44.03719294516632,
    1148.100319715674,
    335.23134782987916,
    133.41252297986603,
    1208.6776508001203,
    1809.2317701481388,
    56.286730181333134
  ],
  "total_reward_mean": 780.5824824552385,
  "total_reward_std": 783.5777800775389,
  "timesteps": [
    498,
    306,
    33,
    473,
    292,
    146,
    182,
    363,
    488,
    512,
    260,
    145,
    436,
    512,
    410,
    163,
    33,
    281,
    218,
    33,
    33,
    326,
    394,
    406,
    435,
    512,
    33,
    487,
    406,
    107,
    495,
    478,
    506,
    207,
    512,
    512,
    484,
    33,
    33,
    336,
    151,
    512,
    166,
    313,
    282,
    141,
    114,
    413,
    409,
    512
  ],
  "timesteps_mean": 310.64,
  "timesteps_std": 169.6927529389514
}