{
  "collision_rate": [
    0.0,
    0.0,
    0.0,
    0.0,
    0.0,
    0.0,
    0.0,
    0.0,
    0.0,
    0.0,
    0.0,
    0.0,
    0.0,
    1.0,
    0.0,
    0.0,
    0.0,
    0.0,
    0.0,
    0.0,
    0.0,
    0.0,
    1.0,
    0.0,
    1.0,
    1.0,
    0.0,
    0.0,
    0.0,
    0.0,
    0.0,
    0.0,
    0.0,
    0.0,
    0.0,
    1.0,
    0.0,
    0.0,
    0.0,
    0.0,
    0.0,
    0.0,
    0.0,
    0.0,
    0.0,
    0.0,
    0.0,
    0.0,
    0.0,
    0.0
  ],
  "collision_rate_mean": 0.1,
  "collision_rate_std": 0.3,
  "similarity": [
    0.9956793685160743,
    0.9560487376897804,
    0.9949480860280371,
    0.9930910489460151,
    0.9966327461571112,
    0.9749633102654796,
    0.9957265103412669,
    0.9353580027827085,
    0.9955121402591136,
    0.9959205982815812,
    0.9957179824384323,
    0.9978380627328907,
    0.9952091027431772,
    0.8722839560522369,
    0.9945935760373588,
    0.9957699043732061,
    0.9955864858074049,
    0.9955695904542596,
    0.9957674720529778,
    0.9961366195054475,
    0.9956135016674896,
    0.9956652843676024,
    0.9793990391471562,
    0.9861083254975048,
    0.9828261521074455,
    0.9923524768918464,
    0.9927327318685116,
    0.9426842504389279,
    0.9957464340057255,
    0.9959529640572736,
    0.9957119201494741,
    0.9900257152238017,
    0.9956483246462937,
    0.9959202460079087,
    0.9438807271805749,
    0.9671875295398976,
    0.9945126567110087,
    0.996636886742878,
    0.9349473953773063,
    0.9942686398438817,
    0.8974639956796712,
    0.996424115073941,
    0.9963605566596428,
    0.9958610893383993,
    0.9974179622230802,
    0.9960401047869992,
    0.9971132056715091,
    0.9959437947641685,
    0.9957012366878504,
    0.9954848425958068
  ],
  "similarity_mean": 0.9839997081283627,
  "similarity_std": 0.026184348639646644,
  "waypoint_distance": [
    6.94938393186784,
    12.405286659973083,
    3.1035629350986715,
    0.9039486385416111,
    1.0003353590846609,
    3.7634801034979044,
    0.8029822695669201,
    4.758541947988766,
    0.9046909654046628,
    0.8239814595018851,
    0.8033629213692168,
    6.0886625405417245,
    0.8350139418301644,
    5.435587000071089,
    2.8565113642043123,
    0.8434383010842661,
    6.98542689733465,
    7.890192549130407,
    5.826462371062985,
    0.791293990310026,
    7.83560893308462,
    0.8172510212396165,
    1.3081436481475757,
    1.9677955375037035,
    3.3045388640819238,
    0.987949077878784,
    20.94295401878701,
    8.367179453328202,
    0.8222697353955637,
    0.7991691690370372,
    7.764899448960287,
    1.0614426031591842,
    3.5373432161572307,
    0.7948268081759281,
    8.253999964384386,
    1.3228766360537374,
    6.726304613322093,
    0.9615000680482992,
    4.753982507162679,
    0.8843181599871766,
    5.582106689543814,
    7.961010100691947,
    7.462284021332779,
    7.917637929103256,
    5.92052880274807,
    0.8921054431688872,
    8.854812682829113,
    0.8030729200394248,
    5.7654144547480355,
    2.3149647329128165
  ],
  "waypoint_distance_mean": 4.20920874816956,
  "waypoint_distance_std": 3.8962824558634903,
  "speed": [
    8.76101241748665,
    9.32940423365831,
    9.208121858497197,
    9.407709812023873,
    9.30572377425702,
    9.309590293572851,
    9.319636769812618,
    9.21385120258482,
    9.36371417110094,
    9.369220727157034,
    9.319983627437216,
    9.32033402100649,
    9.30400870993223,
    8.809486005678764,
    9.248957059495092,
    9.255821456877934,
    9.332616916657667,
    9.291659879916946,
    9.316259814191197,
    9.362922070547645,
    9.323496142614982,
    9.276550721214393,
    9.004429835984059,
    9.14664626773277,
    6.808962700911813,
    7.894658905740759,
    9.35068648296532,
    9.303687034765229,
    9.250041236797328,
    9.292906950756528,
    9.295188529400296,
    9.226547625291323,
    9.242234205567435,
    9.307883729050022,
    9.280623159539058,
    7.944602635688525,
    9.41565335176268,
    9.250545570453461,
    9.292591895947378,
    9.179770246848578,
    8.92865347868237,
    9.2589330642276,
    9.33858334368003,
    9.346527015282566,
    9.350503853661076,
    9.250928939954338,
    9.230305024796746,
    9.322424259033266,
    9.311271461284568,
    9.331207372687201
  ],
  "speed_mean": 9.158141597284285,
  "speed_std": 0.44501684407102204,
  "total_reward": [
    661.5737106041034,
    418.5181390701788,
    2005.2328829681442,
    4702.005659235203,
    4745.907411854718,
    2286.4712725714467,
    4749.880730632577,
    2155.1869917324348,
    4757.506363146562,
    4775.908587720486,
    4749.969722069049,
    727.5962820849048,
    4739.203222838411,
    1336.0188470036687,
    2981.6834634025176,
    4717.487082477945,
    680.7216603196156,
    654.73171767122,
    750.6049221435148,
    4773.933409788152,
    654.185173260503,
    4727.6459209354025,
    3446.465315139077,
    3548.308872780956,
    341.7074292004811,
    1678.537068820498,
    376.01986522227975,
    644.3293262857243,
    4714.269709682011,
    4737.4161527567685,
    646.5659726998205,
    4671.715710274028,
    1548.95313195443,
    4744.779977895793,
    648.2777642631659,
    1411.772532762209,
    718.6229931447031,
    4718.578175086224,
    2201.8835688279364,
    4628.761600199739,
    1919.4568676774327,
    606.6595577037345,
    651.2481970329209,
    642.3729609775824,
    749.0438810810654,
    4715.945336256711,
    473.59528140548395,
    4752.3259347906,
    764.2351552708045,
    3017.046335648398
  ],
  "total_reward_mean": 2529.4173569674263,
  "total_reward_std": 1812.11806487812,
  "timesteps": [
    512,
    512,
    512,
    512,
    512,
    512,
    512,
    512,
    512,
    512,
    512,
    512,
    512,
    391,
    512,
    512,
    512,
    512,
    512,
    512,
    512,
    512,
    441,
    512,
    139,
    221,
    512,
    512,
    512,
    512,
    512,
    512,
    512,
    512,
    512,
    217,
    512,
    512,
    512,
    512,
    512,
    512,
    512,
    512,
    512,
    512,
    512,
    512,
    512,
    512
  ],
  "timesteps_mean": 488.98,
  "timesteps_std": 77.97704534027949
}