{
  "collision_rate": [
    1.0,
    1.0,
    0.0,
    0.0,
    1.0,
    0.0,
    1.0,
    0.0,
    1.0,
    1.0,
    0.0,
    1.0,
    1.0,
    1.0,
    1.0,
    0.0,
    1.0,
    0.0,
    1.0,
    0.0,
    1.0,
    1.0,
    1.0,
    0.0,
    1.0,
    1.0,
    1.0,
    0.0,
    1.0,
    1.0,
    1.0,
    0.0,
    0.0,
    1.0,
    1.0,
    1.0,
    1.0,
    1.0,
    1.0,
    1.0,
    1.0,
    1.0,
    1.0,
    0.0,
    0.0,
    0.0,
    0.0,
    0.0,
    0.0,
    0.0
  ],
  "collision_rate_mean": 0.62,
  "collision_rate_std": 0.4853864439804639,
  "similarity": [
    0.7394203404256369,
    0.9573251114340323,
    0.9800089952192577,
    0.6435889419847758,
    0.9933779928611103,
    0.9913374834123763,
    0.9964328042015275,
    0.8405415707186258,
    0.9986472259366893,
    0.8702556861746077,
    0.8858972858985001,
    0.9743564884300532,
    0.992257663924805,
    0.989617691276632,
    0.9999600115892119,
    0.07661861289039618,
    0.8104272228884247,
    0.08779855878556225,
    0.99561983466647,
    0.9875952137319878,
    0.9960913757643743,
    0.9817466368262353,
    0.9929542114199703,
    0.9926888315346074,
    0.4011308375107663,
    0.3335181373132092,
    0.9998217004695455,
    0.9913304818779158,
    0.3558247788762958,
    -0.13525581448489996,
    0.9880015981111924,
    0.991211881741015,
    0.9899425651690693,
    0.9952814137725596,
    0.9912344008040421,
    0.99094988109857,
    0.9950038749824062,
    0.7133019777233303,
    0.9931853387831977,
    0.9964777180649705,
    0.9659511985611614,
    0.9964676750922079,
    0.9873991591639353,
    0.21303043353828074,
    0.9894245902727552,
    0.9894936940487615,
    0.9749711212604746,
    0.545551097028226,
    0.7275187781343657,
    0.4459115837713952
  ],
  "similarity_mean": 0.8240249178936125,
  "similarity_std": 0.2906918602061914,
  "waypoint_distance": [
    8.976069403088205,
    5.158865974147169,
    1.2267295392946211,
    11.26991983622068,
    1.2757282722181449,
    1.1582117895750992,
    0.694100091106504,
    2.235566421185991,
    0.4919705866880882,
    7.013694554977984,
    5.687089959774777,
    0.8023040559054265,
    0.8386955142074849,
    1.2113205072720037,
    0.8891203456647098,
    40.22197654902164,
    3.9273889696550763,
    40.60424371960191,
    1.101403098194321,
    5.898370755714614,
    0.7657599370736662,
    0.9295504587653243,
    1.5648907430908139,
    2.0008967041966623,
    18.17792179235363,
    2.095968286119813,
    0.5935966078323214,
    1.1955443112936546,
    8.156625258480997,
    6.270325161596642,
    0.6921284493559586,
    1.1919941276268609,
    4.193004816024738,
    2.7743238977817386,
    0.6993751375447899,
    3.429184905824463,
    2.712268803980639,
    11.186760569548422,
    1.5584801196611782,
    2.8896688546801226,
    1.030027842537119,
    3.8340993284857423,
    0.6281481154960992,
    22.613617985908906,
    1.4925454165519971,
    2.432863122403939,
    1.0303640807506793,
    10.843292685855872,
    4.827277640586503,
    24.350811685098467
  ],
  "waypoint_distance_mean": 5.736881735800443,
  "waypoint_distance_std": 8.83801859091989,
  "speed": [
    9.274132103194786,
    8.869437485661894,
    0.8379266118723484,
    9.787328529930196,
    9.82068227842132,
    9.859824503695892,
    9.11449494933253,
    10.268403480391232,
    6.321278027426163,
    9.63458336990241,
    9.574054915263087,
    9.163621386652203,
    8.987005840425587,
    8.155738591008914,
    1.3920293331436548,
    9.851433095915628,
    10.363964251153678,
    9.897584693831558,
    9.748790434022704,
    9.943503112741876,
    9.31347135431162,
    9.69159187105693,
    9.202723120666418,
    9.898224401781572,
    27.729437447560294,
    0.41475076474155503,
    8.40000494033054,
    9.893502017587956,
    15.4268213715333,
    12.878802526321701,
    2.0013623917523296,
    9.86088381918947,
    9.86764299825535,
    9.683712310219041,
    9.865114590462893,
    9.381746380839346,
    6.691781296528486,
    9.772610521641809,
    9.248144946259204,
    8.019402321532494,
    6.477121190967989,
    10.291045085957206,
    4.422053710193436,
    9.647873717063263,
    9.872724146926567,
    9.87445281959216,
    9.862670198690036,
    9.722011584312376,
    9.728792296518709,
    9.864405107670816
  ],
  "speed_mean": 9.15741396488905,
  "speed_std": 3.7846845009593086,
  "total_reward": [
    545.0027056517965,
    520.2413187610796,
    403.8912589258616,
    1408.2897316061071,
    4119.812929641249,
    4671.262006417273,
    2483.0785472044763,
    2928.8596208692356,
    415.3134194432281,
    696.292246635667,
    2255.300413665661,
    2344.4510157730147,
    1917.8433201739226,
    1181.1189763946077,
    -455.6563037888942,
    0.3760447804234055,
    3122.141613993776,
    0.5345179263649497,
    3489.316734299117,
    1030.6092314611792,
    2741.6874487387113,
    3849.4773860490964,
    2217.765723492364,
    3704.515631760945,
    -1000.0,
    -419.8446772874715,
    261.0319532963996,
    4641.863466994201,
    -1000.0,
    -1000.0,
    53.212450163745274,
    4574.525232980779,
    1324.2603090260802,
    1419.980802821739,
    3788.9882739321793,
    1301.8910567172134,
    -100.01794691325802,
    531.5529786773888,
    2250.166192861834,
    83.83526224392403,
    855.7000034983411,
    346.59333959573473,
    -47.906795862635306,
    38.38509512736695,
    4180.979168166647,
    3103.97373590591,
    4641.79161813876,
    1558.784899553979,
    2837.4403404598634,
    45.325975439472295
  ],
  "total_reward_mean": 1597.280765508289,
  "total_reward_std": 1673.7669873880213,
  "timesteps": [
    421,
    333,
    512,
    512,
    478,
    512,
    330,
    512,
    147,
    432,
    512,
    324,
    277,
    220,
    33,
    512,
    507,
    512,
    438,
    512,
    351,
    408,
    335,
    512,
    33,
    33,
    33,
    512,
    33,
    33,
    33,
    512,
    512,
    401,
    440,
    391,
    155,
    465,
    337,
    209,
    153,
    326,
    106,
    512,
    512,
    512,
    512,
    512,
    512,
    512
  ],
  "timesteps_mean": 358.86,
  "timesteps_std": 173.76259781667633
}