{
  "collision_rate": [
    1.0,
    1.0,
    1.0,
    0.0,
    0.0,
    1.0,
    1.0,
    1.0,
    1.0,
    1.0,
    1.0,
    1.0,
    0.0,
    1.0,
    1.0,
    0.0,
    1.0,
    1.0,
    1.0,
    1.0,
    0.0,
    1.0,
    1.0,
    1.0,
    0.0,
    1.0,
    1.0,
    1.0,
    1.0,
    1.0,
    1.0,
    1.0,
    1.0,
    1.0,
    0.0,
    1.0,
    1.0,
    1.0,
    0.0,
    1.0,
    1.0,
    1.0,
    1.0,
    1.0,
    1.0,
    0.0,
    1.0,
    1.0,
    1.0,
    1.0
  ],
  "collision_rate_mean": 0.82,
  "collision_rate_std": 0.3841874542459709,
  "similarity": [
    0.9943713871813203,
    0.98478900481498,
    0.9934462172530104,
    0.9951222203326074,
    0.9948157691124442,
    0.9978021458555795,
    0.9896267013502722,
    0.9930212573210367,
    0.99772746273134,
    0.9961526075482949,
    0.9886917650820797,
    0.962484411446502,
    0.9953878646001577,
    0.9970804811126525,
    0.993952390020951,
    0.9998694283657507,
    0.9925526509447743,
    0.994549259914764,
    0.9969484714358967,
    0.997629351767881,
    0.9902783534260077,
    0.9904203937122427,
    0.9942772640691037,
    0.9952629660888188,
    0.9960611764602928,
    0.9954003929492866,
    0.9872951586832875,
    0.9936673279505385,
    0.99579155623169,
    0.9981653814590489,
    0.9950005482721881,
    0.9913521104227899,
    0.9911059773303562,
    0.9375198784291073,
    0.9961166856265059,
    0.9968577078848592,
    0.992206487669818,
    0.9488455026814057,
    0.9955066609237804,
    0.997384370001365,
    0.9884341630957109,
    0.9950213289291445,
    0.9933740162072561,
    0.9929694525341514,
    0.9353322945974111,
    0.9959723146505637,
    0.9967611776592439,
    0.996533220634593,
    0.9820495200948524,
    0.9925282834060545
  ],
  "similarity_mean": 0.9900702504054755,
  "similarity_std": 0.013764475104496967,
  "waypoint_distance": [
    1.8273003984283755,
    1.7627872764700898,
    1.0161714434435585,
    1.6595856262342723,
    1.1115562889288388,
    0.7311505499508166,
    0.6411087459020072,
    1.2020128897672353,
    0.6371898027722959,
    0.6702499857149169,
    1.1845075129425273,
    1.0934418493519553,
    1.2386958614870194,
    0.6986436084792589,
    0.5262994281951661,
    0.5924536172647065,
    1.473761219249147,
    0.7681160703646606,
    0.7162447683530805,
    0.6679884154095571,
    1.9053816711524585,
    0.6385729793384581,
    0.8629751855352772,
    0.8669792588650902,
    0.7826869211473965,
    0.9836576851484344,
    0.6620834840603669,
    0.9733747866417441,
    0.78681167626463,
    0.6227247162664825,
    0.7459315096905411,
    1.2128518950819258,
    1.633981474474849,
    1.030883963549522,
    0.8687988539912336,
    0.6991681333850617,
    0.7837395610114114,
    0.7868769748626868,
    1.4280969879508754,
    0.6866416926103972,
    1.6901632259853483,
    0.7012286275182058,
    0.9533098156676542,
    1.4238829842897038,
    0.9928459918919896,
    0.9881239619239526,
    0.7021802970787909,
    0.7543117579388756,
    2.9357842614102,
    1.0545398578631358
  ],
  "waypoint_distance_mean": 1.0275571110261235,
  "waypoint_distance_std": 0.4513617120781393,
  "speed": [
    8.612587279622847,
    8.897855020335689,
    8.716761384028384,
    9.315357805740957,
    9.253009144350644,
    8.367335067642,
    5.439511169760057,
    9.097590966852794,
    8.333419340050252,
    8.015895511629628,
    6.805876243215156,
    8.608808020538824,
    9.359553577452603,
    8.792801261662094,
    5.524584938094843,
    1.3844444346520535,
    9.154531219330108,
    7.650236268835321,
    5.949167842398994,
    7.895052381778105,
    9.285538990487595,
    7.2600414225484275,
    7.273551426555668,
    8.535907732235968,
    9.344280199993113,
    9.227752058152998,
    7.253627126295201,
    6.980517064239096,
    8.145996796330445,
    8.20953845733716,
    7.204511180529939,
    7.824390842298234,
    9.238266063164852,
    8.73257852387533,
    9.2956641474008,
    8.808938034622749,
    6.62052680199729,
    8.61589039692658,
    9.374326925311438,
    8.526578033246922,
    8.924991761175967,
    7.125289723633572,
    7.416314716859348,
    9.154686485727149,
    8.028241523553788,
    9.36225184363148,
    8.908351852665596,
    7.47137601567763,
    9.163029311254837,
    7.760213151942152
  ],
  "speed_mean": 8.084950949752853,
  "speed_std": 1.39751788840447,
  "total_reward": [
    3062.1795040343027,
    2517.137071499842,
    2996.7551109478654,
    4378.493443640104,
    4350.569508878008,
    2798.211678428282,
    649.1973659480477,
    3469.223019929211,
    2794.389280414119,
    2418.999021900333,
    1374.8018463970554,
    2671.985867156591,
    4768.493229359819,
    3254.5716781364595,
    690.072960895388,
    45.68102419415678,
    3510.091860497346,
    2107.649962257883,
    900.0610128619119,
    2371.266653165898,
    3398.5930808267335,
    1718.229575415712,
    1765.592613450933,
    2886.8609388313216,
    4767.4705983058475,
    4095.1434155943543,
    1751.7937802590066,
    1504.8201987379887,
    2596.0528649087723,
    2632.500473595614,
    1627.4530164543746,
    2166.310102274791,
    3262.4575392632432,
    2936.953472413676,
    4742.434246007924,
    3259.3077730199902,
    1200.5772925630677,
    2793.5956372248,
    4713.658462230334,
    2969.1195637378732,
    2642.041582398731,
    1587.8490424511244,
    1906.3390693949052,
    3273.9837529320394,
    2148.4053950408697,
    4776.751825747323,
    3376.2515679650146,
    1913.994610163134,
    2192.4502991301893,
    2184.9272070103384
  ],
  "total_reward_mean": 2678.4350019578533,
  "total_reward_std": 1135.4673495031568,
  "timesteps": [
    483,
    394,
    371,
    512,
    512,
    338,
    124,
    444,
    339,
    306,
    213,
    361,
    512,
    374,
    129,
    33,
    478,
    280,
    155,
    304,
    512,
    242,
    247,
    351,
    512,
    462,
    248,
    220,
    323,
    324,
    230,
    306,
    464,
    379,
    512,
    374,
    186,
    360,
    512,
    352,
    397,
    227,
    262,
    443,
    316,
    512,
    383,
    260,
    445,
    301
  ],
  "timesteps_mean": 346.48,
  "timesteps_std": 118.19564120558759
}