{
  "collision_rate": [
    0.0,
    0.0,
    0.0,
    0.0,
    0.0,
    0.0,
    0.0,
    0.0,
    0.0,
    0.0,
    0.0,
    0.0,
    0.0,
    0.0,
    0.0,
    0.0,
    1.0,
    1.0,
    0.0,
    0.0,
    0.0,
    0.0,
    0.0,
    0.0,
    0.0,
    0.0,
    1.0,
    1.0,
    1.0,
    0.0,
    0.0,
    0.0,
    0.0,
    0.0,
    0.0,
    0.0,
    0.0,
    0.0,
    0.0,
    0.0,
    0.0,
    0.0,
    0.0,
    0.0,
    0.0,
    0.0,
    0.0,
    0.0,
    0.0,
    1.0
  ],
  "collision_rate_mean": 0.12,
  "collision_rate_std": 0.3249615361854384,
  "similarity": [
    0.9916085116853223,
    0.8765934327011516,
    0.9811147588331404,
    0.9908926422682826,
    0.9763685640784749,
    0.9943856804882322,
    0.9942444068779397,
    0.989905976239489,
    0.9946228451316699,
    0.9931978705331029,
    0.9945879151401572,
    0.9956435160704742,
    0.9349883369802181,
    0.8628305492631975,
    0.8728949009861651,
    0.9942671008800763,
    0.5100265471213149,
    0.9933930857960453,
    0.9886210830785459,
    0.763304772451962,
    0.8795669547502754,
    0.9944218138886243,
    0.9959884602279324,
    0.9943812706406266,
    0.8806509906594757,
    0.9946299638105369,
    0.9709884251611454,
    0.9855109067197433,
    0.9890816320194263,
    0.8515597720752294,
    0.9946142586939584,
    0.9967241599910185,
    -0.05851378753880689,
    0.9948296934405926,
    0.9948072588278528,
    0.994568965376994,
    0.8006481116995168,
    0.9960159155191528,
    0.853474907511345,
    0.9961195351699681,
    0.9945803996938405,
    0.6745031487705696,
    0.8800406384269586,
    0.9950406424011872,
    0.8697057732839659,
    0.9812747660954081,
    0.9948418796200007,
    0.9949212067267807,
    0.9939865437570995,
    0.9916712477934453
  ],
  "similarity_mean": 0.9232825590363767,
  "similarity_std": 0.16908971081275737,
  "waypoint_distance": [
    1.718100786494061,
    6.71079942931543,
    3.9978137174662898,
    1.8589618451808476,
    1.000625369083822,
    1.175037165607892,
    1.2867757881008006,
    1.8923053625139836,
    1.1915770426230832,
    1.1992031768819165,
    1.2184104382772536,
    0.9423570283799533,
    3.7119738741367314,
    4.0292021325664695,
    6.405130676654718,
    1.2595619694801965,
    6.551968917836476,
    1.2239583304912125,
    2.241783890459506,
    9.334587910238636,
    5.7284571799250275,
    2.6317551922006115,
    0.9533596156794398,
    1.2511864556268337,
    4.6986292859655965,
    1.1411735219606076,
    1.3375831706103554,
    1.7988679088395247,
    2.059393450201493,
    4.117653124372217,
    1.1811795059337777,
    3.479287353125392,
    29.930823403492322,
    1.1772359079634422,
    2.580810927285195,
    1.1917499422902704,
    8.232291412037267,
    1.10334041508273,
    6.529338143512259,
    0.9465723402734811,
    4.205862554254904,
    5.581172695106351,
    5.0122942749610555,
    1.120648216722293,
    6.334208191001336,
    4.3294300841879565,
    6.091724441785017,
    6.090562673722513,
    1.320033883651387,
    0.8332266895519377
  ],
  "waypoint_distance_mean": 3.638799736262237,
  "waypoint_distance_std": 4.384795515007187,
  "speed": [
    8.762601379261419,
    9.290080328875188,
    9.290649061262547,
    9.281810425583808,
    9.244353531219268,
    8.981735012284851,
    9.206775959967796,
    9.32683324042348,
    9.307373521747538,
    9.324815636649308,
    9.320071142239424,
    9.289412177241164,
    9.28273210532376,
    9.308188535545016,
    9.213798151774071,
    9.29174964230192,
    9.17800648320968,
    8.958798688876774,
    9.121043956944815,
    9.316200267804321,
    9.31790176288113,
    9.323698838412078,
    9.239868878762056,
    9.284422641918683,
    9.293980709739524,
    9.2019144939371,
    9.200515026082854,
    8.636886276075389,
    9.319162355730258,
    9.30699680411569,
    9.335227770955658,
    9.284881499194503,
    9.273450768329138,
    9.188391312207902,
    9.3040731460121,
    9.317255406463216,
    9.296700538247139,
    9.186153262164893,
    9.29830667445656,
    9.310985291123515,
    9.186996619802507,
    9.379456601961577,
    9.295438868894554,
    9.303482182899192,
    9.31945272022656,
    9.214331691227878,
    9.312152708484177,
    8.2751571310997,
    9.247355151995357,
    9.162036356759193
  ],
  "speed_mean": 9.218273254773925,
  "speed_std": 0.19148626776904978,
  "total_reward": [
    3249.8211301825363,
    926.398552956794,
    1297.4348228184542,
    3425.1283151889465,
    4273.507228004215,
    4135.804546947456,
    4056.3416783941348,
    3417.4933815468785,
    4190.236958119015,
    4222.108053810188,
    4172.413159991674,
    4613.166652572934,
    1761.5976274495579,
    1567.2408522309638,
    1024.2546829532635,
    4093.591870331235,
    864.5454317806597,
    3289.338724651976,
    3116.0056708125817,
    711.1803022082985,
    1036.043724243402,
    2850.784104292276,
    4613.896547425258,
    4119.890058118672,
    1392.713445837622,
    4234.102615639104,
    3704.716057072657,
    2237.308702775188,
    3118.057589148403,
    2758.9417296307856,
    4239.109884181366,
    1620.8428489060898,
    -0.44722987075661186,
    4219.964698612508,
    2806.8479374462026,
    4235.740122371053,
    812.6784249677505,
    4313.970986914895,
    974.4443999596456,
    4657.291248184203,
    1186.9763303246298,
    2430.4367124424903,
    1181.5660935882509,
    4373.295522169046,
    965.5387849587398,
    1168.3077692988704,
    769.0214410954336,
    730.2944999377047,
    3967.4258902083466,
    3799.3391382689933
  ],
  "total_reward_mean": 2738.534194422012,
  "total_reward_std": 1439.059739267534,
  "timesteps": [
    512,
    512,
    512,
    512,
    512,
    512,
    512,
    512,
    512,
    512,
    512,
    512,
    512,
    512,
    512,
    512,
    502,
    428,
    512,
    512,
    512,
    512,
    512,
    512,
    512,
    512,
    480,
    361,
    487,
    512,
    512,
    512,
    512,
    512,
    512,
    512,
    512,
    512,
    512,
    512,
    512,
    512,
    512,
    512,
    512,
    512,
    512,
    512,
    512,
    434
  ],
  "timesteps_mean": 504.4,
  "timesteps_std": 26.38257000369752
}