{
  "collision_rate": [
    0.0,
    1.0,
    1.0,
    0.0,
    0.0,
    1.0,
    1.0,
    1.0,
    1.0,
    0.0,
    0.0,
    0.0,
    0.0,
    0.0,
    0.0,
    0.0,
    0.0,
    1.0,
    1.0,
    0.0,
    0.0,
    1.0,
    0.0,
    1.0,
    0.0,
    1.0,
    1.0,
    0.0,
    1.0,
    0.0,
    0.0,
    0.0,
    0.0,
    1.0,
    0.0,
    0.0,
    1.0,
    0.0,
    0.0,
    0.0,
    1.0,
    1.0,
    1.0,
    1.0,
    0.0,
    1.0,
    0.0,
    0.0,
    1.0,
    1.0
  ],
  "collision_rate_mean": 0.44,
  "collision_rate_std": 0.4963869458396343,
  "similarity": [
    0.627892720065943,
    0.925320434525844,
    0.9887146874175201,
    0.5202783152979741,
    0.9801618150614619,
    0.994849195185748,
    0.9671653672792858,
    0.9606269003710971,
    0.9862208654751304,
    0.9404749142693422,
    0.7824890851143321,
    0.7813689852240351,
    0.9805831836882618,
    0.9501814146627382,
    0.9802838232769217,
    -0.12584712441446552,
    0.9195239384373446,
    0.48035413636166047,
    0.9862090835835845,
    0.9863926816172283,
    0.980115475078202,
    0.5094013556587267,
    0.9863937520814372,
    0.9595519198315521,
    0.916554793238472,
    0.9993869376923683,
    0.9985171114098383,
    0.977290222811756,
    0.5495994957732336,
    0.801260698524787,
    0.978924196020035,
    0.9802903359894537,
    0.9772544018023193,
    0.988096092591309,
    0.9543868106160834,
    0.9538741341664468,
    0.9871485254691562,
    0.6600758632509894,
    0.9805908608785369,
    0.7126000428571778,
    0.9608287050508805,
    0.9821877896217169,
    0.9961198234740664,
    0.3490474003838145,
    0.9735644965518707,
    0.9871417393166712,
    0.9495666300108938,
    0.5881462284370962,
    0.9997829571637079,
    0.6836482982201392
  ],
  "similarity_mean": 0.8586918303294746,
  "similarity_std": 0.22005925166212645,
  "waypoint_distance": [
    9.959605303099051,
    4.343274418970381,
    0.2579024194166957,
    9.152030496036545,
    1.589321524712642,
    0.635261866029926,
    2.827002261727127,
    1.1290889988254644,
    1.6960915640543384,
    5.2846256924043375,
    4.517078447032145,
    3.7113911316031585,
    1.623955866548054,
    1.8974698927180598,
    1.6319728858076803,
    38.32390092245557,
    1.2743229141651367,
    19.652517108830235,
    1.173882934232557,
    3.383849370196202,
    1.6421808152315758,
    1.4727564434005178,
    1.1399585349041002,
    1.1121738952606819,
    4.766413258941212,
    2.958781065929558,
    0.6185034828203528,
    1.9211402640746378,
    2.0309370890231015,
    3.464963144162292,
    2.564965246370174,
    1.5954841402484885,
    2.5543239857440225,
    3.7913269443462387,
    1.7719111181602634,
    3.7380594634911195,
    2.7717590650019592,
    9.683285836715882,
    1.6097960301181047,
    9.027416303107037,
    1.3093912893209831,
    4.721053733558229,
    0.6303889022176601,
    19.736969735363612,
    2.2612025317149462,
    4.113653870649925,
    1.7352341519504852,
    8.89509425469085,
    0.43219740972890797,
    21.09113859393596
  ],
  "waypoint_distance_mean": 4.784540132380964,
  "waypoint_distance_std": 6.734474530253521,
  "speed": [
    7.550463432145192,
    8.151379392453633,
    1.9214546651760138,
    8.295199371026968,
    8.38541457403724,
    8.198936589814332,
    8.388396890406911,
    3.611384917912436,
    1.8302134676069803,
    8.584719289280988,
    8.060852950961047,
    8.472896666007266,
    8.396766058525818,
    8.39990622643062,
    8.402243065780869,
    8.41270316711268,
    8.431073349125436,
    6.766336610113743,
    8.0564434391667,
    8.421424599063936,
    8.4232104227363,
    8.347868987476401,
    8.444612062122546,
    1.2638428112230222,
    8.534281807253917,
    6.831892630597457,
    9.617162979823602,
    8.44011237539177,
    1.0891082659637439,
    8.50689185357639,
    8.805874596005332,
    8.417678869427913,
    8.45057509805827,
    8.126595075760475,
    8.433055957509502,
    8.21520623209667,
    8.391941100533725,
    8.251612629947553,
    8.410522572055065,
    8.192477703382135,
    7.314103094406085,
    9.173642370361712,
    8.254433161546826,
    8.061971665046398,
    8.405979041971378,
    8.07210249530921,
    8.385841508515012,
    8.244677242849463,
    4.282488231186181,
    8.382302474636363
  ],
  "speed_mean": 7.570205480778385,
  "speed_std": 2.025376474348248,
  "total_reward": [
    600.5508095053906,
    784.710953291333,
    39.1139946224064,
    1470.6800557584302,
    3419.900461124584,
    2762.1883366264697,
    2200.250787691532,
    -427.9809064087156,
    -1000.0,
    971.2759424644275,
    2184.1889776235435,
    2716.138744518814,
    3404.5923504075554,
    3268.6357776221525,
    3386.8075973833393,
    -0.8736281295169098,
    3642.6156029521135,
    -1000.0,
    3116.7482179265057,
    1877.4061314956286,
    3384.3238002209628,
    2224.4346709093174,
    4062.1287794229847,
    -1000.0,
    1220.7435243529821,
    -80.32925154464925,
    290.2086354769489,
    3214.413170460203,
    -1000.0,
    2796.2547119550636,
    2533.082694196974,
    3393.767342068429,
    2475.885219605163,
    1048.8552939169315,
    3509.314946636076,
    2088.619167600893,
    1500.237552616963,
    946.7572771940866,
    3417.126788297343,
    668.8345601532614,
    994.7902288110317,
    228.67749932515278,
    2261.2172103898824,
    23.48385345412766,
    3007.1104402894657,
    985.1850447979367,
    3379.753875110341,
    1558.865299361846,
    -225.79932788970456,
    42.882588866266104
  ],
  "total_reward_mean": 1647.3555160506457,
  "total_reward_std": 1476.2700925638453,
  "timesteps": [
    512,
    367,
    33,
    512,
    512,
    341,
    504,
    33,
    33,
    512,
    512,
    512,
    512,
    512,
    512,
    512,
    512,
    33,
    441,
    512,
    512,
    433,
    512,
    33,
    512,
    150,
    33,
    512,
    33,
    512,
    512,
    512,
    512,
    425,
    512,
    512,
    452,
    512,
    512,
    512,
    240,
    371,
    337,
    507,
    512,
    443,
    512,
    512,
    66,
    504
  ],
  "timesteps_mean": 402.96,
  "timesteps_std": 175.70895936178096
}