{
  "collision_rate": [
    1.0,
    1.0,
    1.0,
    1.0,
    1.0,
    1.0,
    1.0,
    1.0,
    1.0,
    1.0,
    1.0,
    1.0,
    1.0,
    1.0,
    1.0,
    1.0,
    1.0,
    1.0,
    1.0,
    1.0,
    1.0,
    1.0,
    1.0,
    1.0,
    1.0,
    1.0,
    1.0,
    1.0,
    1.0,
    1.0,
    1.0,
    1.0,
    1.0,
    1.0,
    1.0,
    1.0,
    1.0,
    1.0,
    1.0,
    1.0,
    1.0,
    1.0,
    1.0,
    1.0,
    1.0,
    1.0,
    1.0,
    1.0,
    1.0,
    1.0
  ],
  "collision_rate_mean": 1.0,
  "collision_rate_std": 0.0,
  "similarity": [
    0.9870427592265726,
    0.9863072406699652,
    0.8291721100474309,
    0.9881542605727671,
    0.9950918720787764,
    0.9928344980152817,
    0.9182632433351938,
    0.9909803317272224,
    0.9803134417151239,
    0.9744731214044909,
    0.7708270963873946,
    0.999519263491588,
    0.9924150563905569,
    0.9766798847355896,
    0.8100512453881813,
    0.9863289494355063,
    0.9915673824424782,
    0.9861098138380031,
    0.9983509414811083,
    0.8443796081719692,
    0.9931108676811549,
    0.998842456048648,
    0.9943759332399286,
    0.9844531428017144,
    0.9678408909439116,
    0.9998293403602451,
    0.763665500261455,
    0.9886318036252288,
    0.9905635139275383,
    0.9968835792263674,
    0.9996066103829562,
    0.9880267639974321,
    0.9922439168927876,
    0.9862897776816713,
    0.9908452084635814,
    0.9860342523470562,
    0.9920204400242265,
    0.9877025160885367,
    0.9886696917566533,
    0.9916998790439787,
    0.9812288387660059,
    0.9895032460234973,
    0.9892274376293823,
    0.956210421429454,
    0.9958413865694005,
    0.9802777939250776,
    0.9938600105744965,
    0.9944662590465353,
    0.9948733390186133,
    0.9859266560951288
  ],
  "similarity_mean": 0.9688322718885573,
  "similarity_std": 0.057371272665102446,
  "waypoint_distance": [
    1.1737573826778231,
    1.4441568730624341,
    1.6606180083716477,
    1.2884864442396047,
    0.7674261016841315,
    0.6861806695177243,
    1.6628591883022061,
    0.9619863243763053,
    1.3910887127021965,
    2.2516882139404952,
    4.193208151501892,
    0.7897276625677385,
    0.7358728241251365,
    0.8589360237412753,
    2.064352616805642,
    1.0261109331055527,
    0.8666198784725757,
    0.9798154404841778,
    0.8393691440987469,
    2.072081429744199,
    0.6658472781710109,
    1.7795697446445364,
    0.746213100783821,
    1.0485433515160463,
    0.7582341939718606,
    0.9683065115910906,
    2.8103745979783423,
    1.0549302175337116,
    1.1380749518932314,
    0.5569848142697935,
    1.0113975362198655,
    1.125291702424512,
    0.8725045501935429,
    1.264160007292619,
    1.2538369016050268,
    0.9467149248241135,
    1.2476997213203724,
    1.2602233679368189,
    0.8435935287419624,
    1.0231412889939597,
    0.9975620744751553,
    0.9184444811678995,
    1.1841254298382702,
    1.187780605811673,
    0.6409865798654882,
    1.5106794171353308,
    0.8231011800201306,
    0.984429624885825,
    0.760317721308186,
    1.2056007601563181
  ],
  "waypoint_distance_mean": 1.2060602438018402,
  "waypoint_distance_std": 0.6140986133388429,
  "speed": [
    8.601047702879644,
    10.098878580732856,
    9.790908107535975,
    9.763131341148284,
    9.093421015157967,
    9.04683728284921,
    9.873242714228954,
    9.64866656752732,
    9.327270289029304,
    9.63439214818382,
    10.131013846800588,
    2.4471864789820788,
    9.113745857101783,
    9.06746147008418,
    9.749381367067942,
    9.18413150244362,
    9.64154976134923,
    9.025448502976726,
    8.103061110915295,
    9.129352598172026,
    5.462182986955214,
    0.07478624742314906,
    9.31239395214127,
    9.063464799030086,
    8.614022141975964,
    1.6850728829995123,
    4.926088059549817,
    9.556353044117687,
    8.029039160455966,
    2.657616228903853,
    2.708930981329434,
    9.519903732920817,
    9.469167755565321,
    9.556107662988722,
    9.97005195295359,
    8.86232431300134,
    9.542940621123229,
    10.140572842721719,
    9.20564718162947,
    9.775352157279608,
    8.749344487378815,
    9.47702862704042,
    10.080605692839965,
    9.712959923101767,
    9.107694019446257,
    9.237565142177235,
    9.012023566850724,
    8.234164000902387,
    8.597882218881029,
    9.443431999954806
  ],
  "speed_mean": 8.405096932576118,
  "speed_std": 2.379970126696584,
  "total_reward": [
    2549.558643061007,
    4019.122465868559,
    2867.1938739291036,
    3279.4098647704554,
    1949.9275856992797,
    1508.0813448048523,
    3308.594760601626,
    3113.609554560506,
    2365.1156641114976,
    2535.039324266133,
    2886.960133103826,
    -420.56601062017705,
    2228.5187351728805,
    2015.9936106828295,
    2592.3419929165166,
    1428.1304465049284,
    3171.5667772832276,
    2009.8711127406411,
    660.798847372751,
    1595.4662292170253,
    -108.58543876779868,
    -1000.0,
    2060.8744532724854,
    1933.9709024008562,
    1477.3523139425233,
    -1000.0,
    -470.4944976490447,
    2793.7061640684256,
    639.0364164942864,
    -1000.0,
    -1000.0,
    2448.231810087723,
    2729.6744086284466,
    2950.137970171265,
    3915.648824419762,
    1769.924604393511,
    2250.285644640861,
    4260.341150472569,
    2225.054017763917,
    3555.032006039485,
    1107.2241710241676,
    2664.808889445574,
    4176.011841221839,
    3090.7371544870903,
    1537.3189997231214,
    1898.4519911844889,
    1965.4914851649123,
    1273.4916259834338,
    1552.8452565976884,
    2503.9154116548557
  ],
  "total_reward_mean": 1957.3044506582783,
  "total_reward_std": 1354.1230755019822,
  "timesteps": [
    316,
    461,
    389,
    381,
    218,
    225,
    405,
    328,
    304,
    392,
    474,
    33,
    249,
    228,
    371,
    223,
    334,
    239,
    145,
    258,
    74,
    33,
    225,
    231,
    181,
    33,
    33,
    312,
    145,
    33,
    33,
    334,
    293,
    340,
    403,
    210,
    293,
    463,
    250,
    369,
    195,
    291,
    436,
    350,
    226,
    249,
    222,
    158,
    184,
    304
  ],
  "timesteps_mean": 257.52,
  "timesteps_std": 120.46447443126128
}