{
  "collision_rate": [
    1.0,
    1.0,
    1.0,
    1.0,
    1.0,
    1.0,
    1.0,
    1.0,
    1.0,
    1.0,
    1.0,
    1.0,
    1.0,
    1.0,
    1.0,
    1.0,
    1.0,
    1.0,
    0.0,
    1.0,
    1.0,
    0.0,
    1.0,
    0.0,
    1.0,
    0.0,
    1.0,
    1.0,
    1.0,
    1.0,
    1.0,
    1.0,
    1.0,
    0.0,
    1.0,
    1.0,
    1.0,
    1.0,
    1.0,
    1.0,
    1.0,
    0.0,
    0.0,
    1.0,
    1.0,
    1.0,
    1.0,
    1.0,
    1.0,
    0.0
  ],
  "collision_rate_mean": 0.84,
  "collision_rate_std": 0.3666060555964672,
  "similarity": [
    0.9940881633393454,
    0.9838871555044719,
    -0.27838118409268536,
    -0.0333736180637588,
    0.9918356177748859,
    0.9958419123186606,
    0.9623073140899623,
    0.9906643936448545,
    0.9833841996636661,
    0.9870581041206157,
    0.7919559647734242,
    0.9860974627976026,
    0.9985803728202122,
    0.985016843225975,
    0.8617532200293095,
    0.9978108538572578,
    0.9881846968986315,
    0.9851616487694551,
    0.997267646420379,
    0.9886128940006688,
    0.9854510917611378,
    0.9837132218331793,
    0.9892594934901859,
    0.015100269178411119,
    0.9885835276081074,
    0.9961277365790511,
    0.9874392760319053,
    0.9864276266906173,
    0.9979199302651213,
    0.8706563096385922,
    0.8032306214282359,
    0.9165710378831597,
    0.9839024886478926,
    0.9803185835207315,
    0.9876564215159597,
    0.9806508501798679,
    0.9938407351751974,
    0.9805620652262084,
    0.030161718543284994,
    0.9933495929766541,
    0.9781493287505223,
    0.9850794976538776,
    0.9891547083508017,
    0.8544413870877656,
    0.8442764758755188,
    0.9949816301278394,
    0.9978140018303728,
    0.902183836070225,
    0.9610582599487845,
    0.9965562141980647
  ],
  "similarity_mean": 0.8822474319992043,
  "similarity_std": 0.28662178945285655,
  "waypoint_distance": [
    2.243703253195893,
    2.327389041568192,
    10.600040293102827,
    5.048902002319077,
    1.9217244590285498,
    1.0404419346653058,
    2.044110846066484,
    2.3898153879515336,
    2.769469916526621,
    2.092598551016261,
    2.1294645324369714,
    2.677800517714524,
    0.6207354299896306,
    2.0464128722040744,
    3.854944765961693,
    0.5737236972943223,
    2.1450137754898333,
    3.1049576405364467,
    1.0612692166128173,
    0.7050562150150586,
    2.6824296731990707,
    2.344236245496733,
    2.699054550696994,
    6.643633813657243,
    0.7012442045920653,
    1.5160540582694948,
    3.0969664893402427,
    2.1701138371858013,
    0.6624208575905086,
    2.01813880577732,
    2.9901520049646098,
    3.1515993351085356,
    2.3004167992316846,
    3.203556706248022,
    2.229861535246638,
    2.4912366737379203,
    1.5526820242382295,
    1.034465779345638,
    3.144888628996214,
    2.1851811048619494,
    3.743039562206521,
    3.491843921237445,
    2.874987084058777,
    2.0881916876544477,
    3.211431475977237,
    0.9604768040404902,
    1.0935839329017993,
    2.607940463548968,
    2.7517615967035063,
    1.1728417897031964
  ],
  "waypoint_distance_mean": 2.4842401158902683,
  "waypoint_distance_std": 1.6140485609687865,
  "speed": [
    8.55145060454119,
    9.022652065590222,
    9.13881484557376,
    9.015635574781093,
    9.377881659605489,
    1.7511277451373182,
    9.031287463935412,
    9.231730547072365,
    8.981353018548283,
    8.791264286598883,
    9.135733939875179,
    9.099535932696485,
    6.49713872181913,
    9.278616962461479,
    9.188131964441872,
    8.175888558065871,
    9.15429471155757,
    9.126878703124897,
    9.361191344121575,
    7.5427157069006086,
    9.24011582840392,
    9.34039953246457,
    9.162437499137488,
    9.356576961888518,
    7.5469304705319455,
    9.425065119555441,
    9.292194248130658,
    9.158060377595636,
    6.656568944946841,
    9.073172156503256,
    8.00860873375193,
    9.039249279195603,
    9.012064478992627,
    9.360606771968556,
    9.116051902251487,
    8.996375217025802,
    8.981836596616883,
    6.977860494626676,
    1.0198801645754227,
    9.221657692846899,
    9.157201616946,
    9.248672334711166,
    9.254267138027114,
    9.18840756049104,
    9.01892477974811,
    8.62905804900545,
    9.206121157279783,
    9.181995967361189,
    9.105870847452033,
    9.356617034886513
  ],
  "speed_mean": 8.575723466267345,
  "speed_std": 1.6192663206067026,
  "total_reward": [
    2668.4480769529673,
    1793.6295353927073,
    792.8746243429358,
    642.2689232376646,
    3365.336626552768,
    -944.0866693833922,
    2415.8433096658823,
    2418.4274015729334,
    1643.6817260606692,
    1749.6666635625586,
    2853.610275072554,
    1976.1480227467337,
    476.0710013804779,
    3213.6900270546485,
    1845.1806802567698,
    1503.7816768191333,
    2538.148364737886,
    1708.2537530921732,
    4678.252427240859,
    1507.5165063404088,
    2597.5113500529524,
    3186.556272404306,
    2390.115435023556,
    1861.9914638083294,
    1508.3357545003869,
    4189.2041994610245,
    2369.3783608702915,
    1532.8398060542997,
    613.6190298043557,
    2176.574090323133,
    944.3739696421826,
    1513.9223852439754,
    1772.9498479013441,
    2398.1297107813352,
    1775.0990901123791,
    1647.1855524308066,
    1769.527875790639,
    714.3080024339213,
    -4009.6246206119254,
    2722.6216083630816,
    1777.4564186836938,
    2159.7808438171423,
    2569.9123962440735,
    3024.553984809818,
    2224.7553315431155,
    1762.034321344212,
    2590.198831950533,
    2568.0088564375574,
    2072.3890126489955,
    4482.984589444885
  ],
  "total_reward_mean": 1955.0687344802748,
  "total_reward_std": 1304.6056139295963,
  "timesteps": [
    474,
    338,
    469,
    328,
    482,
    33,
    380,
    425,
    349,
    302,
    441,
    395,
    152,
    478,
    390,
    247,
    411,
    476,
    512,
    206,
    483,
    512,
    459,
    512,
    206,
    512,
    495,
    347,
    169,
    415,
    240,
    362,
    332,
    512,
    310,
    329,
    309,
    186,
    33,
    451,
    450,
    512,
    512,
    479,
    395,
    267,
    392,
    416,
    400,
    512
  ],
  "timesteps_mean": 375.94,
  "timesteps_std": 123.12829244328859
}