{
  "collision_rate": [
    1.0,
    1.0,
    0.0,
    1.0,
    0.0,
    1.0,
    1.0,
    1.0,
    0.0,
    1.0,
    0.0,
    0.0,
    0.0,
    1.0,
    1.0,
    0.0,
    1.0,
    1.0,
    1.0,
    0.0,
    0.0,
    1.0,
    1.0,
    1.0,
    0.0,
    1.0,
    0.0,
    0.0,
    1.0,
    1.0,
    1.0,
    0.0,
    1.0,
    1.0,
    0.0,
    1.0,
    0.0,
    1.0,
    1.0,
    1.0,
    1.0,
    1.0,
    1.0,
    1.0,
    0.0,
    1.0,
    0.0,
    1.0,
    1.0,
    0.0
  ],
  "collision_rate_mean": 0.64,
  "collision_rate_std": 0.48,
  "similarity": [
    0.992218486422779,
    0.939428108743879,
    0.6578596700847875,
    0.8906983141286616,
    0.7963858442424296,
    0.888025361783635,
    -0.9975735690776554,
    0.715657453200808,
    0.9909092689419692,
    0.9675539701961432,
    0.9971052786186073,
    0.9874625430747342,
    0.9973767883736502,
    0.9625218893384533,
    0.9254122404665277,
    0.9718640121724582,
    0.7463960107020654,
    0.9416700089372039,
    0.9339155002149842,
    0.9891338639614103,
    0.9797134304880432,
    0.9906982270377704,
    0.9970362230934526,
    0.9998316701997313,
    0.9906514313902773,
    0.9999313410672597,
    0.9935065620712382,
    0.987861161907626,
    0.9927662778302354,
    0.9901140619824029,
    0.9916661546196182,
    0.9924786045964458,
    0.992170787009989,
    0.9933552303500942,
    0.9242326129799198,
    0.9999287887906347,
    0.9838526666367007,
    0.9880333062829314,
    0.9844908551471517,
    0.9795369428761789,
    0.9884719938130407,
    0.8435346369170582,
    0.8838296558673726,
    0.9994977224011121,
    0.9737846836759312,
    0.9903454472278651,
    0.7271575648124132,
    0.9771411350163509,
    0.9890998160411518,
    0.9980768405205164
  ],
  "similarity_mean": 0.908336337543561,
  "similarity_std": 0.2842882607774778,
  "waypoint_distance": [
    1.5491636458046443,
    2.2627036026080365,
    7.077207998125265,
    2.791638598252816,
    5.930234690615949,
    1.8668360204757648,
    8.400933132764045,
    6.777359460419913,
    2.268441680779615,
    0.7470315022844713,
    0.7283328875441465,
    2.898252824411293,
    0.8341771881087404,
    1.5508655433772822,
    1.3294140616707113,
    2.354515727051266,
    3.292864865340063,
    2.474526364820269,
    2.957899924867786,
    2.6693550174758096,
    1.6791412545426923,
    2.171948960152003,
    0.5004729513141519,
    0.4915912889204857,
    1.4860381846689903,
    0.25098380602698106,
    2.1364824984382826,
    2.8830360695468,
    2.239734627604958,
    1.2887918915543815,
    0.6198577186295103,
    2.5043131177630853,
    1.681053287908927,
    0.8514327260536678,
    1.297974681745017,
    0.4666801872807893,
    3.178968636613578,
    2.6118612142225333,
    2.4663228542985483,
    3.6831498427701663,
    1.2684162346220798,
    1.8996022009130846,
    2.8382729503771937,
    0.5287126970892683,
    4.366935623536909,
    2.2679667927182288,
    6.725335869607036,
    2.1208273113308507,
    1.1311682020488876,
    0.7724319575997679
  ],
  "waypoint_distance_mean": 2.383425207533935,
  "waypoint_distance_std": 1.8017904599256405,
  "speed": [
    7.536752435387373,
    9.020552465010066,
    7.562906651072411,
    8.427748599627693,
    9.228590034194198,
    9.086871117379518,
    7.96487482387373,
    6.494710002032076,
    9.313460119246265,
    7.662397935585709,
    9.472884211116234,
    9.355034367593063,
    5.14481389845074,
    7.565352163787071,
    5.353692813396605,
    9.164578365402361,
    0.966594802259784,
    9.239585167382014,
    9.147864641031429,
    9.28247170467478,
    9.377775417340855,
    9.146560201559458,
    1.3332977636961316,
    3.913478402458791,
    5.235170404556339,
    2.190303615687273,
    9.370525714658918,
    9.311095359742772,
    9.25875982297249,
    8.411624017305346,
    7.866476024327297,
    9.360811346197165,
    9.125994212026013,
    7.2519358199588915,
    9.322186512749568,
    0.8726016561370111,
    9.257543388990019,
    9.20259024704688,
    9.11071526791474,
    8.973095597107381,
    8.269025934715073,
    9.254152011228387,
    8.599274039363479,
    5.509935622719223,
    9.396514974817988,
    9.016329986270081,
    9.331204422744728,
    9.173659384707051,
    8.114814259681129,
    9.416737381550261
  ],
  "speed_mean": 7.819318502574678,
  "speed_std": 2.325446205724481,
  "total_reward": [
    2559.472345576239,
    1249.1961475843218,
    1720.858009820709,
    1095.6435403913065,
    2106.4143098887316,
    2903.5634329492423,
    -165.73724014579835,
    1566.116087194571,
    3165.9831369281874,
    1555.3874482406343,
    4838.190440681411,
    2575.966108158849,
    2625.598753318438,
    1165.8453570037625,
    -4851.74268263605,
    3109.301894125768,
    -19050.0,
    2539.4844362698004,
    2279.753457845643,
    2785.2645824597394,
    3728.34949592449,
    2416.5818132495187,
    -1957.6055035397737,
    -234.7486941711934,
    2248.772319201871,
    -7955.178375152272,
    3316.9947624206484,
    2605.982035617811,
    1847.211934781723,
    1350.3899242087327,
    934.1570668733463,
    2901.6728667878615,
    1897.96457152338,
    919.2786582555866,
    3896.798590266452,
    -4475.062236261109,
    2460.3520562159806,
    2561.054619946386,
    2237.890915454901,
    1014.0560814635405,
    1213.164551528983,
    2443.886795986052,
    1280.0225312768762,
    124.87806094085033,
    1821.8377106667833,
    2513.502962964094,
    2186.3710762539904,
    2349.3066919853572,
    1192.526276727936,
    4810.92748574938
  ],
  "total_reward_mean": 1148.517932256074,
  "total_reward_std": 3644.5021224872194,
  "timesteps": [
    440,
    341,
    512,
    260,
    512,
    425,
    236,
    503,
    512,
    216,
    512,
    512,
    512,
    214,
    33,
    512,
    33,
    417,
    429,
    512,
    512,
    406,
    33,
    70,
    512,
    33,
    512,
    512,
    476,
    258,
    122,
    512,
    344,
    199,
    512,
    33,
    512,
    476,
    407,
    497,
    238,
    389,
    276,
    115,
    512,
    433,
    512,
    385,
    232,
    512
  ],
  "timesteps_mean": 363.7,
  "timesteps_std": 166.6841624150297
}