{
  "collision_rate": [
    1.0,
    0.0,
    1.0,
    0.0,
    0.0,
    0.0,
    0.0,
    0.0,
    0.0,
    0.0,
    0.0,
    0.0,
    0.0,
    0.0,
    0.0,
    0.0,
    0.0,
    0.0,
    0.0,
    0.0,
    0.0,
    0.0,
    0.0,
    0.0,
    0.0,
    1.0,
    0.0,
    0.0,
    0.0,
    0.0,
    0.0,
    0.0,
    0.0,
    0.0,
    0.0,
    0.0,
    0.0,
    0.0,
    1.0,
    0.0,
    1.0,
    0.0,
    0.0,
    0.0,
    0.0,
    0.0,
    0.0,
    0.0,
    0.0,
    0.0
  ],
  "collision_rate_mean": 0.1,
  "collision_rate_std": 0.3,
  "similarity": [
    0.7301050961651258,
    0.9346071166605106,
    0.9441461123480572,
    0.8431172426070138,
    0.9950190462354609,
    0.9953839413185473,
    0.9589157349712875,
    0.9121706586067242,
    0.6961442435559559,
    0.9926375814139623,
    0.9956301439683457,
    0.9940590476090453,
    0.9938539037850036,
    0.6981493085466042,
    0.9949366579652582,
    0.8415127309462693,
    0.9945137268995152,
    0.9943376172169424,
    0.7886825277357539,
    0.9944635563314271,
    0.9932517080424444,
    0.9930408312359466,
    0.9959476675842839,
    0.9950201355281583,
    0.9954226434401362,
    0.9914808820956292,
    0.9532288343780854,
    0.996200076752169,
    0.7373821750091486,
    0.9965926415360418,
    0.9946552764643342,
    0.994097239417748,
    0.9946239095295785,
    0.994352486246863,
    0.995607681897126,
    0.9961129784854874,
    0.8236607396911685,
    0.9651895755026766,
    0.9690934058426091,
    0.592198655970385,
    0.9433997209414854,
    0.9966969093801694,
    0.9945396706867183,
    0.9117807142923304,
    0.9941634301951079,
    0.9944121155566856,
    0.9958495991340099,
    0.9505505861850647,
    0.9912913031313699,
    0.8735717891498882
  ],
  "similarity_mean": 0.9381160275637932,
  "similarity_std": 0.09767768290797998,
  "waypoint_distance": [
    8.020917580820456,
    1.5193396486036583,
    2.2023945288421998,
    4.0150453152002985,
    1.135911055058044,
    1.0602355156739685,
    1.5967450685972329,
    4.106640347218283,
    9.934291707631358,
    3.288012286333291,
    3.2275788456165317,
    3.4190247831840934,
    2.5016670199560314,
    11.720632454996615,
    2.026094310788357,
    6.304613532187704,
    1.225430816622304,
    1.2094460922620904,
    3.980150281039313,
    1.6402220211632599,
    3.4651796825878574,
    2.3050581584408287,
    2.9557933642203467,
    1.880424946897394,
    1.1089015269170106,
    1.629619184636815,
    8.092341696790763,
    0.8664545256093252,
    5.926410137048508,
    0.8449031185355281,
    1.1784954345576288,
    1.2416731226173965,
    1.2129562175134392,
    1.23512091890199,
    3.220807906097247,
    1.0638251605528628,
    3.897572000639076,
    3.0060913473910404,
    0.8949800400309925,
    4.112683767381102,
    2.474684518829502,
    4.2462473366523,
    1.265366685089574,
    9.020136806746644,
    1.2868650851294126,
    2.205245113958866,
    0.9906848041520689,
    4.551287996363374,
    0.753015459325921,
    1.1912037981856667
  ],
  "waypoint_distance_mean": 3.0451684614719112,
  "waypoint_distance_std": 2.524387665033379,
  "speed": [
    8.69557213143578,
    9.814199480403358,
    8.252211272563699,
    9.309703846727313,
    9.13716422409812,
    8.74275151434199,
    9.27760664162347,
    9.32767240428596,
    9.186725395495202,
    8.461790834823166,
    9.612566451974507,
    9.247082537769568,
    9.306098085970339,
    9.328233348343845,
    9.317356663259892,
    9.31435984305718,
    9.337973512509377,
    9.232567305771324,
    9.324994152562795,
    9.250559518282135,
    8.34554405000376,
    9.313929042617806,
    9.260672646695342,
    9.325589489896682,
    9.323901904160126,
    9.156435252205329,
    8.961139121066083,
    9.67892067672437,
    9.573525116560617,
    8.457157255428974,
    9.312556937380558,
    9.58411825471578,
    9.343075296377393,
    9.123654059659023,
    9.640212455487632,
    9.27925374208509,
    9.346423141964095,
    9.367184390055812,
    9.27219073624639,
    9.312549227432234,
    8.188713989333795,
    9.355478069359487,
    9.330300867469292,
    9.145009227725648,
    9.267472252796512,
    9.312579225395721,
    8.708771678748034,
    9.884358115570643,
    9.317493754843278,
    9.370223481982721
  ],
  "speed_mean": 9.206712452505746,
  "speed_std": 0.3642369378541227,
  "total_reward": [
    655.3956083252482,
    4315.465376099814,
    1766.9739570058916,
    2987.575790044629,
    4233.034694583229,
    4164.186352919852,
    3842.8388226946786,
    1524.911879716717,
    1260.303097219598,
    1466.003677707365,
    2075.21212153107,
    2055.4705845749127,
    2989.490655002713,
    584.6443695069099,
    3614.4252632409534,
    966.1757894545102,
    4169.530642699589,
    4122.062703790038,
    2880.667778294077,
    3800.5129905547838,
    1266.8591480397702,
    2794.5974284678314,
    2469.7589997963423,
    3383.716446552287,
    4644.01940588501,
    3198.4619621121183,
    546.0237027940742,
    4936.653017403474,
    2401.553345416268,
    4251.876912444067,
    4232.441881836276,
    4224.2269929343365,
    4183.304581188919,
    4085.776691239974,
    2093.042358856968,
    4442.317519873127,
    2874.434132452783,
    2207.080985253472,
    4388.107252742618,
    2633.472109931033,
    1560.7438037595512,
    1144.8920754140026,
    4162.123382484006,
    537.911718320378,
    4047.738016352183,
    3364.5776637668414,
    4305.320631006149,
    1353.3431278734886,
    4725.411907981828,
    3986.356218354414
  ],
  "total_reward_mean": 2958.4205115100035,
  "total_reward_std": 1317.7378827691678,
  "timesteps": [
    451,
    512,
    335,
    512,
    512,
    512,
    512,
    512,
    512,
    512,
    512,
    512,
    512,
    512,
    512,
    512,
    512,
    512,
    512,
    512,
    512,
    512,
    512,
    512,
    512,
    454,
    512,
    512,
    512,
    512,
    512,
    512,
    512,
    512,
    512,
    512,
    512,
    512,
    508,
    512,
    333,
    512,
    512,
    512,
    512,
    512,
    512,
    512,
    512,
    512
  ],
  "timesteps_mean": 502.42,
  "timesteps_std": 36.29936087591626
}