{
  "collision_rate": [
    1.0,
    1.0,
    1.0,
    1.0,
    1.0,
    1.0,
    1.0,
    1.0,
    1.0,
    1.0,
    1.0,
    1.0,
    1.0,
    0.0,
    1.0,
    1.0,
    1.0,
    1.0,
    0.0,
    1.0,
    1.0,
    1.0,
    1.0,
    1.0,
    1.0,
    1.0,
    1.0,
    1.0,
    1.0,
    1.0,
    1.0,
    1.0,
    1.0,
    1.0,
    1.0,
    1.0,
    1.0,
    1.0,
    1.0,
    1.0,
    1.0,
    1.0,
    1.0,
    1.0,
    1.0,
    1.0,
    0.0,
    0.0,
    1.0,
    1.0
  ],
  "collision_rate_mean": 0.92,
  "collision_rate_std": 0.2712931993250107,
  "similarity": [
    0.9841311371483263,
    0.9945885743301832,
    0.8460979655145551,
    0.9890280828560618,
    0.8703767397524897,
    0.8868441449772442,
    0.9499352606529542,
    0.9028411969385828,
    0.9956978319664833,
    0.9832456208875631,
    0.9918422844733918,
    0.9585242705654228,
    0.9357479887254561,
    0.9844945730380879,
    0.9469719119094124,
    0.9907689844467445,
    0.9926027269464379,
    0.9922663525360724,
    0.9855689030239715,
    0.8225274045197879,
    0.9335084005898748,
    0.9828251224545771,
    0.9864199896423639,
    0.9922553397501918,
    0.8332763883770838,
    0.9935608628579526,
    0.9530609824661186,
    0.987995436525264,
    0.8496970427079172,
    0.9952410128235103,
    0.9864191196257724,
    0.9769814010361736,
    0.9937985439500708,
    0.8120847610837133,
    0.9726345506683808,
    0.8792485910765524,
    0.9914154472127861,
    0.9932662507367367,
    0.9888742525865284,
    0.9931279254872056,
    0.9953453930662254,
    0.9955938724811733,
    0.9930280042793218,
    0.8712568055990134,
    0.9898928652506076,
    0.9113884887561914,
    0.9076140354228085,
    0.977547436478451,
    0.995306956146102,
    0.9199143655614735
  ],
  "similarity_mean": 0.9531336319981876,
  "similarity_std": 0.05413438910546888,
  "waypoint_distance": [
    1.234963236223278,
    0.7456142252157743,
    3.1463579238522414,
    1.03682649659482,
    1.8108829013070573,
    1.7237955827211695,
    1.1979331210608415,
    1.3406941676323803,
    0.7494420459062947,
    1.3554253083794676,
    0.8368900644323377,
    1.0673444499657085,
    1.667712022372123,
    1.3286516556614598,
    1.2772824796941598,
    1.2021883808177054,
    0.8290147845107786,
    0.8125818395967744,
    1.4563928804729938,
    3.168475299093352,
    2.4846006789719786,
    1.231639049609733,
    1.4336644073650708,
    0.7994567078761252,
    1.983522270817355,
    0.816883206266887,
    1.2309507699840097,
    1.46414307469695,
    3.057730706209233,
    0.7183086340057718,
    1.2506570147651903,
    1.89778492558991,
    0.6878692834084722,
    2.5326312243377607,
    1.2777919062282437,
    1.465481895271147,
    1.3444005355729827,
    0.9191361770128034,
    0.7948047765862128,
    0.8351862170757097,
    0.7295381128883611,
    0.6902630036519319,
    0.6483977508863654,
    1.8206956421215952,
    1.1679821786518803,
    2.004123992634084,
    2.3003347072628877,
    1.6374475519459346,
    0.7253620627384301,
    1.98634292535166
  ],
  "waypoint_distance_mean": 1.398512005105908,
  "waypoint_distance_std": 0.6482582376565114,
  "speed": [
    8.100006527010802,
    8.077458122468483,
    8.589718601914083,
    8.41084097901414,
    8.69841961781336,
    8.013011728221688,
    8.371709838185579,
    8.696428935998513,
    7.699120477372314,
    8.799315956012759,
    7.820735189806417,
    8.387916146644244,
    7.37345883198286,
    8.914084382767406,
    8.09497919949953,
    8.032407304469093,
    8.326118988080216,
    8.28312741936463,
    8.924637664736403,
    8.746308191133082,
    8.77049526077867,
    8.779390672141,
    7.936320024856889,
    8.303210608053497,
    8.677935722261669,
    7.930820000247866,
    8.258635160337386,
    8.135655068281956,
    8.656185115464481,
    7.956857454792681,
    8.313415752537898,
    8.549638220421839,
    7.210805776465336,
    7.0676319452396275,
    8.737084875992938,
    8.560016378802395,
    8.486381577378573,
    8.113600603834213,
    8.000633927440038,
    7.9370486273922785,
    7.9570485972721,
    7.9735594905687055,
    7.249729539841012,
    8.702988622925641,
    7.900934403288271,
    8.646248213105398,
    9.008440351458434,
    8.937302439074905,
    7.995492067344874,
    8.636024585206364
  ],
  "speed_mean": 8.27498670370605,
  "speed_std": 0.4621829476745587,
  "total_reward": [
    3374.9152700654367,
    2958.223017512031,
    2514.3744611846787,
    3222.759334731915,
    3168.890663226698,
    2303.2932872791043,
    3152.3846176827888,
    3086.342126719626,
    2154.354390737398,
    3521.7254532623865,
    2467.539584890303,
    3080.539808790151,
    1197.8434370768218,
    4231.389908514494,
    2896.6482585299837,
    2783.821212164086,
    3319.198013159166,
    3278.803749117237,
    4326.583122900863,
    2641.457492791936,
    2909.781465079289,
    3705.412508299421,
    2431.492254982376,
    3400.485338204397,
    2746.8524965961597,
    2651.7606760843514,
    2966.8068499908486,
    2690.336724389434,
    2518.1203710067766,
    2735.396792747232,
    3037.4521679052973,
    2730.5463113367186,
    1759.4503033422038,
    770.9324610568764,
    3780.374384828288,
    2989.5568286631315,
    3506.6037271452715,
    2977.123123491759,
    2825.581862323781,
    2644.855993582456,
    2829.7416261097924,
    2679.5362212179425,
    1831.7889081883204,
    3179.8866779067234,
    2684.9316297737414,
    2877.83153020535,
    2780.936629414527,
    3597.1389143062256,
    2836.032020421618,
    2979.783923572968
  ],
  "total_reward_mean": 2874.752358650208,
  "total_reward_std": 626.2279234301764,
  "timesteps": [
    460,
    371,
    467,
    419,
    488,
    369,
    416,
    447,
    284,
    481,
    321,
    413,
    224,
    512,
    419,
    378,
    405,
    405,
    512,
    482,
    475,
    494,
    369,
    416,
    451,
    339,
    423,
    394,
    464,
    348,
    425,
    439,
    248,
    212,
    487,
    448,
    423,
    376,
    360,
    338,
    360,
    340,
    257,
    489,
    372,
    449,
    512,
    512,
    359,
    463
  ],
  "timesteps_mean": 406.3,
  "timesteps_std": 75.16122670632778
}