{
  "collision_rate": [
    0.0,
    0.0,
    1.0,
    1.0,
    0.0,
    0.0,
    0.0,
    0.0,
    0.0,
    0.0,
    0.0,
    0.0,
    0.0,
    0.0,
    0.0,
    1.0,
    0.0,
    0.0,
    0.0,
    1.0,
    0.0,
    0.0,
    1.0,
    0.0,
    0.0,
    0.0,
    0.0,
    0.0,
    0.0,
    0.0,
    0.0,
    0.0,
    0.0,
    0.0,
    0.0,
    0.0,
    0.0,
    0.0,
    0.0,
    0.0,
    0.0,
    0.0,
    0.0,
    0.0,
    1.0,
    1.0,
    1.0,
    0.0,
    0.0,
    0.0
  ],
  "collision_rate_mean": 0.16,
  "collision_rate_std": 0.36660605559646714,
  "similarity": [
    0.9960859634930089,
    0.9943045740435321,
    0.9928341278364672,
    0.9844527977934534,
    0.7937063532199838,
    0.9936713448750942,
    0.9976344222448527,
    0.9975818744128622,
    0.9966350312307675,
    0.9958773364425774,
    0.9652850769276536,
    0.8949083506580185,
    0.9944229116788008,
    0.9958848258148626,
    0.9970774040318819,
    0.9824835480464558,
    0.15178889289495232,
    0.834346246968079,
    0.9960404523041749,
    0.9959341689763712,
    0.9953107166780633,
    0.9963149915612142,
    0.983363251527119,
    0.9933129270370282,
    0.9958015451908225,
    0.9966184742466659,
    0.9966766583584387,
    0.035058696026467794,
    0.9961751978941945,
    0.9964455331848939,
    0.9964126071040954,
    0.9974709303906737,
    0.9116286150114161,
    0.9895627174052953,
    0.9963739593890683,
    0.9939253374026142,
    0.996177546546333,
    0.9845086119030162,
    0.9962040720300089,
    0.9964176550102565,
    0.8426476513105295,
    0.9954041089139836,
    0.9969543722962747,
    0.9976447268099643,
    0.7990547906658695,
    0.9866051581786007,
    0.9947055892967532,
    0.9553261359682028,
    -0.3301295094732603,
    0.9963409751353497
  ],
  "similarity_mean": 0.9125853949378759,
  "similarity_std": 0.25285971721692413,
  "waypoint_distance": [
    0.7747593032195788,
    2.4606087574131945,
    5.9504634981739795,
    4.426665297236643,
    4.797202516280266,
    3.6937500569414055,
    1.5292274785901794,
    1.5337953172138392,
    4.781227677614277,
    1.015984044228514,
    0.959878087707151,
    1.6586346966908838,
    0.9645362881214111,
    6.959797420502286,
    0.8121474964059128,
    6.8041385055704975,
    5.120646450907267,
    4.8499290814803215,
    3.0172464076787264,
    0.7717879640210954,
    8.19060364380781,
    0.9329149634008171,
    1.1628485395495494,
    5.570576035552876,
    6.997930804026129,
    0.7942479227755386,
    3.1513703102706243,
    27.85633695129768,
    0.8750633234867015,
    5.353217589260146,
    7.173978781607581,
    1.591147530641542,
    2.316598377221977,
    5.5407630295617105,
    5.431348608480134,
    9.135501978290737,
    0.9045306828513856,
    0.8262546788784614,
    0.8311605232956928,
    3.507476239984517,
    3.759581689040748,
    6.901159409136272,
    2.07503034033218,
    0.8081079796965926,
    2.8614551229622025,
    4.784055292438883,
    0.9844028413078972,
    1.9121089222850773,
    30.205941529868216,
    0.9996440412697312
  ],
  "waypoint_distance_mean": 4.326355680571537,
  "waypoint_distance_std": 5.566102494369102,
  "speed": [
    9.307473445931416,
    9.810414826368081,
    9.458499780254147,
    9.366158996813173,
    9.762554632433966,
    9.74347077277937,
    9.784164113140774,
    9.840149702887985,
    9.794249962912238,
    9.812243921784264,
    9.826148015516502,
    10.030718293289198,
    9.791421827225381,
    9.811644871453414,
    9.82099472634158,
    9.834604156664142,
    9.767962178318813,
    9.82077452040158,
    9.756453305473888,
    8.90394837537869,
    9.92799217011456,
    9.820762275441554,
    9.8600530927228,
    9.915543635553304,
    10.9756112098545,
    9.82139245496342,
    9.792640362238034,
    9.826068534160022,
    9.756979086157116,
    9.85058258135256,
    9.8161031016806,
    9.809978679964694,
    9.830996575234716,
    9.74136345686209,
    10.969564416370089,
    9.821917558301559,
    9.820616956652815,
    9.810558086765944,
    9.815966276003797,
    9.744285327080519,
    9.795871553536553,
    9.76246529208948,
    9.809091107020956,
    9.834689858280012,
    9.816156469587144,
    8.4622355231283,
    8.437468950631871,
    9.887851475872013,
    9.860819077081416,
    9.833322080630968
  ],
  "speed_mean": 9.765459953014041,
  "speed_std": 0.3953884363933409,
  "total_reward": [
    4661.458978304145,
    3467.6826042761427,
    638.354395532834,
    2316.455226480225,
    2932.0285959635908,
    1598.18863013328,
    4486.869781643078,
    4414.025318381668,
    989.5160969478352,
    4911.869543854901,
    4667.392774149491,
    4180.972838022827,
    4776.423216484678,
    734.6487961597459,
    5012.693167790746,
    701.6864788971851,
    2296.6885537361113,
    2772.9501219546164,
    2241.3537232432946,
    2395.9736391497445,
    791.3672982369638,
    4824.11334619429,
    2081.0441731961914,
    854.381786105843,
    728.175181798448,
    4996.898861549779,
    2040.6372325244984,
    -0.59207342335492,
    4919.581320619201,
    867.0768008925836,
    773.558867085551,
    4300.332424161247,
    3776.3481152606405,
    1164.3850391903488,
    907.4356063941518,
    471.9988194145897,
    4956.270217857392,
    4967.669505745334,
    4982.357165451279,
    1702.036498063969,
    3194.468735809911,
    724.8283240077503,
    4014.0983214955018,
    5022.693962411482,
    2478.6693909638734,
    476.7638022931886,
    1882.2899841376695,
    3942.8000807768703,
    -14.468025377092859,
    4718.011402296631
  ],
  "total_reward_mean": 2734.849292924818,
  "total_reward_std": 1729.0485188023379,
  "timesteps": [
    512,
    512,
    361,
    478,
    512,
    512,
    512,
    512,
    512,
    512,
    512,
    512,
    512,
    512,
    512,
    470,
    512,
    512,
    512,
    273,
    512,
    512,
    244,
    512,
    512,
    512,
    512,
    512,
    512,
    512,
    512,
    512,
    512,
    512,
    512,
    512,
    512,
    512,
    512,
    512,
    512,
    512,
    512,
    512,
    393,
    221,
    227,
    512,
    512,
    512
  ],
  "timesteps_mean": 483.42,
  "timesteps_std": 76.66709594082717
}