{
  "collision_rate": [
    1.0,
    0.0,
    0.0,
    1.0,
    0.0,
    0.0,
    1.0,
    0.0,
    0.0,
    0.0,
    0.0,
    0.0,
    0.0,
    0.0,
    0.0,
    0.0,
    0.0,
    0.0,
    0.0,
    0.0,
    1.0,
    0.0,
    0.0,
    0.0,
    0.0,
    0.0,
    0.0,
    0.0,
    0.0,
    0.0,
    0.0,
    0.0,
    0.0,
    1.0,
    1.0,
    0.0,
    0.0,
    0.0,
    0.0,
    0.0,
    0.0,
    1.0,
    0.0,
    0.0,
    0.0,
    1.0,
    1.0,
    0.0,
    0.0,
    0.0
  ],
  "collision_rate_mean": 0.18,
  "collision_rate_std": 0.38418745424597095,
  "similarity": [
    0.9945962376490928,
    0.988156912818862,
    0.6951211185447392,
    0.7904191973877264,
    0.9910125417363674,
    0.9889720240064908,
    0.9952092059872922,
    0.9915176533288204,
    0.9889658671556157,
    0.9632883616258625,
    0.9890159406280674,
    0.989497752347653,
    0.9304164891466092,
    0.0681999623859301,
    0.9892152757764362,
    0.9886898727040676,
    0.989815285763896,
    0.988904745823232,
    0.989442220603412,
    0.9884778987335866,
    0.9945064517394121,
    0.9913313898926891,
    0.9898472802573575,
    0.9921704116594201,
    0.9895835144315747,
    0.9007836080478591,
    0.983688341438731,
    0.9892240456250561,
    0.9893972325389105,
    0.9903331578541661,
    0.9883255000982649,
    0.9872349848352704,
    0.9887696330945466,
    0.9952408428319482,
    0.9949854940323106,
    0.9907782789190669,
    0.9891273033909588,
    0.9898291100854002,
    0.9920547703209728,
    0.988873068339447,
    0.9894915887433319,
    0.9948435397906569,
    0.9921453870428827,
    0.9878757761275911,
    0.9904174160381616,
    0.9908717901027942,
    0.9873401882709466,
    0.9882088250802444,
    0.989368581607073,
    0.9113457089928216
  ],
  "similarity_mean": 0.9567385557076724,
  "similarity_std": 0.13710164090354665,
  "waypoint_distance": [
    6.7343469787943775,
    6.7004806850455205,
    17.148274912376817,
    4.407424894942879,
    6.375040086109377,
    1.5449039862199576,
    6.0469903871807675,
    4.831354440678206,
    1.4904679477688707,
    9.857784162178156,
    4.395790592778089,
    1.428142121964882,
    8.048776532104405,
    33.024097105608064,
    6.446713734700281,
    1.5488839420133556,
    7.943667803846546,
    1.5397321691140364,
    2.170711387653036,
    1.6887193154440616,
    6.644745840063302,
    7.580940688016587,
    7.811228675498196,
    8.521772154670133,
    1.4903010859070653,
    7.331449320458699,
    4.2736421041166635,
    1.4892459367111683,
    4.296107108661582,
    6.5494662241425265,
    1.4688023597530608,
    6.860595596241333,
    6.595848479644916,
    5.8624241061483024,
    6.717146118240757,
    1.2394737265102416,
    2.3888992157318567,
    7.790989552544055,
    7.799883532556319,
    1.4945161748427007,
    7.79101347248784,
    2.116239743453162,
    3.340791056184246,
    1.6954005192846942,
    2.620976353379933,
    1.388826725398389,
    2.110049314586238,
    6.316279798821145,
    6.479532144874832,
    6.939255426567035
  ],
  "waypoint_distance_mean": 5.567562914840375,
  "waypoint_distance_std": 4.997416169295598,
  "speed": [
    9.337505810461897,
    9.706807555040777,
    9.881463502464358,
    9.35387413343022,
    9.976126596409529,
    9.887400732115413,
    9.54775329953153,
    9.90017249225654,
    9.958749307507317,
    9.69559777396389,
    9.856468901789029,
    9.912878639195991,
    9.911943080102109,
    9.906320682278452,
    9.890730235561275,
    9.867291830643987,
    9.923233676272949,
    9.853169796864192,
    9.870589330637062,
    9.829431283656334,
    9.67593501819738,
    9.94558787004314,
    9.970078889261702,
    9.68227389708871,
    9.87260711796539,
    9.896680990928289,
    9.836786369258814,
    9.85795530410106,
    9.857421997911787,
    9.685682416799297,
    9.841111375534604,
    9.644443501478488,
    9.876947143565314,
    9.598316447188164,
    9.849086808663847,
    9.86620349804443,
    9.882710968346702,
    9.89114217790313,
    9.941492471407246,
    9.876930147073187,
    9.92677188560856,
    9.566651937014974,
    9.904958077993864,
    9.841927620779662,
    9.878655929169,
    9.629869132513802,
    9.751653546578943,
    9.939622370837249,
    9.876636153387935,
    9.880252842825758
  ],
  "speed_mean": 9.816278051353066,
  "speed_std": 0.14337515326631792,
  "total_reward": [
    783.1343154154453,
    787.4582519630226,
    142.68894527534488,
    1551.8651525576336,
    812.2862932628278,
    4150.661039550845,
    703.7133173812127,
    941.7035758951065,
    4297.062446688137,
    710.649873229274,
    1218.2199368720273,
    4265.4076338850755,
    761.7534757651188,
    3.8103412803156154,
    809.3881563393122,
    4078.493415080237,
    751.7098803417482,
    4113.472497727162,
    3909.450194651962,
    3950.6775774963203,
    735.1731992916446,
    792.672602706544,
    772.3307971658305,
    729.1321112512318,
    4218.202782304243,
    958.6639960937418,
    1349.2483285894054,
    4182.028423601769,
    1264.6398655993762,
    743.1145476156495,
    4213.274663989419,
    766.4472066074597,
    790.7397054123151,
    730.8363325473254,
    829.0612596052905,
    4543.906624306642,
    3168.8535967971134,
    766.7691347627089,
    743.7364316370177,
    4193.0440860013705,
    801.9067403725851,
    2513.079168235918,
    1963.036624329807,
    3922.2851111307664,
    2854.077913435504,
    3875.2004078737536,
    2997.0200409755394,
    844.6385216562959,
    802.6734574828703,
    981.1133076688882
  ],
  "total_reward_mean": 1935.8102661941232,
  "total_reward_std": 1504.578654276862,
  "timesteps": [
    464,
    512,
    512,
    354,
    512,
    512,
    383,
    512,
    512,
    512,
    512,
    512,
    512,
    512,
    512,
    512,
    512,
    512,
    512,
    512,
    428,
    512,
    512,
    512,
    512,
    512,
    512,
    512,
    512,
    512,
    512,
    512,
    512,
    385,
    470,
    512,
    512,
    512,
    512,
    512,
    512,
    384,
    512,
    512,
    512,
    478,
    457,
    512,
    512,
    512
  ],
  "timesteps_mean": 495.9,
  "timesteps_std": 39.105626193682156
}