{
  "collision_rate": [
    1.0,
    1.0,
    0.0,
    0.0,
    0.0,
    1.0,
    1.0,
    1.0,
    1.0,
    1.0,
    0.0,
    1.0,
    1.0,
    1.0,
    1.0,
    1.0,
    1.0,
    1.0,
    0.0,
    1.0,
    1.0,
    1.0,
    1.0,
    1.0,
    0.0,
    1.0,
    0.0,
    0.0,
    1.0,
    1.0,
    0.0,
    0.0,
    0.0,
    1.0,
    1.0,
    1.0,
    1.0,
    1.0,
    1.0,
    0.0,
    1.0,
    1.0,
    0.0,
    1.0,
    1.0,
    1.0,
    1.0,
    1.0,
    1.0,
    1.0
  ],
  "collision_rate_mean": 0.74,
  "collision_rate_std": 0.4386342439892262,
  "similarity": [
    0.9821245204139402,
    0.9778673540250008,
    0.9728132414107596,
    0.9805624641006278,
    0.9802454555005496,
    0.9989341989558105,
    0.9928038261767365,
    0.9884013710124898,
    0.9921590262777195,
    0.9998693091805535,
    0.9778067314448101,
    0.9984412066860535,
    0.985362165885311,
    0.9998631413472144,
    0.9957864877765547,
    0.9936534464094033,
    0.6479993463698739,
    0.9973866305378795,
    0.9785077093679788,
    0.9871579977984333,
    0.9789739213676227,
    0.933871939216766,
    0.9709196661629022,
    0.9969588125759069,
    0.98739800373017,
    0.9865384216736182,
    0.988026883681911,
    0.9805891961026103,
    0.854382636501538,
    0.9993266903875787,
    0.985807211777122,
    0.41538977792703924,
    0.9806889070004868,
    0.9845235402792474,
    0.9153765234574708,
    0.9999093866569001,
    0.984781757472846,
    0.9854102547633703,
    0.9869455681967211,
    0.9869627624772859,
    0.982498775500692,
    0.9989943362389944,
    0.9872023689635945,
    0.999398240043873,
    0.9969825435896605,
    0.979504324781901,
    0.9975113823133382,
    0.9613920994169876,
    0.9731692850387541,
    0.9790812931473751
  ],
  "similarity_mean": 0.9637252428224399,
  "similarity_std": 0.09422280229534305,
  "waypoint_distance": [
    1.3727013171568878,
    1.9866051353584777,
    2.408720786830865,
    1.779696985921436,
    1.8235305986479486,
    0.5274350776089934,
    0.8371916351648669,
    1.0106638248254491,
    1.0543205037201044,
    0.2539720358398036,
    2.0154610002102165,
    1.6947692994645824,
    1.140367384609933,
    0.5343004381677404,
    0.7810085238932015,
    0.7174103664259573,
    2.7258848571412093,
    0.5055755086942701,
    2.0155528068579325,
    1.0229308400564516,
    1.9336511866848425,
    1.1948708225041804,
    2.452630327425877,
    0.9492676362889675,
    1.050158450240858,
    1.3490949087043815,
    1.0873892269550693,
    1.6365969248527776,
    1.831494967634979,
    0.728582049314021,
    1.2934616187382828,
    2.3803669589882857,
    1.6345089644021604,
    1.4883707018583179,
    5.291519347370237,
    0.3047431710052349,
    1.3539050633254186,
    1.380066905742854,
    0.9776722316548473,
    1.105886848688485,
    1.637034019356142,
    0.7611936044083767,
    1.0759980181024558,
    0.5214306489729756,
    0.9241480180587527,
    1.8252727757424985,
    0.7034171839499839,
    1.3518497790248187,
    2.437424137005222,
    1.5596238986140047
  ],
  "waypoint_distance_mean": 1.4085945864442329,
  "waypoint_distance_std": 0.8135483055821651,
  "speed": [
    7.737140680837167,
    8.33433333028937,
    8.314858772910517,
    8.382874401746847,
    8.374715684216728,
    7.6522890297165285,
    7.271041673842663,
    8.337780497375544,
    7.30339101241693,
    2.350217878438951,
    8.336872800564642,
    1.8205228823307522,
    4.045887175747091,
    2.4594903534072987,
    8.10526080979601,
    5.597095632934462,
    8.626228504102418,
    2.4728594390587375,
    8.363852621213006,
    9.247367540814157,
    8.363578845270812,
    7.736749579772355,
    8.372482454383878,
    7.607108479575772,
    8.414387910257956,
    8.380573130645905,
    8.407301119688011,
    8.396718869438988,
    3.336838772797047,
    7.6982563912063515,
    8.397520794630958,
    8.411241036981343,
    8.395196410157942,
    8.416446410512318,
    18.29796719436146,
    2.217109480323558,
    8.3644975731737,
    8.207239704168611,
    8.323547542029958,
    8.409752178944768,
    8.419715803520322,
    7.4322601800602754,
    8.39471780117347,
    5.927637380387209,
    7.5361123148022875,
    8.380048606072123,
    8.170365823864936,
    8.181783058326786,
    8.360785489039245,
    8.282603278839723
  ],
  "speed_mean": 7.527492486723357,
  "speed_std": 2.509056956613369,
  "total_reward": [
    3015.8331450210794,
    2890.3908887974817,
    2926.8957574262326,
    3286.3259165006193,
    3257.3609178141655,
    1477.4948913997243,
    1302.0666694669205,
    2771.878180058338,
    1422.2662856369975,
    -923.7507415799121,
    3128.579632598262,
    -1000.0,
    -1000.0,
    59.74449871224687,
    2201.6655114284717,
    514.6823859761478,
    -1000.0,
    69.96837635019509,
    3184.6827366408847,
    -1000.0,
    3115.462599757233,
    1783.5092218367975,
    2699.303991871636,
    1380.1131363733757,
    4093.291658141647,
    2683.998930061948,
    4250.297717214513,
    3361.6039519659016,
    -1000.0,
    1283.2660722142416,
    3738.326806146766,
    2619.7199535251266,
    3369.3849186786374,
    3206.881440583645,
    -440.6566408945637,
    52.10231382561031,
    3115.1187716221402,
    2643.612681834566,
    2330.336971860579,
    4119.022983438912,
    3228.8702880479327,
    1540.402217503113,
    4107.268096021338,
    118.96862434140326,
    1294.863233827981,
    2782.5215517909355,
    2097.306047544817,
    2359.2319570585787,
    2755.3143268798544,
    2677.7674146556324
  ],
  "total_reward_mean": 1959.065925799563,
  "total_reward_std": 1566.2497776840785,
  "timesteps": [
    472,
    469,
    512,
    512,
    512,
    260,
    183,
    431,
    199,
    33,
    512,
    33,
    33,
    33,
    336,
    96,
    33,
    33,
    512,
    33,
    502,
    271,
    474,
    249,
    512,
    448,
    512,
    512,
    33,
    233,
    512,
    512,
    512,
    469,
    33,
    33,
    450,
    368,
    364,
    512,
    487,
    210,
    512,
    106,
    240,
    430,
    320,
    332,
    482,
    396
  ],
  "timesteps_mean": 325.26,
  "timesteps_std": 185.18270005591773
}