{
  "collision_rate": [
    1.0,
    1.0,
    1.0,
    0.0,
    1.0,
    1.0,
    0.0,
    1.0,
    1.0,
    1.0,
    1.0,
    1.0,
    0.0,
    1.0,
    0.0,
    0.0,
    1.0,
    1.0,
    1.0,
    1.0,
    0.0,
    1.0,
    1.0,
    0.0,
    1.0,
    1.0,
    1.0,
    1.0,
    1.0,
    0.0,
    1.0,
    1.0,
    1.0,
    1.0,
    1.0,
    1.0,
    0.0,
    1.0,
    1.0,
    0.0,
    1.0,
    1.0,
    1.0,
    0.0,
    1.0,
    1.0,
    1.0,
    1.0,
    1.0,
    0.0
  ],
  "collision_rate_mean": 0.76,
  "collision_rate_std": 0.4270831300812525,
  "similarity": [
    0.9962001222977414,
    0.9873308700610333,
    0.9885736599389243,
    0.9723233567024658,
    0.99562963387848,
    0.9944280314923958,
    0.9784778695075292,
    0.9908300010083452,
    0.9808022560091014,
    0.10241787792283444,
    0.9932558761065919,
    0.9935534375589131,
    0.8121050950930709,
    0.9597853382657622,
    0.985620261222078,
    0.9958070303073818,
    0.9945724793428382,
    0.993386065543732,
    0.9342007278765296,
    0.942371157198481,
    0.7972605512144118,
    0.9902756582836816,
    0.9934423534141167,
    0.7509791395739405,
    0.9866038530662786,
    0.9979161821411331,
    0.9922276344177703,
    0.9199233466995486,
    0.9999435268600436,
    0.9794961400693473,
    0.9956719347544064,
    0.9946886631829419,
    0.9909878804870771,
    0.8868992189951559,
    0.8063645127989452,
    -0.2736929406904216,
    0.964303954919045,
    0.8670083217860692,
    0.9640512857468161,
    0.9848821889716615,
    0.9955757103602829,
    0.9946856724310963,
    0.9927379293074772,
    0.6749743117918329,
    0.9957119654110108,
    0.9923458999630256,
    0.9951506491146491,
    0.9916863257184342,
    0.9448111612485239,
    0.9773816331178843
  ],
  "similarity_mean": 0.9147193162498084,
  "similarity_std": 0.2191801518242722,
  "waypoint_distance": [
    0.6121002056613382,
    0.7210141913513779,
    0.932570269647971,
    2.245489886152947,
    0.6804985939954675,
    0.7573681147022326,
    1.5939938704415946,
    0.6523226451612679,
    1.4879261205578025,
    15.385877533849825,
    0.8875808868749514,
    0.6815401195157464,
    3.7470644083659312,
    0.9068796259558348,
    1.3251250803616885,
    0.6929221549008836,
    0.7167424735120788,
    0.7790048522349406,
    2.3366698376425723,
    1.0374798749181926,
    3.4567123603366983,
    0.8827099812497896,
    0.8214507683318074,
    4.614069631995862,
    0.7907100934985819,
    0.5114701863201504,
    0.8179196847111371,
    3.3787854935287407,
    0.39058547617339895,
    1.5424831877127636,
    0.6375718736086324,
    0.7192222516710757,
    0.8116159419462311,
    2.620695647766131,
    2.7222300871937093,
    23.641699740781718,
    3.116316655568837,
    1.7360008703358383,
    1.9810537856169421,
    1.3615881179591336,
    0.6762054424417385,
    0.5795868080765822,
    0.8244354056720594,
    3.823692047266816,
    0.6922785847294797,
    0.7040508020464544,
    0.7398931768993103,
    0.9126867235304935,
    1.2497462401602166,
    1.524109889002651
  ],
  "waypoint_distance_mean": 2.1292349540387523,
  "waypoint_distance_std": 3.7812680692084917,
  "speed": [
    6.828046225999086,
    6.4010993226452495,
    8.376416617048742,
    8.683523719518492,
    7.973602086770717,
    7.828804641343002,
    8.784077687808303,
    6.829042125945829,
    8.723204355202183,
    7.194712998071388,
    8.333017129644167,
    7.665564850159395,
    8.753114347859995,
    7.269299020447725,
    8.898270265201257,
    7.966604752922367,
    8.121634609035734,
    8.112085149683343,
    7.372232465817025,
    8.683004675855301,
    8.861585061255667,
    8.36152349512081,
    7.9452548779347225,
    8.781294616793168,
    7.879159126759836,
    5.67473629250831,
    7.735196210019742,
    7.5976863836659865,
    1.4304030830688477,
    8.686943133196067,
    7.73666667136103,
    8.01249689443296,
    7.395648152668255,
    8.471577425257413,
    8.624958839927364,
    8.587062965940904,
    8.599990739132375,
    8.030475438229898,
    8.64478704719793,
    8.94327268679852,
    7.9550400027287935,
    6.343887388246405,
    8.311987208495628,
    8.76279267450343,
    7.1717577483020545,
    7.39477467484493,
    7.996356273545499,
    7.9635526585386724,
    5.94878334247971,
    8.802730865748392
  ],
  "speed_mean": 7.8289947805136535,
  "speed_std": 1.203690244826646,
  "total_reward": [
    2817.731842248034,
    347.09717168150104,
    3338.8345701891276,
    3038.563628537593,
    2758.224513026141,
    2688.6412247504522,
    3548.3793366171126,
    433.233794526546,
    3608.781861973362,
    -4.985941711839104,
    3343.3667513089713,
    1976.42608923805,
    2533.353315985183,
    1736.0533873167758,
    4446.786316774613,
    2599.3412864430707,
    2878.9483519775426,
    3092.2832661857587,
    1045.3451765642603,
    3526.3323483539857,
    2819.575757743113,
    3330.2196961511827,
    2674.9010772329475,
    2439.5827419319194,
    2721.7872594368923,
    1121.614521120069,
    2432.7135550330613,
    1444.4581259869612,
    36.21097209315824,
    3542.910350158132,
    1922.6216997922584,
    2871.0901053957446,
    2006.3023660158415,
    2439.2096960395597,
    2791.225178736282,
    -18.282139880360646,
    2432.274471519913,
    2154.8604655597,
    2727.475931034865,
    4305.202723994337,
    2775.038904365929,
    1729.1165911558467,
    3247.884263449258,
    2612.344454430138,
    2803.822267185635,
    1989.87173988071,
    2858.861638959334,
    2525.4307030524187,
    728.5378788130622,
    3630.2239079558854
  ],
  "total_reward_mean": 2416.996503926601,
  "total_reward_std": 1050.3915212740358,
  "timesteps": [
    418,
    58,
    419,
    512,
    350,
    348,
    512,
    67,
    504,
    290,
    407,
    262,
    512,
    260,
    512,
    328,
    359,
    387,
    240,
    453,
    512,
    416,
    342,
    512,
    353,
    201,
    320,
    380,
    33,
    512,
    316,
    363,
    277,
    452,
    483,
    437,
    512,
    363,
    452,
    512,
    353,
    277,
    400,
    512,
    396,
    274,
    362,
    329,
    153,
    512
  ],
  "timesteps_mean": 370.28,
  "timesteps_std": 122.54354980985332
}